timestamp,close,volume,log_volume,returns_scaled,buy_pressure,next_day_return,pressure_bin,day_sin,day_cos,month_sin,month_cos,ema_12,ema_26,ema_gap,rsi,volatility_7d,daily_momentum,target
2018-03-09 00:00:00+00:00,9227.0,64112.291407,20.15601606111361,-0.1817542838996043,0.4861223045382706,-1.7198802456398603,Bearish (<49%),-0.433883739117558,-0.9009688679024191,0.8660254037844386,0.5000000000000001,10256.918247585378,10284.560977788311,-0.10041205581684683,40.47899649173097,1.4954150578424064,-0.004814682192147202,-1.7198802456398603
2018-03-10 00:00:00+00:00,8770.22,37180.012857,19.648009409516465,-1.7198802456398603,0.4744438186141964,2.9796291276150897,Bearish (<49%),-0.9749279121818236,-0.2225209339563146,0.8660254037844386,0.5000000000000001,10028.19544026455,10172.387572026215,-0.12544384956974514,37.319007635899105,1.1652261471272032,-0.049504714425056995,2.9796291276150897
2018-03-11 00:00:00+00:00,9533.57,44325.973386,19.81566538726757,2.9796291276150897,0.4771515508485173,-1.4681562948894031,Bearish (<49%),-0.7818314824680299,0.6234898018587334,0.8660254037844386,0.5000000000000001,9952.099218685387,10125.067751876124,-0.042054365565365896,45.040479008023894,1.9660918534877507,0.08703886561568597,-1.4681562948894031
2018-03-12 00:00:00+00:00,9131.34,42230.77793,19.79581994666499,-1.4681562948894031,0.4586630582109194,0.0542886439695231,Bearish (<49%),0.0,1.0,0.8660254037844386,0.5000000000000001,9825.828569656866,10051.458288774189,-0.07067989887402626,42.09769775848906,1.9507488964342523,-0.04219091064522518,0.0542886439695231
2018-03-13 00:00:00+00:00,9150.0,40191.409358,19.721836477156387,0.0542886439695231,0.4940472942894605,-3.702306373615503,Neutral,0.7818314824680298,0.6234898018587336,0.8660254037844386,0.5000000000000001,9721.85494355581,9984.683600716842,-0.058821587739782945,42.286087547494816,1.9140042842937377,0.002043511686127042,-3.702306373615503
2018-03-14 00:00:00+00:00,8170.0,49708.094108,19.87008606809895,-3.702306373615503,0.4603541965475833,0.282972283987459,Bearish (<49%),0.9749279121818236,-0.2225209339563143,0.8660254037844386,0.5000000000000001,9483.108029162608,9850.262593256335,-0.1384681082535933,35.714053658870114,2.1253620803112008,-0.10710382513661199,0.282972283987459
2018-03-15 00:00:00+00:00,8240.98,52291.022277,19.86082558108074,0.282972283987459,0.5051375762186651,0.0633909511855333,Neutral,0.4338837391175582,-0.900968867902419,0.8660254037844386,0.5000000000000001,9292.011409291437,9731.056475237347,-0.11311129130130762,36.4840342851663,2.0736552611179073,0.00868788249694008,0.0633909511855333
2018-03-16 00:00:00+00:00,8260.0,38815.409893,19.59116398740784,0.0633909511855333,0.5165328421951234,-1.8294294593258835,Bullish (>51%),-0.433883739117558,-0.9009688679024191,0.8660254037844386,0.5000000000000001,9133.240423246601,9622.08932892347,-0.09561123793740994,36.70281415488791,2.0826944007041295,0.0023079779346630858,-1.8294294593258835
2018-03-17 00:00:00+00:00,7824.8,33110.206329,19.398905777492374,-1.8294294593258835,0.4734871539374514,1.5902565331899436,Bearish (<49%),-0.9749279121818236,-0.2225209339563146,0.8660254037844386,0.5000000000000001,8931.941896593278,9488.95678604025,-0.12395310106255301,33.831329034100065,2.0937582360290943,-0.052687651331719154,1.5902565331899436
2018-03-18 00:00:00+00:00,8189.99,59488.231711,19.9430601514183,1.5902565331899436,0.4743208863742788,1.7069836807916912,Bearish (<49%),-0.7818314824680299,0.6234898018587334,0.8660254037844386,0.5000000000000001,8817.795450963544,9392.737024111342,-0.07119755209279005,38.20057330272612,1.743609684012713,0.04667084142725697,1.7069836807916912
2018-03-19 00:00:00+00:00,8600.0,55297.084942,19.952490765156625,1.7069836807916912,0.4930336706283152,1.2245120100621485,Neutral,0.0,1.0,0.8660254037844386,0.5000000000000001,8784.288458507614,9334.015763066058,-0.020979326826309937,42.769768113546505,1.9193404517574417,0.05006233218843992,1.2245120100621485
2018-03-20 00:00:00+00:00,8909.98,44865.105835,19.77620500769571,1.2245120100621485,0.5092829898146611,-0.1125374805870456,Neutral,0.7818314824680298,0.6234898018587336,0.8660254037844386,0.5000000000000001,8803.625618737211,9302.605706542645,0.01208074784966197,46.01927774043665,2.0007166218079666,0.036044186046511495,-0.1125374805870456
2018-03-21 00:00:00+00:00,8885.0,39972.405371,19.69648331737476,-0.1125374805870456,0.4765159019631818,-0.6439678459256205,Bearish (<49%),0.9749279121818236,-0.2225209339563143,0.8660254037844386,0.5000000000000001,8816.144754316101,9271.671950502448,0.007810131026964991,45.79362490845237,1.2357531564949449,-0.0028035977634067732,-0.6439678459256205
2018-03-22 00:00:00+00:00,8722.9,40617.556809,19.68707644684186,-0.6439678459256205,0.4817513694881873,0.6749602913452609,Bearish (<49%),0.4338837391175582,-0.900968867902419,0.8660254037844386,0.5000000000000001,8801.79940749824,9231.022176391156,-0.008964008817449975,44.27640475384195,1.3005993688208666,-0.01824423185143509,0.6749602913452609
2018-03-23 00:00:00+00:00,8898.03,39991.007666,19.64667604086267,0.6749602913452609,0.502782764438682,-1.3743726156614682,Neutral,-0.433883739117558,-0.9009688679024191,0.8660254037844386,0.5000000000000001,8816.604114036973,9206.35608925107,0.00923551572803291,46.3447270121976,1.303721877932032,0.020077038599548347,-1.3743726156614682
2018-03-24 00:00:00+00:00,8546.86,35466.609572,19.56252757031316,-1.3743726156614682,0.4878421788492459,-0.3249504310002124,Bearish (<49%),-0.9749279121818236,-0.2225209339563146,0.8660254037844386,0.5000000000000001,8775.105019569746,9157.504527084326,-0.02601051714603146,42.905699818887825,1.1811863001011038,-0.03946603911202817,-0.3249504310002124
2018-03-25 00:00:00+00:00,8470.15,29001.769316,19.32499270520386,-0.3249504310002124,0.4958064525417453,-1.3810233080592864,Neutral,-0.7818314824680299,0.6234898018587334,0.8660254037844386,0.5000000000000001,8728.188862712863,9106.589376929931,-0.029563849587995798,42.16957116227556,1.0879270535048116,-0.008975225989427793,-1.3810233080592864
2018-03-26 00:00:00+00:00,8134.23,44033.59566,19.69724326818833,-1.3810233080592864,0.4759378970960919,-1.4492403607776767,Bearish (<49%),0.0,1.0,0.8660254037844386,0.5000000000000001,8636.810576141652,9034.562756416602,-0.05819052898184223,39.01299287197985,0.9787639333931658,-0.039659274038830516,-1.4492403607776767
2018-03-27 00:00:00+00:00,7795.51,37427.64805,19.51129330811332,-1.4492403607776767,0.4932819203690251,0.6629479914723511,Neutral,0.7818314824680298,0.6234898018587336,0.8660254037844386,0.5000000000000001,8507.379718273705,8942.781070756113,-0.08367673030329435,36.080233803794115,0.8007747696255564,-0.041641310855483504,0.6629479914723511
2018-03-28 00:00:00+00:00,7949.3,26401.33167,19.158734811765573,0.6629479914723511,0.5183608658100692,-3.735902530617633,Bullish (>51%),0.9749279121818236,-0.2225209339563143,0.8660254037844386,0.5000000000000001,8421.521300077751,8869.189880329735,-0.05607315866711532,38.34642889494836,0.9318477657899734,0.01972802292601772,-3.735902530617633
2018-03-29 00:00:00+00:00,7090.14,54620.915125,19.82085621175987,-3.735902530617633,0.4500988585002218,-1.2291818154657856,Bearish (<49%),0.4338837391175582,-0.900968867902419,0.8660254037844386,0.5000000000000001,8216.693407758097,8737.408407712719,-0.13710544520188858,31.605043639652138,1.5274239686079707,-0.10807995672574944,-1.2291818154657856
2018-03-30 00:00:00+00:00,6840.23,65306.031976,19.92554007753857,-1.2291818154657856,0.4891491583922842,0.4050043450417862,Bearish (<49%),-0.433883739117558,-0.9009688679024191,0.8660254037844386,0.5000000000000001,8004.929806564544,8596.876673808072,-0.14549781630932204,29.955387484988762,1.3395652151323056,-0.03524754095123661,0.4050043450417862
2018-03-31 00:00:00+00:00,6923.91,36868.539087,19.369793044490237,0.4050043450417862,0.5176780550474759,-0.567310431333281,Bullish (>51%),-0.9749279121818236,-0.2225209339563146,0.8660254037844386,0.5000000000000001,7838.619067093076,8472.953216488955,-0.1166926290541496,31.249393489423042,1.4764493631754423,0.012233506768047242,-0.567310431333281
2018-04-01 00:00:00+00:00,6813.01,44071.430463,19.5108256144012,-0.567310431333281,0.496904693810324,1.2114815154830223,Neutral,-0.7818314824680299,0.6234898018587334,1.0,6.123233995736766e-17,7680.833056771065,8349.994459711996,-0.11298553820357181,30.446616078768145,1.4605323649804371,-0.016016961514519923,1.2114815154830223
2018-04-02 00:00:00+00:00,7056.0,32123.560072,19.22859378825006,1.2114815154830223,0.5094604568833233,1.6873271047407772,Neutral,0.0,1.0,1.0,6.123233995736766e-17,7584.704894190901,8254.143018251847,-0.06970671918901339,34.42177716294897,1.6734465150782685,0.035665586869827015,1.6873271047407772
2018-04-03 00:00:00+00:00,7405.21,37787.331811,19.439817093720468,1.6873271047407772,0.5086056507277749,-2.847042377746359,Neutral,0.7818314824680298,0.6234898018587336,1.0,6.123233995736766e-17,7557.090295084608,8191.259090973932,-0.02009772136550976,39.75106070579589,1.8420013032660585,0.04949121315192739,-2.847042377746359
2018-04-04 00:00:00+00:00,6796.1,42227.183804,19.510735127138272,-2.847042377746359,0.4807188255134628,-0.1443741970025743,Bearish (<49%),0.9749279121818236,-0.2225209339563143,1.0,6.123233995736766e-17,7440.014865071592,8087.913973124011,-0.08654752399683484,34.48660613331214,2.0287046642776985,-0.08225425072347703,-0.1443741970025743
2018-04-05 00:00:00+00:00,6770.76,39029.73146,19.389362543742237,-0.1443741970025743,0.4865804093851687,-0.8769989317321667,Bearish (<49%),0.4338837391175582,-0.900968867902419,1.0,6.123233995736766e-17,7337.052578137501,7990.347012151862,-0.0771825705358722,34.28319183637991,1.5342404943104258,-0.0037286090551934548,-0.8769989317321667
2018-04-06 00:00:00+00:00,6601.39,27455.01192,19.020285080996388,-0.8769989317321667,0.5018414671298383,1.518920501228791,Neutral,-0.433883739117558,-0.9009688679024191,1.0,6.123233995736766e-17,7223.8737199625,7887.46130754802,-0.08617034905279757,32.88692369786364,1.500734196768871,-0.02501491708464043,1.518920501228791
2018-04-07 00:00:00+00:00,6895.8,32269.578267,19.21964572153759,1.518920501228791,0.5101007546427505,0.5938686207430457,Bullish (>51%),-0.9749279121818236,-0.2225209339563146,1.0,6.123233995736766e-17,7173.400839968269,7814.004914396315,-0.03869863767009243,37.64121692207893,1.6247715686450117,0.0445981831099207,0.5938686207430457
2018-04-08 00:00:00+00:00,7018.0,21427.673165,18.82592813944746,0.5938686207430457,0.523230677435993,-1.1699036025533218,Bullish (>51%),-0.7818314824680299,0.6234898018587334,1.0,6.123233995736766e-17,7149.493018434689,7755.041587403995,-0.01839193605695382,39.55521281785345,1.6167604386065257,0.01772093158154231,-1.1699036025533218
2018-04-09 00:00:00+00:00,6782.72,34078.297206,19.27215538550495,-1.1699036025533218,0.50021362549179,0.2944023065277225,Neutral,0.0,1.0,1.0,6.123233995736766e-17,7093.066400213967,7683.017766114811,-0.04375348864697014,37.18847459618604,1.6099765552126735,-0.03352522086064402,0.2944023065277225
2018-04-10 00:00:00+00:00,6843.9,22326.728095,18.83555375375561,0.2944023065277225,0.513127041600226,0.5365874192464225,Bullish (>51%),0.7818314824680298,0.6234898018587336,1.0,6.123233995736766e-17,7054.733107873357,7620.86089455075,-0.02988534146501719,38.22356547723635,1.415497073842937,0.009019980184940435,0.5365874192464225
2018-04-11 00:00:00+00:00,6953.79,23997.871177,18.92305477387858,0.5365874192464225,0.5221571037521701,4.781042274272234,Bullish (>51%),0.9749279121818236,-0.2225209339563143,1.0,6.123233995736766e-17,7039.203398969764,7571.448235695139,-0.012133958081430737,40.13195746547528,0.9230519553440112,0.016056634375136936,4.781042274272234
2018-04-12 00:00:00+00:00,7923.0,64861.595987,20.000022790079864,4.781042274272234,0.5118416727157614,-0.2140879929721108,Bullish (>51%),0.4338837391175582,-0.900968867902419,1.0,6.123233995736766e-17,7175.17210682057,7597.489107125129,0.10422438403513144,53.71336427202687,1.9758975989153955,0.1393786697613819,-0.2140879929721108
2018-04-13 00:00:00+00:00,7877.41,55044.523148,19.902022802049043,-0.2140879929721108,0.4993245734929878,0.5152454255796003,Neutral,-0.433883739117558,-0.9009688679024191,1.0,6.123233995736766e-17,7283.2087057712515,7618.223988078823,0.08158509775477123,53.10311664501278,1.895764588189449,-0.005754133535277095,0.5152454255796003
2018-04-14 00:00:00+00:00,7999.01,31621.286357,19.348381182146827,0.5152454255796003,0.5149526765344677,1.5156877989273003,Bullish (>51%),-0.9749279121818236,-0.2225209339563146,1.0,6.123233995736766e-17,7393.331981806443,7646.430359332244,0.0819221995825446,54.58519070309878,1.8795528322650048,0.015436545768215737,1.5156877989273003
2018-04-15 00:00:00+00:00,8355.0,27946.720444,19.254837347522027,1.5156877989273003,0.5231191305718562,-1.2110020260902536,Bullish (>51%),-0.7818314824680299,0.6234898018587334,1.0,6.123233995736766e-17,7541.280907682374,7698.916999381707,0.10790197345502439,58.70013071168042,1.897975521498137,0.044504257401853486,-1.2110020260902536
2018-04-16 00:00:00+00:00,8064.92,36664.069715,19.50525339138888,-1.2110020260902536,0.4885692885225848,-0.7837809871427769,Bearish (<49%),0.0,1.0,1.0,6.123233995736766e-17,7621.840768038932,7726.02833276084,0.05813283764980447,54.37656140080237,1.9054733474036414,-0.034719329742669,-0.7837809871427769
2018-04-17 00:00:00+00:00,7885.02,32152.603567,19.369329330166032,-0.7837809871427769,0.4871392448005546,1.2409716466547491,Bearish (<49%),0.7818314824680298,0.6234898018587336,1.0,6.123233995736766e-17,7662.329880648327,7737.8054932970745,0.02906297729546864,51.82704469429347,2.0025806149197956,-0.022306482891336743,1.2409716466547491
2018-04-18 00:00:00+00:00,8173.0,26969.04457,19.19839496705405,1.2409716466547491,0.5398467955070015,0.4261255275558805,Bullish (>51%),0.9749279121818236,-0.2225209339563143,1.0,6.123233995736766e-17,7740.8945143947385,7770.042123423216,0.055821130852736836,55.42958345154283,2.008681289879416,0.03652241845930626,0.4261255275558805
2018-04-19 00:00:00+00:00,8278.0,27113.847464,19.221224342362163,0.4261255275558805,0.5070322810605601,2.391195678059334,Neutral,0.4338837391175582,-0.900968867902419,1.0,6.123233995736766e-17,7823.526127564779,7807.668632799275,0.0580906697344519,56.70102000293042,1.0078238744925274,0.012847179738162184,2.391195678059334
2018-04-20 00:00:00+00:00,8856.98,39795.337485,19.63644944362037,2.391195678059334,0.5299089040505973,0.2106223794186351,Bullish (>51%),-0.433883739117558,-0.9009688679024191,1.0,6.123233995736766e-17,7982.519031016352,7885.395400740069,0.10954699457475765,62.97325696958607,1.270702747206375,0.06994201497946362,0.2106223794186351
2018-04-21 00:00:00+00:00,8915.31,40872.229909,19.69859887478146,0.2106223794186351,0.5173645391523822,-0.5113091759304091,Bullish (>51%),-0.9749279121818236,-0.2225209339563146,1.0,6.123233995736766e-17,8126.025333936913,7961.68537105562,0.09713047075632146,63.54618604499088,1.2786777547174975,0.006585766254411762,-0.5113091759304091
2018-04-22 00:00:00+00:00,8787.02,29458.25348,19.38310811454484,-0.5113091759304091,0.5070870588489484,0.5596971045792516,Neutral,-0.7818314824680299,0.6234898018587334,1.0,6.123233995736766e-17,8227.716821023541,8022.821269495944,0.06797793253498008,61.29957282159717,1.2504740937998091,-0.014389852960805527,0.5596971045792516
2018-04-23 00:00:00+00:00,8934.01,25838.114709,19.25252251745827,0.5596971045792516,0.5126769196665075,2.6266459713936783,Bullish (>51%),0.0,1.0,1.0,6.123233995736766e-17,8336.377310096843,8090.316731014763,0.07168973616145198,62.91724487335108,1.0715331696270787,0.016728083013353823,2.6266459713936783
2018-04-24 00:00:00+00:00,9619.99,46268.790106,19.88210587984439,2.6266459713936783,0.5356680039227132,-2.6993358689387983,Bullish (>51%),0.7818314824680298,0.6234898018587336,1.0,6.123233995736766e-17,8533.856185466559,8203.625862050705,0.12727350812205662,69.35510097977608,1.1596976656365288,0.07678298994516464,-2.6993358689387983
2018-04-25 00:00:00+00:00,8869.99,81110.037589,20.429079675985577,-2.6993358689387983,0.4786585601492218,1.520567901059962,Bearish (<49%),0.9749279121818236,-0.2225209339563143,1.0,6.123233995736766e-17,8585.569080010166,8252.986168565467,0.03312778889078572,57.58425858953871,1.798856352978351,-0.077962659004843,1.520567901059962
2018-04-26 00:00:00+00:00,9266.0,43300.304245,19.76887504890675,1.520567901059962,0.5228755208946223,-1.3184993936503453,Bullish (>51%),0.4338837391175582,-0.900968867902419,1.0,6.123233995736766e-17,8690.250760008601,8328.024230153209,0.0662523160598451,61.31739940994498,1.845512656294762,0.04464604807897188,-1.3184993936503453
2018-04-27 00:00:00+00:00,8915.35,37241.347036,19.65267429808578,-1.3184993936503453,0.4972323975580055,1.654198328392335,Neutral,-0.433883739117558,-0.9009688679024191,1.0,6.123233995736766e-17,8724.88141231497,8371.529842734453,0.021830507336889276,56.569696525689785,1.7717110784254237,-0.03784265055039926,1.654198328392335
2018-04-28 00:00:00+00:00,9348.0,34759.62842,19.588986575647034,1.654198328392335,0.5250813164762824,0.2453649776408847,Bullish (>51%),-0.9749279121818236,-0.2225209339563146,1.0,6.123233995736766e-17,8820.74581042036,8443.860965494865,0.059774332115632475,60.62114599545213,1.8738497998839163,0.04852866124156652,0.2453649776408847
2018-04-29 00:00:00+00:00,9419.0,38149.850035,19.69326005383387,0.2453649776408847,0.5076021311809594,-0.6481611801722306,Neutral,-0.7818314824680299,0.6234898018587334,1.0,6.123233995736766e-17,8912.784916509536,8516.09348656932,0.056796510656594,61.259829087360465,1.8434023966653477,0.0075952075310226075,-0.6481611801722306
2018-04-30 00:00:00+00:00,9246.01,35002.033875,19.59939539774506,-0.6481611801722306,0.4988621258798207,-0.665720440313707,Neutral,0.0,1.0,1.0,6.123233995736766e-17,8964.050313969608,8570.161376453074,0.031454496143443644,58.759220573391104,1.8788549047971022,-0.018366068584775408,-0.665720440313707
2018-05-01 00:00:00+00:00,9071.48,41018.463633,19.725462264174304,-0.665720440313707,0.488808357704293,0.6530744861287288,Bearish (<49%),0.7818314824680298,0.6234898018587336,0.8660254037844387,-0.4999999999999998,8980.577957974285,8607.296089308402,0.010122070366863025,56.26386047929351,1.553213410969004,-0.018876250404228467,0.6530744861287288
2018-05-02 00:00:00+00:00,9247.84,26123.543961,19.289552073517704,0.6530744861287288,0.5344012875451222,1.8528427705909003,Bullish (>51%),0.9749279121818236,-0.2225209339563143,0.8660254037844387,-0.4999999999999998,9021.69519520901,8654.743786396668,0.025066775134576197,58.19579266177344,1.1431227999170968,0.01944114962497867,1.8528427705909003
2018-05-03 00:00:00+00:00,9750.0,38768.388288,19.718221388983235,1.8528427705909003,0.5440809193899084,-0.1431600894957948,Bullish (>51%),0.4338837391175582,-0.900968867902419,0.8660254037844387,-0.4999999999999998,9133.742088253777,8735.873876293212,0.067470474400492,63.18268763490595,1.211660016171538,0.05430024740912476,-0.1431600894957948
2018-05-04 00:00:00+00:00,9713.99,28681.588879,19.44156929218256,-0.1431600894957948,0.515295704723709,0.5154564129211352,Bullish (>51%),-0.433883739117558,-0.9009688679024191,0.8660254037844387,-0.4999999999999998,9223.010997753196,8808.326922493714,0.05323413388170206,62.605932583261925,1.0245325210748668,-0.0036933333333333263,0.5154564129211352
2018-05-05 00:00:00+00:00,9864.0,24990.018345,19.3241194958244,0.5154564129211352,0.5206816623087197,-0.7312991373690229,Bullish (>51%),-0.9749279121818236,-0.2225209339563146,0.8660254037844387,-0.4999999999999998,9321.62469040655,8886.52492823492,0.058184632787419685,64.07704915717467,0.8757250103077475,0.015442675975577469,-0.7312991373690229
2018-05-06 00:00:00+00:00,9659.01,27690.351559,19.404104454584854,-0.7312991373690229,0.4802216732664777,-1.0636809708809116,Bearish (<49%),-0.7818314824680299,0.6234898018587334,0.8660254037844387,-0.4999999999999998,9373.530122651697,8943.746044661963,0.030455962013545387,60.57032631087757,0.9526002115613822,-0.020781630170316312,-1.0636809708809116
2018-05-07 00:00:00+00:00,9365.0,33787.640012,19.57130328116742,-1.0636809708809116,0.4681608065666045,-0.6681604183138967,Bearish (<49%),0.0,1.0,0.8660254037844387,-0.4999999999999998,9372.217796089897,8974.95004135367,-0.0007701267989000818,55.84935650586079,1.0190043862539448,-0.030438937323804427,-0.6681604183138967
2018-05-08 00:00:00+00:00,9187.56,25533.831889,19.28111264125335,-0.6681604183138967,0.512517961420342,0.4426300288831408,Bullish (>51%),0.7818314824680298,0.6234898018587336,0.8660254037844387,-0.4999999999999998,9343.808904383759,8990.698927179323,-0.016722185351035323,53.15656736259089,1.019294240171685,-0.018947143619861273,0.4426300288831408
2018-05-09 00:00:00+00:00,9310.0,25673.524899,19.27822641126028,0.4426300288831408,0.529622177417859,-1.1539339370933528,Bullish (>51%),0.9749279121818236,-0.2225209339563143,0.8660254037844387,-0.4999999999999998,9338.607534478564,9014.350858499372,-0.003063361895544248,54.776888471307295,1.0018158466078064,0.013326715689475854,-1.1539339370933528
2018-05-10 00:00:00+00:00,9002.2,25055.063718,19.260500725691177,-1.1539339370933528,0.5008224405745652,-2.3184047440722746,Neutral,0.4338837391175582,-0.900968867902419,0.8660254037844387,-0.4999999999999998,9286.85252917417,9013.450794906827,-0.03065113053964708,50.08655701472788,0.6836921615935339,-0.03306122448979587,-2.3184047440722746
2018-05-11 00:00:00+00:00,8400.0,48227.048061,19.85304683116244,-2.3184047440722746,0.4720889953331286,0.2541343360818848,Bearish (<49%),-0.433883739117558,-0.9009688679024191,0.8660254037844387,-0.4999999999999998,9150.41367853199,8968.0099952841,-0.08200871620619225,42.431455954200594,0.9782321801896847,-0.06689475905889675,0.2541343360818848
2018-05-12 00:00:00+00:00,8465.94,40241.32081,19.63826015470347,0.2541343360818848,0.4857190022983244,0.8530218629497053,Bearish (<49%),-0.9749279121818236,-0.2225209339563146,0.8660254037844387,-0.4999999999999998,9045.110035680915,8930.819625263055,-0.06403128689382653,43.450634702638965,0.9272839564020603,0.007850000000000135,0.8530218629497053
2018-05-13 00:00:00+00:00,8679.71,25632.869362,19.206660870688943,0.8530218629497053,0.4992436754260239,-0.0809561858459736,Neutral,-0.7818314824680299,0.6234898018587334,0.8660254037844387,-0.4999999999999998,8988.894645576158,8912.218912280607,-0.03439629206560148,46.742402428574685,1.1079088672788835,0.025250592373676106,-0.0809561858459736
2018-05-14 00:00:00+00:00,8663.34,37389.666533,19.585653680894684,-0.0809561858459736,0.4923300298694321,-0.8159262591580252,Neutral,0.0,1.0,0.8660254037844387,-0.4999999999999998,8938.809315487519,8893.783437296857,-0.030817226966709778,46.519086740454135,1.0899556797571486,-0.0018860077122391239,-0.8159262591580252
2018-05-15 00:00:00+00:00,8462.0,28126.956136,19.30585651136646,-0.8159262591580252,0.4969431309742773,-0.5529303104786184,Neutral,0.7818314824680298,0.6234898018587336,0.8660254037844387,-0.4999999999999998,8865.454036181747,8861.79947897857,-0.045508558787307224,43.75050504892399,1.097831474385586,-0.02324045922242457,-0.5529303104786184
2018-05-16 00:00:00+00:00,8330.0,31130.718908,19.364806667018456,-0.5529303104786184,0.5019833115381134,-1.2082254068072202,Neutral,0.9749279121818236,-0.2225209339563143,0.8660254037844387,-0.4999999999999998,8783.076492153787,8822.406924980156,-0.05158516979312828,41.98624831887852,1.0326056307233578,-0.015599149137319746,-1.2082254068072202
2018-05-17 00:00:00+00:00,8041.46,25439.844799,19.16018197777664,-1.2082254068072202,0.4909332033146261,0.8328987741564404,Neutral,0.4338837391175582,-0.900968867902419,0.8660254037844387,-0.4999999999999998,8668.98164720705,8764.559004611256,-0.07238700838745274,38.346118275338135,1.0381307500701458,-0.03463865546218492,0.8328987741564404
2018-05-18 00:00:00+00:00,8239.81,23476.158251,19.061852191304705,0.8328987741564404,0.5261918312155613,-0.0424428427633754,Bullish (>51%),-0.433883739117558,-0.9009688679024191,0.8660254037844387,-0.4999999999999998,8602.955239944427,8725.688707973384,-0.042211685382054095,42.06459234221953,0.8010553681060489,0.024665918875428128,-0.0424428427633754
2018-05-19 00:00:00+00:00,8233.49,17193.424276,18.77048355665889,-0.0424428427633754,0.507865589240927,1.2108032658442336,Neutral,-0.9749279121818236,-0.2225209339563146,0.8660254037844387,-0.4999999999999998,8546.11443379913,8689.2295444198,-0.036580885526494716,41.97771776338561,0.7867603037730717,-0.0007670079771256999,1.2108032658442336
2018-05-20 00:00:00+00:00,8526.98,19957.057109,18.936138943247727,1.2108032658442336,0.5327664743818917,-0.6042980486648337,Bullish (>51%),-0.7818314824680299,0.6234898018587334,0.8660254037844387,-0.4999999999999998,8543.17067475311,8677.211059647963,-0.001895159931775343,47.409521430376714,0.8696525914949845,0.03564588042251815,-0.6042980486648337
2018-05-21 00:00:00+00:00,8381.24,21516.596486,19.018146387280773,-0.6042980486648337,0.4990885248039688,-1.6756083944086844,Neutral,0.0,1.0,0.8660254037844387,-0.4999999999999998,8518.258263252632,8655.287277451818,-0.016085244074334124,45.14920369850224,0.8906050042267812,-0.017091631503768023,-1.6756083944086844
2018-05-22 00:00:00+00:00,7977.11,23710.902858,19.08509625715371,-1.6756083944086844,0.4977257570779593,-2.0661465044384566,Neutral,0.7818314824680298,0.6234898018587336,0.8660254037844387,-0.4999999999999998,8435.004684290689,8605.051923566498,-0.05428505394234928,39.52225851685259,1.0412770244189629,-0.04821840205029326,-2.0661465044384566
2018-05-23 00:00:00+00:00,7501.95,42910.666774,19.61834785805769,-2.0661465044384566,0.4868460651992944,0.3191424393738114,Bearish (<49%),0.9749279121818236,-0.2225209339563143,0.8660254037844387,-0.4999999999999998,8291.45780978443,8523.34066996898,-0.09521942074562112,34.13544839600452,1.2422932566441625,-0.05956543159114014,0.3191424393738114
2018-05-24 00:00:00+00:00,7575.01,37845.446595,19.465492663085424,0.3191424393738114,0.5023849092194865,-0.552231913835171,Neutral,0.4338837391175582,-0.900968867902419,0.8660254037844387,-0.4999999999999998,8181.235069817594,8453.093953674981,-0.07409945621219147,35.58914394805481,1.2328178256207838,0.009738801245009698,-0.552231913835171
2018-05-25 00:00:00+00:00,7457.0,26739.95664,19.1125750698651,-0.552231913835171,0.5172360756303754,-0.5839331739202226,Bullish (>51%),-0.433883739117558,-0.9009688679024191,0.8660254037844387,-0.4999999999999998,8069.814289845657,8379.309216365722,-0.0759390820947105,34.27330851134148,1.1294939727607871,-0.015578857321640549,-0.5839331739202226
2018-05-26 00:00:00+00:00,7333.96,19464.086071,18.796622470876983,-0.5839331739202226,0.5331848413094699,0.0075611335789447,Bullish (>51%),-0.9749279121818236,-0.2225209339563146,0.8660254037844387,-0.4999999999999998,7956.60593756171,8301.875941079372,-0.07825521867588162,32.907194063796766,1.1123654741471964,-0.01649993294890706,0.0075611335789447
2018-05-27 00:00:00+00:00,7338.99,18706.945515,18.733376976058697,0.0075611335789447,0.5483672866195335,-1.141525013550356,Bullish (>51%),-0.7818314824680299,0.6234898018587334,0.8660254037844387,-0.4999999999999998,7861.588101013755,8230.551056554974,-0.0664748768695177,33.02472492163248,0.8556285266233636,0.0006858504818678668,-1.141525013550356
2018-05-28 00:00:00+00:00,7099.0,27219.438963,19.09764261757256,-1.141525013550356,0.5293822488254495,1.740424430596481,Bullish (>51%),0.0,1.0,0.8660254037844387,-0.4999999999999998,7744.266854703947,8146.732459773124,-0.08332187756572527,30.29766342521789,0.865826804999977,-0.032700684971637806,1.740424430596481
2018-05-29 00:00:00+00:00,7461.29,39407.21183,19.478716299385336,1.740424430596481,0.5546175254490213,-0.4096568909456474,Bullish (>51%),0.7818314824680298,0.6234898018587336,0.8660254037844387,-0.4999999999999998,7700.731953980263,8095.958944234374,-0.031093401953369255,38.54746344132921,1.197809043637724,0.05103394844344278,-0.4096568909456474
2018-05-30 00:00:00+00:00,7375.96,32041.583623,19.28760009779289,-0.4096568909456474,0.5369880939233377,0.4928040985176375,Bullish (>51%),0.9749279121818236,-0.2225209339563143,0.8660254037844387,-0.4999999999999998,7650.7670379833,8042.625689105902,-0.03591888716765024,37.42395623359652,0.9303108211991155,-0.011436360200447915,0.4928040985176375
2018-05-31 00:00:00+00:00,7485.01,30776.063102,19.258004368768432,0.4928040985176375,0.5526702091371349,0.1494913489837907,Bullish (>51%),0.4338837391175582,-0.900968867902419,0.8660254037844387,-0.4999999999999998,7625.265955216638,8001.320823246206,-0.01839358207836475,39.83728287596896,0.9451929940921352,0.014784516185011976,0.1494913489837907
2018-06-01 00:00:00+00:00,7521.01,28259.124078,19.16953937703413,0.1494913489837907,0.5556154319455194,0.5286151846635307,Bullish (>51%),-0.433883739117558,-0.9009688679024191,0.4999999999999999,-0.8660254037844387,7609.226577491001,7965.742243746487,-0.011593369785039127,40.65101750277043,0.9216753414018097,0.004809612812808561,0.5286151846635307
2018-06-02 00:00:00+00:00,7640.03,26720.690219,19.13053973943317,0.5286151846635307,0.5815737167204648,0.31835527979597,Bullish (>51%),-0.9749279121818236,-0.2225209339563146,0.4999999999999999,-0.8660254037844387,7613.965565569308,7941.615410876377,0.003423240387184906,43.37776241289172,0.8923223842227596,0.015825002227094487,0.31835527979597
2018-06-03 00:00:00+00:00,7714.26,27505.158951,19.17085727627668,0.31835527979597,0.573016527411378,-1.029978879584162,Bullish (>51%),-0.7818314824680299,0.6234898018587334,0.4999999999999999,-0.8660254037844387,7629.395478558645,7924.774269329978,0.011123361173222098,45.07273775411318,0.889145525767408,0.009715930434828213,-1.029978879584162
2018-06-04 00:00:00+00:00,7487.0,32258.835115,19.313363185013515,-1.029978879584162,0.5496272805509828,0.6183401606272421,Bullish (>51%),0.0,1.0,0.4999999999999999,-0.8660254037844387,7607.4884818573155,7892.346545675906,-0.01583814187095543,41.02380536449598,0.8608119827935021,-0.029459727828722415,0.6183401606272421
2018-06-05 00:00:00+00:00,7625.0,31722.973384,19.286613102800946,0.6183401606272421,0.545840649594765,0.1367024370904648,Bullish (>51%),0.7818314824680298,0.6234898018587336,0.4999999999999999,-0.8660254037844387,7610.182561571574,7872.543097848061,0.0019470542669039153,44.296103957880746,0.6046027397838546,0.018431948711099322,0.1367024370904648
2018-06-06 00:00:00+00:00,7658.84,27229.991898,19.14826151390177,0.1367024370904648,0.5534921907232365,0.128837383134762,Bullish (>51%),0.9749279121818236,-0.2225209339563143,0.4999999999999999,-0.8660254037844387,7617.668321329794,7856.713238748205,0.005404761264667287,45.10051933940046,0.5623195425673214,0.004438032786885371,0.128837383134762
2018-06-07 00:00:00+00:00,7691.08,25062.227202,19.077936757840597,0.128837383134762,0.5751905082023046,-0.4082340116906283,Bullish (>51%),0.4338837391175582,-0.900968867902419,0.4999999999999999,-0.8660254037844387,7628.962425740595,7844.444109952042,0.00814233585026143,45.9020587751341,0.5444135980309086,0.004209514756803978,-0.4082340116906283
2018-06-08 00:00:00+00:00,7603.44,23396.804671,18.998440408304944,-0.4082340116906283,0.5572965420000963,-0.5217095422138054,Bullish (>51%),-0.433883739117558,-0.9009688679024191,0.4999999999999999,-0.8660254037844387,7625.035898703581,7826.591953659298,-0.0028322356760645292,44.02055875094296,0.5793233064599812,-0.01139501864497583,-0.5217095422138054
2018-06-09 00:00:00+00:00,7491.73,19339.885176,18.807106776391468,-0.5217095422138054,0.5508544660968571,-3.354750264190687,Bullish (>51%),-0.9749279121818236,-0.2225209339563146,0.4999999999999999,-0.8660254037844387,7604.527298903029,7801.787364499351,-0.014832913930008613,41.67563535728497,0.5681344877699328,-0.014692034131919218,-3.354750264190687
2018-06-10 00:00:00+00:00,6764.99,52342.020032,19.72179501723881,-3.354750264190687,0.4962790249615714,0.5283812469733372,Neutral,-0.7818314824680299,0.6234898018587334,0.4999999999999999,-0.8660254037844387,7475.367714456409,7724.9875597216205,-0.09502913322680157,30.349222759866038,1.314477860750428,-0.09700563154304809,0.5283812469733372
2018-06-11 00:00:00+00:00,6872.0,34552.162303,19.266792256011325,0.5283812469733372,0.5416930753238248,-1.7289133890576596,Bullish (>51%),0.0,1.0,0.4999999999999999,-0.8660254037844387,7382.5419122323465,7661.803296038538,-0.06915530156170395,33.226897387092976,1.3669496177282985,0.015818205200599067,-1.7289133890576596
2018-06-12 00:00:00+00:00,6530.0,36722.211191,19.31997912327557,-1.7289133890576596,0.5255602776101359,-1.266358980548585,Bullish (>51%),0.7818314824680298,0.6234898018587336,0.4999999999999999,-0.8660254037844387,7251.381618042755,7577.966014850498,-0.09948195475574285,29.090240854248933,1.3604312784787185,-0.04976717112922002,-1.266358980548585
2018-06-13 00:00:00+00:00,6292.78,46185.5181,19.503826309343804,-1.266358980548585,0.5492466990210076,1.861049526818768,Bullish (>51%),0.9749279121818236,-0.2225209339563143,0.4999999999999999,-0.8660254037844387,7103.9044460361765,7482.767050787498,-0.11418008958281618,26.615111809591397,1.311230409383326,-0.036327718223583494,1.861049526818768
2018-06-14 00:00:00+00:00,6635.98,44478.130837,19.48219606650413,1.861049526818768,0.5359536949149336,-1.2975299135483886,Bullish (>51%),0.4338837391175582,-0.900968867902419,0.4999999999999999,-0.8660254037844387,7031.916069722919,7420.042084062498,-0.05630557387163477,35.20474108049311,1.6639271554239796,0.05453869355038621,-1.2975299135483886
2018-06-15 00:00:00+00:00,6388.9,30018.329905,19.094604819602843,-1.2975299135483886,0.5394188317019897,0.4961613645506119,Bullish (>51%),-0.433883739117558,-0.9009688679024191,0.4999999999999999,-0.8660254037844387,6932.990520534777,7343.661188946758,-0.07847847460965643,32.27574336080767,1.6719879739624375,-0.037233385272408936,0.4961613645506119
2018-06-16 00:00:00+00:00,6483.98,22277.241147,18.783656034816858,0.4961613645506119,0.572361528066373,-0.1984838247180415,Bullish (>51%),-0.9749279121818236,-0.2225209339563146,0.4999999999999999,-0.8660254037844387,6863.911978914042,7279.981100876627,-0.055352105341850956,34.532978112731385,1.7454770725098276,0.01488206107467649,-0.1984838247180415
2018-06-17 00:00:00+00:00,6449.61,19847.247688,18.676258329098356,-0.1984838247180415,0.5647461607372872,1.3866265889851674,Bullish (>51%),-0.7818314824680299,0.6234898018587334,0.4999999999999999,-0.8660254037844387,6800.173212927266,7218.4721304413215,-0.05155210050544574,34.09065174631816,1.2868781726836906,-0.005300756634042614,1.3866265889851674
2018-06-18 00:00:00+00:00,6712.46,31821.434995,19.155787402860373,1.3866265889851674,0.5554304102180543,0.1313693097600142,Bullish (>51%),0.0,1.0,0.4999999999999999,-0.8660254037844387,6786.678872476918,7180.989750408631,-0.010935963506083807,40.38010814731129,1.406436967886166,0.040754402204164375,0.1313693097600142
2018-06-19 00:00:00+00:00,6741.21,24311.421143,18.91183470586593,0.1313693097600142,0.5285474914616347,0.0875986371781003,Bullish (>51%),0.7818314824680298,0.6234898018587336,0.4999999999999999,-0.8660254037844387,6779.683661326622,7148.413472600584,-0.005674846091431632,41.0428088474794,1.2110190727929497,0.004283079526730793,0.0875986371781003
2018-06-20 00:00:00+00:00,6761.51,26359.752452,18.985627074414182,0.0875986371781003,0.5177565136794177,-0.2332444104195427,Bullish (>51%),0.9749279121818236,-0.2225209339563143,0.4999999999999999,-0.8660254037844387,6776.887713430218,7119.753956111652,-0.0022691409509033294,41.53694950647862,1.0417158439965029,0.003011328826723947,-0.2332444104195427
2018-06-21 00:00:00+00:00,6718.84,25428.854048,18.958050100480467,-0.2332444104195427,0.5958780621965053,-3.467829119291844,Bullish (>51%),0.4338837391175582,-0.900968867902419,0.4999999999999999,-0.8660254037844387,6767.957295979415,7090.056626029307,-0.007257329476442406,40.763561880815175,0.8115213482301761,-0.006310720534318581,-3.467829119291844
2018-06-22 00:00:00+00:00,6045.0,52157.370833,19.6068785048025,-3.467829119291844,0.4857744942536375,0.5816671139498655,Bearish (<49%),-0.433883739117558,-0.9009688679024191,0.4999999999999999,-0.8660254037844387,6656.733096597966,7012.64502410121,-0.09189689412522828,30.96002561141063,1.5194160745421004,-0.10029112168171894,0.5816671139498655
2018-06-23 00:00:00+00:00,6149.98,26622.788589,18.90776126604533,0.5816671139498655,0.5675867255034078,-0.0888531894212197,Bullish (>51%),-0.9749279121818236,-0.2225209339563146,0.4999999999999999,-0.8660254037844387,6578.771081736741,6948.743911204824,-0.06517799090579449,33.63775193758302,1.5268042872730072,0.017366418527708705,-0.0888531894212197
2018-06-24 00:00:00+00:00,6136.97,47445.998955,19.464820430138765,-0.0888531894212197,0.5472836028097493,0.6290725741138437,Bullish (>51%),-0.7818314824680299,0.6234898018587334,0.4999999999999999,-0.8660254037844387,6510.801684546473,6888.612510374837,-0.05741715116799977,33.46452888258838,1.5279182118511285,-0.002115454033996711,0.6290725741138437
2018-06-25 00:00:00+00:00,6252.0,39164.515306,19.307995356903096,0.6290725741138437,0.5613769814899697,-1.013671681807437,Bullish (>51%),0.0,1.0,0.4999999999999999,-0.8660254037844387,6470.986040770093,6841.45602812485,-0.03384121668481172,36.57453263346302,1.4172351087941404,0.018743777466730283,-1.013671681807437
2018-06-26 00:00:00+00:00,6070.78,19377.240484,18.600303291399392,-1.013671681807437,0.5070205739621351,0.3408442052965578,Neutral,0.7818314824680298,0.6234898018587336,0.4999999999999999,-0.8660254037844387,6409.415880651617,6784.368914930416,-0.05283412513047752,33.88719067799383,1.420219780599188,-0.02898592450415871,0.3408442052965578
2018-06-27 00:00:00+00:00,6133.73,19225.671098,18.57856454816519,0.3408442052965578,0.5399558789435398,-1.5857804339269108,Bullish (>51%),0.9749279121818236,-0.2225209339563143,0.4999999999999999,-0.8660254037844387,6367.002668243676,6736.173439750385,-0.03663775254990189,35.65578388820849,1.4407816666221978,0.010369342983932883,-1.5857804339269108
2018-06-28 00:00:00+00:00,5853.98,30585.266026,19.03720068640571,-1.5857804339269108,0.5369375615382787,2.006102602238952,Bullish (>51%),0.4338837391175582,-0.900968867902419,0.4999999999999999,-0.8660254037844387,6288.076103898496,6670.825777546653,-0.06903480440215476,31.608982406826655,1.4942872582601556,-0.04560846336568447,2.006102602238952
2018-06-29 00:00:00+00:00,6197.92,33911.287278,19.12085003128658,2.006102602238952,0.5522406735691597,1.0509833806880826,Bullish (>51%),-0.433883739117558,-0.9009688679024191,0.4999999999999999,-0.8660254037844387,6274.205934067958,6635.7957199506045,-0.012158659576941393,40.54363267914168,1.1773445617564178,0.0587531901373084,1.0509833806880826
2018-06-30 00:00:00+00:00,6390.07,37919.61284,19.302663916352184,1.0509833806880826,0.5283816005859832,-0.1951864131188831,Bullish (>51%),-0.9749279121818236,-0.2225209339563146,0.4999999999999999,-0.8660254037844387,6292.03117498058,6617.593814769079,0.01558142709293278,44.876336019214484,1.220316195712307,0.03100233626765103,-0.1951864131188831
2018-07-01 00:00:00+00:00,6356.81,27562.965974,18.980847817015757,-0.1951864131188831,0.5652524428139034,1.3834430290271107,Bullish (>51%),-0.7818314824680299,0.6234898018587334,1.2246467991473532e-16,-1.0,6301.997148060491,6598.276495156555,0.008697695453000765,44.274906452407215,1.2250366091693043,-0.005204950806485531,1.3834430290271107
2018-07-02 00:00:00+00:00,6615.29,36230.452264,19.27732478094041,1.3834430290271107,0.5235074287451352,-0.5437584198707629,Bullish (>51%),0.0,1.0,1.2246467991473532e-16,-1.0,6350.196048358877,6599.536754774588,0.041745790149208484,49.8949335468682,1.3022773111812254,0.040661904319933884,-0.5437584198707629
2018-07-03 00:00:00+00:00,6513.86,38657.781691,19.35500955953561,-0.5437584198707629,0.5303880487217272,0.3703040631483146,Bullish (>51%),0.7818314824680298,0.6234898018587336,1.2246467991473532e-16,-1.0,6375.375117842126,6593.190328494989,0.021721840613003248,47.85534655892872,1.2345993793448597,-0.015332661153176996,0.3703040631483146
2018-07-04 00:00:00+00:00,6586.98,23571.892777,18.867146290371487,0.3703040631483146,0.5194352029272341,-0.3179507043610856,Bullish (>51%),0.9749279121818236,-0.2225209339563143,1.2246467991473532e-16,-1.0,6407.929715097183,6592.730304162027,0.02794198639241796,49.45926320096524,1.234609401894683,0.011225294986382917,-0.3179507043610856
2018-07-05 00:00:00+00:00,6529.2,35071.972898,19.257101911161623,-0.3179507043610856,0.5478671176521049,0.4087205764304253,Bullish (>51%),0.4338837391175582,-0.900968867902419,1.2246467991473532e-16,-1.0,6426.586682005309,6588.02435570558,0.015967001313778626,48.197656552552516,0.9662442289286511,-0.008771849922119102,0.4087205764304253
2018-07-06 00:00:00+00:00,6609.78,29397.094748,19.07420783073236,0.4087205764304253,0.5542365766640417,0.7504379112055284,Bullish (>51%),-0.433883739117558,-0.9009688679024191,1.2246467991473532e-16,-1.0,6454.770269389108,6589.6358849125745,0.024014755621281362,50.10897546859663,0.7179985672962189,0.012341481345340855,0.7504379112055284
2018-07-07 00:00:00+00:00,6756.98,23973.876886,18.87832173964077,0.7504379112055284,0.5378697671768798,-0.2446469788706074,Bullish (>51%),-0.9749279121818236,-0.2225209339563146,1.2246467991473532e-16,-1.0,6501.264074098476,6602.0317452894205,0.03933326242204417,53.48526391478059,0.6737955203083172,0.022270030167418575,-0.2446469788706074
2018-07-08 00:00:00+00:00,6712.1,24622.947794,18.927144981475298,-0.2446469788706074,0.5339179025999279,-0.2723267981261942,Bullish (>51%),-0.7818314824680299,0.6234898018587334,1.2246467991473532e-16,-1.0,6533.700370391018,6610.184949342056,0.0273045318113212,52.322647232008215,0.6796611560992121,-0.006642020547640959,-0.2723267981261942
2018-07-09 00:00:00+00:00,6662.12,26732.40655,19.004295237809792,-0.2723267981261942,0.5380785845111278,-1.9027815682693596,Bullish (>51%),0.0,1.0,1.2246467991473532e-16,-1.0,6553.457236484707,6614.031990131533,0.01658098307414602,50.99328455701316,0.48215951373061966,-0.007446253780486023,-1.9027815682693596
2018-07-10 00:00:00+00:00,6296.91,38560.672702,19.3333640175252,-1.9027815682693596,0.4995020706161331,0.427560111170958,Neutral,0.7818314824680298,0.6234898018587336,1.2246467991473532e-16,-1.0,6513.9884308716755,6590.541472344013,-0.03332496414069116,42.49677031193785,0.867416538490679,-0.054818886480579754,0.427560111170958
2018-07-11 00:00:00+00:00,6378.07,28715.498487,19.02147943422697,0.427560111170958,0.5456255415204835,-0.7040659327784804,Bullish (>51%),0.9749279121818236,-0.2225209339563143,1.2246467991473532e-16,-1.0,6493.077903045264,6574.802844762974,-0.017712386138371367,44.701841103378136,0.873636884350393,0.012888861362160053,-0.7040659327784804
2018-07-12 00:00:00+00:00,6250.57,31306.663348,19.08504634915733,-0.7040659327784804,0.5132379146379544,-0.2142718245546983,Bullish (>51%),0.4338837391175582,-0.900968867902419,1.2246467991473532e-16,-1.0,6455.7689948844545,6550.785597002753,-0.031785368256989105,41.978452867378174,0.8968269437536845,-0.019990373263385375,-0.2142718245546983
2018-07-13 00:00:00+00:00,6214.57,26375.325286,18.91822657921137,-0.2142718245546983,0.5001324864418584,0.1911959376421124,Neutral,-0.433883739117558,-0.9009688679024191,1.2246467991473532e-16,-1.0,6418.661457209922,6525.880737965513,-0.031796576057251294,41.214940936548466,0.8539715764633646,-0.005759474735904102,0.1911959376421124
2018-07-14 00:00:00+00:00,6251.99,17783.071999,18.524675721912622,0.1911959376421124,0.5529591866665647,0.5400780884551148,Bullish (>51%),-0.9749279121818236,-0.2225209339563146,1.2246467991473532e-16,-1.0,6393.019694562242,6505.592535153252,-0.022059949961080027,42.387916452494686,0.7592954375539445,0.006021333736686563,0.5400780884551148
2018-07-15 00:00:00+00:00,6353.01,22979.211508,18.795066677486638,0.5400780884551148,0.5914145561638912,1.990285543906375,Bullish (>51%),-0.7818314824680299,0.6234898018587334,1.2246467991473532e-16,-1.0,6386.864356937282,6494.290125141901,-0.005300622503515281,45.54680029698587,0.8379273953949282,0.016158055275200534,1.990285543906375
2018-07-16 00:00:00+00:00,6723.35,36204.87708,19.28400989567853,1.990285543906375,0.5565447650457815,3.0251752029377394,Bullish (>51%),0.0,1.0,1.2246467991473532e-16,-1.0,6438.63137894693,6511.257523279537,0.0442203636605202,55.23671522729096,1.1985487193554074,0.05829362774495861,3.0251752029377394
2018-07-17 00:00:00+00:00,7317.44,52105.423459,19.71450148727086,3.0251752029377394,0.5383147224985304,0.2871440202601176,Bullish (>51%),0.7818314824680298,0.6234898018587336,1.2246467991473532e-16,-1.0,6573.832705262787,6570.974743777349,0.11311624862949515,65.76213709960041,1.305063850565851,0.08836220039117393,0.2871440202601176
2018-07-18 00:00:00+00:00,7381.9,59487.64345,19.90380665702185,0.2871440202601176,0.5244178539736726,0.3770459250181868,Bullish (>51%),0.9749279121818236,-0.2225209339563143,1.2246467991473532e-16,-1.0,6698.150750606974,6631.043281275323,0.10208030169089069,66.6776735119158,1.3119222808090245,0.00880909170420252,0.3770459250181868
2018-07-19 00:00:00+00:00,7466.21,41218.256437,19.536472225443536,0.3770459250181868,0.5503133412658961,-0.6092318593499321,Bullish (>51%),0.4338837391175582,-0.900968867902419,1.2246467991473532e-16,-1.0,6816.313712052055,6692.907482662336,0.09534424549721808,67.88721405149055,1.1709105077967732,0.011421178829298828,-0.6092318593499321
2018-07-20 00:00:00+00:00,7337.53,46140.313447,19.65284061331037,-0.6092318593499321,0.5202952218687383,0.2712569692033345,Bullish (>51%),-0.433883739117558,-0.9009688679024191,1.2246467991473532e-16,-1.0,6896.500833274816,6740.657298761423,0.0639497010711968,64.06493699613186,1.240189538958258,-0.017234982675279786,0.2712569692033345
2018-07-21 00:00:00+00:00,7398.78,28886.490291,19.172692962598205,0.2712569692033345,0.5686873828046249,-0.0346049150851737,Bullish (>51%),-0.9749279121818236,-0.2225209339563146,1.2246467991473532e-16,-1.0,6973.774551232536,6789.407128482799,0.06094338806698998,65.07297182012292,1.2336813500483301,0.008347495683152184,-0.0346049150851737
2018-07-22 00:00:00+00:00,7394.79,30270.21844,19.234359334757947,-0.0346049150851737,0.5644742315245743,1.502285070310269,Bullish (>51%),-0.7818314824680299,0.6234898018587334,1.2246467991473532e-16,-1.0,7038.546158735223,6834.250304150739,0.050613270586093814,64.94516458704544,1.2754023251689302,-0.0005392780971997801,1.502285070310269
2018-07-23 00:00:00+00:00,7721.01,41646.346671,19.584320642204823,1.502285070310269,0.5464212768954886,2.9983604374983623,Bullish (>51%),0.0,1.0,1.2246467991473532e-16,-1.0,7143.540595852881,6899.93620754698,0.0808379817260875,70.11351552538893,1.20840582486161,0.0441148430178544,2.9983604374983623
2018-07-24 00:00:00+00:00,8397.24,60121.163749,20.00401533315948,2.9983604374983623,0.5485673641097569,-0.9243130899029496,Bullish (>51%),0.7818314824680298,0.6234898018587336,1.2246467991473532e-16,-1.0,7336.41742726013,7010.8475995805375,0.1445968121713115,77.51431604859536,1.1997753992607136,0.08758310117458712,-0.9243130899029496
2018-07-25 00:00:00+00:00,8175.64,48257.649124,19.80226341699233,-0.9243130899029496,0.5273320807777192,-1.0922325728727502,Bullish (>51%),0.9749279121818236,-0.2225209339563143,1.2246467991473532e-16,-1.0,7465.528592297034,7097.128518130127,0.09511870444587972,71.28471427614777,1.3452232899235586,-0.02638962325716543,-1.0922325728727502
2018-07-26 00:00:00+00:00,7920.0,43223.481682,19.67942921405395,-1.0922325728727502,0.517473237337901,1.1510705060079065,Bullish (>51%),0.4338837391175582,-0.900968867902419,1.2246467991473532e-16,-1.0,7535.447270405182,7158.0819612316,0.05103250222519841,64.81347566753028,1.4778003217811506,-0.03126850008072768,1.1510705060079065
2018-07-27 00:00:00+00:00,8188.57,43671.005891,19.675959678328688,1.1510705060079065,0.5305335850707942,0.137244043868842,Bullish (>51%),-0.433883739117558,-0.9009688679024191,1.2246467991473532e-16,-1.0,7635.927690342846,7234.414408547777,0.0723739579613987,68.0908059375091,1.4464047902532975,0.03391035353535354,0.137244043868842
2018-07-28 00:00:00+00:00,8225.04,26215.173839,19.183157218882613,0.137244043868842,0.5331533857008806,-0.0747945612083147,Bullish (>51%),-0.9749279121818236,-0.2225209339563146,1.2246467991473532e-16,-1.0,7726.560353367024,7307.7940819886835,0.0645150783577007,68.51959831061933,1.4516347471575815,0.004453769095214666,-0.0747945612083147
2018-07-29 00:00:00+00:00,8211.0,25531.226185,19.16053984993526,-0.0747945612083147,0.5572273343204491,-0.1714706723685762,Bullish (>51%),-0.7818314824680299,0.6234898018587334,1.2246467991473532e-16,-1.0,7801.089529772097,7374.698224063595,0.052545284689211616,68.13997817958733,1.4543352990044316,-0.0017069825800239968,-0.1714706723685762
2018-07-30 00:00:00+00:00,8173.92,39692.416542,19.58881841797003,-0.1714706723685762,0.5209080693568219,-1.8813274112225544,Bullish (>51%),0.0,1.0,1.2246467991473532e-16,-1.0,7858.448063653313,7433.899837095922,0.040144305057610546,67.08290851072195,1.4042282043016514,-0.0045158933138472745,-1.8813274112225544
2018-07-31 00:00:00+00:00,7730.93,48296.915587,19.755264268795703,-1.8813274112225544,0.5025825064806742,-0.5785470959704525,Neutral,0.7818314824680298,0.6234898018587336,1.2246467991473532e-16,-1.0,7838.829900014342,7455.902071385112,-0.01376479670953746,55.921493352453,0.9832269129551573,-0.05419553898251994,-0.5785470959704525
2018-08-01 00:00:00+00:00,7604.58,42582.312932,19.590844624723324,-0.5785470959704525,0.5203988250564764,-0.3730028235348883,Bullish (>51%),0.9749279121818236,-0.2225209339563143,-0.4999999999999997,-0.8660254037844388,7802.791453858289,7466.915251282512,-0.0254026337920743,53.202516201423514,0.9614070858124251,-0.016343441215998622,-0.3730028235348883
2018-08-02 00:00:00+00:00,7525.71,37665.696684,19.470301230578965,-0.3730028235348883,0.5632933940927924,-0.5050717751281426,Bullish (>51%),0.4338837391175582,-0.900968867902419,-0.4999999999999997,-0.8660254037844388,7760.16353788009,7471.270417854178,-0.0302124480670594,51.51863134064878,0.9068153241314048,-0.010371381456964035,-0.5050717751281426
2018-08-03 00:00:00+00:00,7418.78,44669.486047,19.616419252511854,-0.5050717751281426,0.5237813081256919,-1.9132233433236816,Bullish (>51%),-0.433883739117558,-0.9009688679024191,-0.4999999999999997,-0.8660254037844388,7707.642993590845,7467.3822387538685,-0.03747747447968784,49.243023909726304,0.6614124392920071,-0.014208626162847127,-1.9132233433236816
2018-08-04 00:00:00+00:00,7009.84,36288.42601,19.38493449986026,-1.9132233433236816,0.4897031122568657,0.0544129138833842,Bearish (<49%),-0.9749279121818236,-0.2225209339563146,-0.4999999999999997,-0.8660254037844388,7600.288686884562,7433.490221068397,-0.07768766572031262,41.663624641619606,0.7795677374192018,-0.05512227077767495,0.0544129138833842
2018-08-05 00:00:00+00:00,7024.19,32894.849782,19.253557812126857,0.0544129138833842,0.5574111589660885,-0.4539460413020721,Bullish (>51%),-0.7818314824680299,0.6234898018587334,-0.4999999999999997,-0.8660254037844388,7511.658119671552,7403.171686174441,-0.06489487565933943,42.00098008173534,0.8004459662979012,0.0020471223308948794,-0.4539460413020721
2018-08-06 00:00:00+00:00,6934.82,32760.191643,19.249545967054125,-0.4539460413020721,0.5337621881627892,-1.0819024447361252,Bullish (>51%),0.0,1.0,-0.4999999999999997,-0.8660254037844388,7422.9137935682365,7368.478968680038,-0.06575501307736559,40.43276280259064,0.7720420210626514,-0.01272317519884858,-1.0819024447361252
2018-08-07 00:00:00+00:00,6720.06,45438.473501,19.57240995651119,-1.0819024447361252,0.5284661876123883,-2.244259978659532,Bullish (>51%),0.7818314824680298,0.6234898018587336,-0.4999999999999997,-0.8660254037844388,7314.782440711585,7320.447933962998,-0.08130418717603441,36.87015440574993,0.6333479355461804,-0.03096835966903244,-2.244259978659532
2018-08-08 00:00:00+00:00,6285.0,59550.536319,19.76213666085898,-2.244259978659532,0.5072076061112326,1.3244644337847318,Neutral,0.9749279121818236,-0.2225209339563143,-0.4999999999999997,-0.8660254037844388,7156.354372909803,7243.748087002776,-0.12175953390574014,30.92543994359619,0.8566972245765649,-0.06474049338845189,1.3244644337847318
2018-08-09 00:00:00+00:00,6529.79,51941.185111,19.623295328987734,1.3244644337847318,0.5446708391913188,-2.0494391248752715,Bullish (>51%),0.4338837391175582,-0.900968867902419,-0.4999999999999997,-0.8660254037844388,7059.959854000603,7190.862302780348,-0.07509530719217564,37.07325134512491,1.2088361306662012,0.03894828957836127,-2.0494391248752715
2018-08-10 00:00:00+00:00,6144.01,59034.974902,19.741634611636822,-2.0494391248752715,0.5256973941213382,0.4788207442979316,Bullish (>51%),-0.433883739117558,-0.9009688679024191,-0.4999999999999997,-0.8660254037844388,6919.044491846664,7113.317687759581,-0.11201467092167955,32.20808170894064,1.306744185479233,-0.059080001041381114,0.4788207442979316
2018-08-11 00:00:00+00:00,6232.35,47133.418555,19.48902716413952,0.4788207442979316,0.5534071625753733,0.403549210092832,Bullish (>51%),-0.9749279121818236,-0.2225209339563146,-0.4999999999999997,-0.8660254037844388,6813.399185408715,7048.060821999612,-0.08528036734631153,34.333211496736084,1.313155493662492,0.014378231806263297,0.403549210092832
2018-08-12 00:00:00+00:00,6308.33,38567.770712,19.30950695043873,0.403549210092832,0.5433227517990852,-0.3542012455013747,Bullish (>51%),-0.7818314824680299,0.6234898018587334,-0.4999999999999997,-0.8660254037844388,6735.696233807375,6993.265946295936,-0.06344796721419327,36.186100472963794,1.3469067261246894,0.012191228027950807,-0.3542012455013747
2018-08-13 00:00:00+00:00,6246.35,53895.828783,19.649011352652906,-0.3542012455013747,0.5476727408320408,-0.337114384250721,Bullish (>51%),0.0,1.0,-0.4999999999999997,-0.8660254037844388,6660.41219783701,6937.938839162904,-0.06216765352322758,35.31081773905534,1.3482184873363334,-0.009825104266897866,-0.337114384250721
2018-08-14 00:00:00+00:00,6188.08,50186.745091,19.529835783214025,-0.337114384250721,0.5087130765644815,0.4237929887268163,Neutral,0.7818314824680298,0.6234898018587336,-0.4999999999999997,-0.8660254037844388,6587.745705862086,6882.393739965652,-0.06066805303465865,34.46673531846753,1.3241175190334895,-0.009328647930391454,0.4237929887268163
2018-08-15 00:00:00+00:00,6267.16,68806.687026,19.90025824409739,0.4237929887268163,0.539831864800646,0.2288327303784623,Bullish (>51%),0.9749279121818236,-0.2225209339563143,-0.4999999999999997,-0.8660254037844388,6538.424828037149,6836.820870338566,-0.04148779486979035,36.67897088719942,1.0617203479650326,0.012779408152447935,0.2288327303784623
2018-08-16 00:00:00+00:00,6311.75,48515.254618,19.54481653622578,0.2288327303784623,0.5363993080507262,1.471193115521651,Bullish (>51%),0.4338837391175582,-0.900968867902419,-0.4999999999999997,-0.8660254037844388,6503.551777569896,6797.926731794969,-0.02949185062712987,37.95089322907269,0.8996015763394498,0.007114865425487782,1.471193115521651
2018-08-17 00:00:00+00:00,6584.49,57851.610803,19.74102874465675,1.471193115521651,0.5601898391793687,-1.0433221323585278,Bullish (>51%),-0.433883739117558,-0.9009688679024191,-0.4999999999999997,-0.8660254037844388,6516.003811789913,6782.116603513859,0.010510458586007788,45.201544189470106,0.6140141586076096,0.04321147066978259,-1.0433221323585278
2018-08-18 00:00:00+00:00,6387.96,53742.322172,19.66184529398504,-1.0433221323585278,0.5483538725900815,0.4665494403450572,Bullish (>51%),-0.9749279121818236,-0.2225209339563146,-0.4999999999999997,-0.8660254037844388,6496.304763822234,6752.919818068389,-0.016677906557833248,41.443494371516664,0.7955163202387759,-0.029847414150526386,0.4665494403450572
2018-08-19 00:00:00+00:00,6477.53,45190.847994,19.482877822811144,0.4665494403450572,0.5613661703221013,-1.199283341605876,Bullish (>51%),-0.7818314824680299,0.6234898018587334,-0.4999999999999997,-0.8660254037844388,6493.416338618814,6732.520572285545,-0.0024465301145611116,43.73928821629383,0.799693431732316,0.01402169080582838,-1.199283341605876
2018-08-20 00:00:00+00:00,6254.84,49435.55526,19.57635978998925,-1.199283341605876,0.5354044665179716,1.2229128736071553,Bullish (>51%),0.0,1.0,-0.4999999999999997,-0.8660254037844388,6456.7122865236115,6697.136826190319,-0.03126549202834348,39.58400792352535,0.9358128368986033,-0.03437884502271693,1.2229128736071553
2018-08-21 00:00:00+00:00,6480.0,41569.947408,19.396968485325548,1.2229128736071553,0.5585723682809235,-0.6486810331500263,Bullish (>51%),0.7818314824680298,0.6234898018587336,-0.4999999999999997,-0.8660254037844388,6460.295011673826,6681.052616842888,0.0030501684970372376,45.24777746979395,1.0233872072691168,0.035997723363027756,-0.6486810331500263
2018-08-22 00:00:00+00:00,6360.89,77909.391359,20.054813575711545,-0.6486810331500263,0.5189490162450031,0.8719800862686036,Bullish (>51%),0.9749279121818236,-0.2225209339563143,-0.4999999999999997,-0.8660254037844388,6445.001932954775,6657.3368674471185,-0.01305072268864513,42.95376102279525,1.0678708353145343,-0.018381172839506132,0.8719800862686036
2018-08-23 00:00:00+00:00,6525.01,40358.166825,19.375370253417582,0.8719800862686036,0.5484541290485138,0.8101363861723723,Bullish (>51%),0.4338837391175582,-0.900968867902419,-0.4999999999999997,-0.8660254037844388,6457.310866346348,6647.534877265851,0.010484106318387204,46.94513529629061,1.1105129914147092,0.025801420870349867,0.8101363861723723
2018-08-24 00:00:00+00:00,6681.64,38305.675322,19.34300549237547,0.8101363861723723,0.5555556884224352,0.251811848747742,Bullish (>51%),-0.433883739117558,-0.9009688679024191,-0.4999999999999997,-0.8660254037844388,6491.8230407546025,6650.061182653565,0.02923939208659232,50.50439896970454,1.00370055444236,0.02400456091255032,0.251811848747742
2018-08-25 00:00:00+00:00,6733.64,19220.505929,18.67597160830827,0.251811848747742,0.5114251165037582,-0.1879883490057077,Bullish (>51%),-0.9749279121818236,-0.2225209339563146,-0.4999999999999997,-0.8660254037844388,6529.025649869279,6656.252206160709,0.031339186136421164,51.663765724521774,0.8757878213910107,0.007782520459048925,-0.1879883490057077
2018-08-26 00:00:00+00:00,6700.0,20107.297208,18.714230048454205,-0.1879883490057077,0.4922218175132073,1.0557317169991467,Neutral,-0.7818314824680299,0.6234898018587334,-0.4999999999999997,-0.8660254037844388,6555.329396043236,6659.492783482138,0.022069158575629595,50.83420608821399,0.884167984674247,-0.004995812071925454,1.0557317169991467
2018-08-27 00:00:00+00:00,6908.64,37747.078747,19.35368986278708,1.0557317169991467,0.5684705295162851,0.8182623956860158,Bullish (>51%),0.0,1.0,-0.4999999999999997,-0.8660254037844388,6609.684873575046,6677.948132853831,0.04522986074875535,55.59638941139601,0.6973984966594721,0.031140298507462694,0.8182623956860158
2018-08-28 00:00:00+00:00,7076.11,48352.917163,19.63920796983352,0.8182623956860158,0.5479625950319005,-0.2343857168319124,Bullish (>51%),0.7818314824680298,0.6234898018587336,-0.4999999999999997,-0.8660254037844388,6681.442585332732,6707.441604494288,0.05906919196367133,59.02695278991832,0.6402000795585777,0.024240660969452543,-0.2343857168319124
2018-08-29 00:00:00+00:00,7031.22,43252.487392,19.534396526738178,-0.2343857168319124,0.5483199737175476,-0.2430732063904444,Bullish (>51%),0.9749279121818236,-0.2225209339563143,-0.4999999999999997,-0.8660254037844388,6735.254495281542,6731.425189346563,0.04394273518926416,57.7392501971328,0.5349546481409823,-0.006343881030679177,-0.2430732063904444
2018-08-30 00:00:00+00:00,6984.84,44716.77462,19.55000724021028,-0.2430732063904444,0.5468427002797099,0.1138933889475684,Bullish (>51%),0.4338837391175582,-0.900968867902419,-0.4999999999999997,-0.8660254037844388,6773.652265238228,6750.196656802373,0.031177823497903535,56.37093464156015,0.5652085377593217,-0.006596294810857883,0.1138933889475684
2018-08-31 00:00:00+00:00,7011.21,40467.400638,19.45997722290287,0.1138933889475684,0.5354535222520017,0.910764785318894,Bullish (>51%),-0.433883739117558,-0.9009688679024191,-0.4999999999999997,-0.8660254037844388,6810.199609047731,6769.5309785207155,0.02951607918881189,56.99495477493708,0.5253294315456004,0.003775319119693421,0.910764785318894
2018-09-01 00:00:00+00:00,7200.01,40323.414093,19.47603525373861,0.910764785318894,0.5592958000278818,0.4715384918232125,Bullish (>51%),-0.9749279121818236,-0.2225209339563146,-0.8660254037844384,-0.5000000000000004,6870.170438425004,6801.418313445107,0.048010389921361564,61.266508586967646,0.5864426750300376,0.026928304814718196,0.4715384918232125
2018-09-02 00:00:00+00:00,7302.01,39814.840352,19.48029582602711,0.4715384918232125,0.563169924374032,-0.1998216054757758,Bullish (>51%),-0.7818314824680299,0.6234898018587334,-0.8660254037844384,-0.5000000000000004,6936.607294051927,6838.49917911584,0.052677438761943814,63.38261113652146,0.5427618969560909,0.014166646990767973,-0.1998216054757758
2018-09-03 00:00:00+00:00,7263.02,32396.018371,19.27676957070964,-0.1998216054757758,0.5221283799228156,0.4390655272556062,Bullish (>51%),0.0,1.0,-0.8660254037844384,-0.5000000000000004,6986.824633428553,6869.945165848,0.03953088578321931,61.98849515772633,0.5009005835727159,-0.005339625664714243,0.4390655272556062
2018-09-04 00:00:00+00:00,7359.06,35300.640518,19.37225526202397,0.4390655272556062,0.5660854108528275,-3.09840766959056,Bullish (>51%),0.7818314824680298,0.6234898018587336,-0.8660254037844384,-0.5000000000000004,7044.091612901083,6906.175894303704,0.044713840251887196,64.08405321448333,0.44449732384381135,0.01322314959892723,-3.09840766959056
2018-09-05 00:00:00+00:00,6700.0,63715.256267,19.92356518289954,-3.09840766959056,0.494882715198795,-0.9611940394784466,Neutral,0.9749279121818236,-0.2225209339563143,-0.8660254037844384,-0.5000000000000004,6991.154441685531,6890.903605836763,-0.04164611783563109,45.533005641081445,1.3284234927751561,-0.08955763371952397,-0.9611940394784466
2018-09-06 00:00:00+00:00,6516.01,60644.464227,19.78266174684172,-0.9611940394784466,0.5331492320877818,-0.6523683747815404,Bullish (>51%),0.4338837391175582,-0.900968867902419,-0.8660254037844384,-0.5000000000000004,6918.055296810834,6863.133709108113,-0.05811536328658336,41.887507090587356,1.3570721571981403,-0.0274611940298507,-0.6523683747815404
2018-09-07 00:00:00+00:00,6395.54,38906.28805,19.33983190052907,-0.6523683747815404,0.5516598125068372,-1.148797913424281,Bullish (>51%),-0.433883739117558,-0.9009688679024191,-0.8660254037844384,-0.5000000000000004,6837.668328070706,6828.497138063068,-0.06466068648805831,39.64912807237824,1.345967382056934,-0.01848830802899326,-1.148797913424281
2018-09-08 00:00:00+00:00,6185.05,38215.032171,19.303254784461203,-1.148797913424281,0.5132818966428916,0.3498872946349227,Bullish (>51%),-0.9749279121818236,-0.2225209339563146,-0.8660254037844384,-0.5000000000000004,6737.26550836752,6780.834387095433,-0.08196433815495048,36.02661613590907,1.220347874751202,-0.03291199804864009,0.3498872946349227
2018-09-09 00:00:00+00:00,6250.81,37053.92382,19.269049959257117,0.3498872946349227,0.5614730782916582,0.3208746826577798,Bullish (>51%),-0.7818314824680299,0.6234898018587334,-0.8660254037844384,-0.5000000000000004,6662.426199387902,6741.573321384661,-0.061781727417215944,37.93445536515905,1.2010031564691608,0.010632088665410988,0.3208746826577798
2018-09-10 00:00:00+00:00,6312.0,32439.456432,19.13450443442004,0.3208746826577798,0.5688965850178461,-0.1092314389521272,Bullish (>51%),0.0,1.0,-0.8660254037844384,-0.5000000000000004,6608.514476405147,6709.753075356168,-0.0448685521479622,39.73543100362169,1.255853934838119,0.009789131328579836,-0.1092314389521272
2018-09-11 00:00:00+00:00,6294.91,33104.88859,19.154713831232343,-0.1092314389521272,0.5563520794195791,0.2229418011851966,Bullish (>51%),0.7818314824680298,0.6234898018587336,-0.8660254037844384,-0.5000000000000004,6560.267633881279,6679.023958663118,-0.04044920858271211,39.391629707878494,1.1898848598429692,-0.0027075411913815017,0.2229418011851966
2018-09-12 00:00:00+00:00,6338.62,31433.645939,19.100732598856897,0.2229418011851966,0.5475660355595252,0.7916978122285585,Bullish (>51%),0.9749279121818236,-0.2225209339563143,-0.8660254037844384,-0.5000000000000004,6526.167997899544,6653.808850613998,-0.02873784400890493,40.80240254545886,0.632108689744944,0.006943705311116544,0.7916978122285585
2018-09-13 00:00:00+00:00,6487.38,40465.063107,19.379974125326186,0.7916978122285585,0.5359018670416625,-0.0730764604722452,Bullish (>51%),0.4338837391175582,-0.900968867902419,-0.8660254037844384,-0.5000000000000004,6520.200613607307,6641.480787605555,-0.005033681561701019,45.45573047745021,0.6648171313214932,0.023468830754959313,-0.0730764604722452
2018-09-14 00:00:00+00:00,6476.63,37173.339277,19.302241978662707,-0.0730764604722452,0.5360318075683003,0.1876463609071464,Bullish (>51%),-0.433883739117558,-0.9009688679024191,-0.8660254037844384,-0.5000000000000004,6513.4974422831065,6629.269618153292,-0.005660160706255472,45.17935052379888,0.6084058762742031,-0.0016570634061824352,0.1876463609071464
2018-09-15 00:00:00+00:00,6514.96,25243.656612,18.91877268387356,0.1876463609071464,0.5399902268326736,-0.0686615609580774,Bullish (>51%),-0.9749279121818236,-0.2225209339563146,-0.8660254037844384,-0.5000000000000004,6513.722451162628,6620.802239030826,0.00018999102996028694,46.430053404523704,0.3016568920627501,0.0059182012867802225,-0.0686615609580774
2018-09-16 00:00:00+00:00,6505.0,27568.132897,19.0007380539352,-0.0686615609580774,0.5541673914254274,-1.372168486902004,Bullish (>51%),-0.7818314824680299,0.6234898018587334,-0.8660254037844384,-0.5000000000000004,6512.380535599146,6612.2242953989135,-0.0011333084052446614,46.13550919150389,0.31765710408731673,-0.0015287891253361607,-1.372168486902004
2018-09-17 00:00:00+00:00,6248.69,35987.254738,19.24910460901164,-1.372168486902004,0.5038578412276999,0.467335984547586,Neutral,0.0,1.0,-0.8660254037844384,-0.5000000000000004,6471.812760891586,6585.295829073068,-0.034476084079547394,39.23723297656695,0.6571694012513232,-0.03940199846272108,0.467335984547586
2018-09-18 00:00:00+00:00,6336.45,32620.86667,19.14210595257809,0.467335984547586,0.5559231614063062,0.2850888352777909,Bullish (>51%),0.7818314824680298,0.6234898018587336,-0.8660254037844384,-0.5000000000000004,6450.987720754418,6566.862804697285,-0.017755067241241502,42.412285070431956,0.6855094926493092,0.01404454373636721,0.2850888352777909
2018-09-19 00:00:00+00:00,6391.89,39044.080082,19.32674077835044,0.2850888352777909,0.5429382977004212,0.5230062090468686,Bullish (>51%),0.9749279121818236,-0.2225209339563143,-0.8660254037844384,-0.5000000000000004,6441.895763715277,6553.901856201191,-0.007762585044753443,44.3891813824319,0.6889358344894554,0.008749378595270363,0.5230062090468686
2018-09-20 00:00:00+00:00,6492.0,25189.024728,18.90214514465245,0.5230062090468686,0.538547999912067,1.3995752013389466,Bullish (>51%),0.4338837391175582,-0.900968867902419,-0.8660254037844384,-0.5000000000000004,6449.60410775908,6549.316533519621,0.006573410015959977,47.86924349628891,0.6456207694638333,0.015662034234005917,1.3995752013389466
2018-09-21 00:00:00+00:00,6759.02,51779.343463,19.66121768392913,1.3995752013389466,0.5484507310003396,-0.1992073107183535,Bullish (>51%),-0.433883739117558,-0.9009688679024191,-0.8660254037844384,-0.5000000000000004,6497.206552719221,6564.850123629279,0.040296309676534,55.81218319946096,0.8332666319274937,0.04113062230437459,-0.1992073107183535
2018-09-22 00:00:00+00:00,6723.05,29349.690667,19.099783110697093,-0.1992073107183535,0.5640592543148659,-0.0930904595065969,Bullish (>51%),-0.9749279121818236,-0.2225209339563146,-0.8660254037844384,-0.5000000000000004,6531.951698454725,6576.568632990073,0.02925592692157893,54.605196342411375,0.8471763085399996,-0.005321777417436335,-0.0930904595065969
2018-09-23 00:00:00+00:00,6708.0,30286.229773,19.131074441595413,-0.0930904595065969,0.5630491703593402,-0.6656594464085791,Bullish (>51%),-0.7818314824680299,0.6234898018587334,-0.8660254037844384,-0.5000000000000004,6559.036052538614,6586.304289805623,0.022711256085218623,54.078237370432895,0.848266478788115,-0.002238567316917184,-0.6656594464085791
2018-09-24 00:00:00+00:00,6581.39,35305.73991,19.272351882786683,-0.6656594464085791,0.5285953082579088,-0.7160183494050698,Bullish (>51%),0.0,1.0,-0.8660254037844384,-0.5000000000000004,6562.475121378828,6585.94026833854,0.002882278145261522,49.730329259860575,0.6585713165396823,-0.01887447823494326,-0.7160183494050698
2018-09-25 00:00:00+00:00,6447.54,40301.029452,19.372057502281685,-0.7160183494050698,0.5289212993278055,0.0777996732523642,Bullish (>51%),0.7818314824680298,0.6234898018587336,-0.8660254037844384,-0.5000000000000004,6544.792795012854,6575.688396609759,-0.014859568218410377,45.55994501961751,0.7390383439417662,-0.02033764903766533,0.0777996732523642
2018-09-26 00:00:00+00:00,6465.12,33484.54207,19.194761044734037,0.0777996732523642,0.5624428026708265,1.176493286806097,Bullish (>51%),0.9749279121818236,-0.2225209339563143,-0.8660254037844384,-0.5000000000000004,6532.535441933954,6567.498145009036,-0.010319950428618805,46.198116503701854,0.7334067890515076,0.002726621316036848,1.176493286806097
2018-09-27 00:00:00+00:00,6689.13,33087.428297,19.195015453128605,1.176493286806097,0.555975207437561,-0.2967209239178398,Bullish (>51%),0.4338837391175582,-0.900968867902419,-0.8660254037844384,-0.5000000000000004,6556.6269124056535,6576.507912045405,0.02020903268777432,53.65348539801485,0.8382485928495067,0.0346490088351028,-0.2967209239178398
2018-09-28 00:00:00+00:00,6634.58,42399.448523,19.461469647751223,-0.2967209239178398,0.5586984589233499,-0.2142111507543111,Bullish (>51%),-0.433883739117558,-0.9009688679024191,-0.8660254037844384,-0.5000000000000004,6568.619695112477,6580.809548190189,0.010041729914216604,51.77209288435054,0.6336465321116326,-0.008155021654535077,-0.2142111507543111
2018-09-29 00:00:00+00:00,6596.38,30255.9597,19.105918243329945,-0.2142111507543111,0.5300454161763046,0.1414768508665988,Bullish (>51%),-0.9749279121818236,-0.2225209339563146,-0.8660254037844384,-0.5000000000000004,6572.890511249019,6581.962914990916,0.0035736923824883924,50.43827963095475,0.6340540439956065,-0.005757711867216853,0.1414768508665988
2018-09-30 00:00:00+00:00,6626.57,27764.724519,19.02739270357033,0.1414768508665988,0.5474934320561194,-0.0937447695995618,Bullish (>51%),-0.7818314824680299,0.6234898018587334,-0.8660254037844384,-0.5000000000000004,6581.148894133785,6585.267143510107,0.006901698563103743,51.501712654379915,0.6409179808879583,0.004576752703755682,-0.0937447695995618
2018-10-01 00:00:00+00:00,6611.61,20621.506894,18.729012562501996,-0.0937447695995618,0.5365181078119519,-0.4627921266263453,Bullish (>51%),0.0,1.0,-1.0,-1.8369701987210294e-16,6585.835218113202,6587.218466213062,0.003913669418255158,50.91867841957366,0.5866287658497398,-0.0022575782041086567,-0.4627921266263453
2018-10-02 00:00:00+00:00,6525.79,28245.810088,19.039780293585466,-0.4627921266263453,0.5351526819342963,-0.0993222263234013,Bullish (>51%),0.7818314824680298,0.6234898018587336,-1.0,-1.8369701987210294e-16,6576.5974922496325,6582.668209456539,-0.007725498224501044,47.59030193266322,0.5403242778935736,-0.012980196956565715,-0.0993222263234013
2018-10-03 00:00:00+00:00,6510.0,28451.969138,19.03382623321584,-0.0993222263234013,0.5376327885007423,0.4269442547832606,Bullish (>51%),0.9749279121818236,-0.2225209339563143,-1.0,-1.8369701987210294e-16,6566.3517242112275,6577.285379126426,-0.008581892438604738,46.98179818082131,0.5427777945707793,-0.002419630420224972,0.4269442547832606
2018-10-04 00:00:00+00:00,6593.79,20074.300818,18.700950518140445,0.4269442547832606,0.5518425081120053,0.202452704569077,Bullish (>51%),0.4338837391175582,-0.900968867902419,-1.0,-1.8369701987210294e-16,6570.572997409499,6578.507943635579,0.0035334821787466873,50.59204134873654,0.29379891668978747,0.012870967741935413,0.202452704569077
2018-10-05 00:00:00+00:00,6635.65,16096.552392,18.4814419649806,0.202452704569077,0.5338876143608926,-0.2306731542731385,Bullish (>51%),-0.433883739117558,-0.9009688679024191,-1.0,-1.8369701987210294e-16,6580.584843961884,6582.740688551462,0.008367820998256947,52.33816089539341,0.2945602496901316,0.0063483975073515,-0.2306731542731385
2018-10-06 00:00:00+00:00,6594.27,10939.505391,18.0956144058564,-0.2306731542731385,0.476517530517299,0.0935094449633667,Bearish (<49%),-0.9749279121818236,-0.2225209339563146,-1.0,-1.8369701987210294e-16,6582.690252583133,6583.594711621725,0.0017591208111795225,50.440441955551115,0.29648295444662576,-0.006236013050718303,0.0935094449633667
2018-10-07 00:00:00+00:00,6615.26,17406.831762,18.555990029282984,0.0935094449633667,0.5037222396290085,0.2844155232019528,Neutral,-0.7818314824680299,0.6234898018587334,-1.0,-1.8369701987210294e-16,6587.700982954959,6585.940288538634,0.004183404364640669,51.40300565479925,0.2927534168463066,0.0031830665107737133,0.2844155232019528
2018-10-08 00:00:00+00:00,6673.01,23123.419541,18.850543152304105,0.2844155232019528,0.5334381856943362,-0.1006311679853941,Bullish (>51%),0.0,1.0,-1.0,-1.8369701987210294e-16,6600.825447115734,6592.389896795032,0.010935685765756367,54.04745847977987,0.31187103614799516,0.008729815608154556,-0.1006311679853941
2018-10-09 00:00:00+00:00,6656.61,15354.779469,18.44161201280693,-0.1006311679853941,0.4954107621250917,-0.1484593864801351,Neutral,0.7818314824680298,0.6234898018587336,-1.0,-1.8369701987210294e-16,6609.407686021006,6597.146941476882,0.007141685945448198,53.16272955071967,0.23755534832869285,-0.002457661535049449,-0.1484593864801351
2018-10-10 00:00:00+00:00,6631.0,15390.661444,18.436649372842748,-0.1484593864801351,0.4431034312471749,-1.9796825906118047,Bearish (<49%),0.9749279121818236,-0.2225209339563143,-1.0,-1.8369701987210294e-16,6612.729580479312,6599.654575441557,0.0027629164777313695,51.73843870047792,0.24444561705310622,-0.003847303657567358,-1.9796825906118047
2018-10-11 00:00:00+00:00,6252.68,48712.400332,19.546107374687743,-1.9796825906118047,0.5016228725634789,0.2334731214748381,Neutral,0.4338837391175582,-0.900968867902419,-1.0,-1.8369701987210294e-16,6557.337337328649,6573.952755038479,-0.0464605253102261,36.27681824007426,0.7778955863658473,-0.05705323480621316,0.2334731214748381
2018-10-12 00:00:00+00:00,6298.01,29004.071419,19.025162123415395,0.2334731214748381,0.5478690431920012,0.1747881757190506,Bullish (>51%),-0.433883739117558,-0.9009688679024191,-1.0,-1.8369701987210294e-16,6517.440823893472,6553.512550961555,-0.03366824952042839,38.64283635869837,0.781106963930646,0.007249691332356756,0.1747881757190506
2018-10-13 00:00:00+00:00,6332.93,19098.070025,18.609056031519373,0.1747881757190506,0.4934088342782688,0.0187922755267229,Neutral,-0.9749279121818236,-0.2225209339563146,-1.0,-1.8369701987210294e-16,6489.054543294476,6537.173102742181,-0.024059674988524918,40.476346813231636,0.7988234002045149,0.005544608535076989,0.0187922755267229
2018-10-14 00:00:00+00:00,6339.34,15627.411314,18.41594247692241,0.0187922755267229,0.4560812052482974,2.227091011316177,Bearish (<49%),-0.7818314824680299,0.6234898018587334,-1.0,-1.8369701987210294e-16,6466.021536633788,6522.518798835353,-0.019591882878221625,40.82590399173343,0.7946412772471454,0.0010121697223874904,2.227091011316177
2018-10-15 00:00:00+00:00,6752.5,90748.031246,20.25802605144589,2.227091011316177,0.5202846100871322,0.0184626201733503,Bullish (>51%),0.0,1.0,-1.0,-1.8369701987210294e-16,6510.095146382437,6539.554443366067,0.03723522439641517,57.96210453752136,1.2227570904628124,0.06517397710171724,0.0184626201733503
2018-10-16 00:00:00+00:00,6759.27,27557.957764,19.04191707964422,0.0184626201733503,0.5154232409251762,-0.1096336905875788,Bullish (>51%),0.7818314824680298,0.6234898018587336,-1.0,-1.8369701987210294e-16,6548.429739246677,6555.829669783396,0.032197071534523065,58.175834432571264,1.2209643342144214,0.0010025916327287554,-0.1096336905875788
2018-10-17 00:00:00+00:00,6740.89,26641.431379,19.00647505412345,-0.1096336905875788,0.5162063451981163,-0.6385947035894135,Bullish (>51%),0.9749279121818236,-0.2225209339563143,-1.0,-1.8369701987210294e-16,6578.0390101318035,6569.537842392034,0.024756768638399092,57.3237156051501,1.219852973256288,-0.002719228555746467,-0.6385947035894135
2018-10-18 00:00:00+00:00,6618.96,20116.521941,18.719134790960467,-0.6385947035894135,0.4839631135816531,-0.4844474318398299,Bearish (<49%),0.4338837391175582,-0.900968867902419,-1.0,-1.8369701987210294e-16,6584.334547034603,6573.198742955587,0.005258762706854155,51.893464010299084,0.9070536860619728,-0.018088115960948836,-0.4844474318398299
2018-10-19 00:00:00+00:00,6528.88,20772.60077,18.733198460245948,-0.4844474318398299,0.5633638499855499,0.2977214741237467,Bullish (>51%),-0.433883739117558,-0.9009688679024191,-1.0,-1.8369701987210294e-16,6575.803078260048,6569.915873107025,-0.007135718284383874,48.256461666491454,0.9519941219355984,-0.013609388786153698,0.2977214741237467
2018-10-20 00:00:00+00:00,6588.4,19240.722247,18.654374822169665,0.2977214741237467,0.5450422880375567,-0.0071112283102027,Bullish (>51%),-0.9749279121818236,-0.2225209339563146,-1.0,-1.8369701987210294e-16,6577.741066220041,6571.285067691689,0.0016204550578461686,50.71439575580733,0.953179738100336,0.009116418129908821,-0.0071112283102027
2018-10-21 00:00:00+00:00,6590.11,6515.357792,17.58010957894997,-0.0071112283102027,0.5146240545863794,-0.0625777889569209,Bullish (>51%),-0.7818314824680299,0.6234898018587334,-1.0,-1.8369701987210294e-16,6579.643979109265,6572.679507121934,0.0015906667479220146,50.78672505335274,0.9540047231823542,0.00025954708275155447,-0.0625777889569209
2018-10-22 00:00:00+00:00,6581.2,16213.69266,18.486609107108634,-0.0625777889569209,0.518175949808586,-0.1608544120732867,Bullish (>51%),0.0,1.0,-1.0,-1.8369701987210294e-16,6579.8833669386095,6573.310654742531,0.00020009975678382454,50.371915353042745,0.31846545663577625,-0.0013520259904614695,-0.1608544120732867
2018-10-23 00:00:00+00:00,6553.51,13856.601756,18.32603804261148,-0.1608544120732867,0.5259622135596288,0.0469247205778686,Bullish (>51%),0.7818314824680298,0.6234898018587336,-1.0,-1.8369701987210294e-16,6575.8259258711305,6571.843939576418,-0.00339363087202981,49.0316068993426,0.31062727179739635,-0.004207439372758692,0.0469247205778686
2018-10-24 00:00:00+00:00,6565.5,11951.543977,18.182367931725533,0.0469247205778686,0.4645107268720884,-0.2121548604675234,Bearish (<49%),0.9749279121818236,-0.2225209339563143,-1.0,-1.8369701987210294e-16,6574.237321890956,6571.374018126313,-0.001329024411981975,49.65626536798435,0.32087135057206134,0.0018295539336934397,-0.2121548604675234
2018-10-25 00:00:00+00:00,6528.09,10342.701244,18.03047775659421,-0.2121548604675234,0.5188355198902234,0.0395251712168506,Bullish (>51%),0.4338837391175582,-0.900968867902419,-1.0,-1.8369701987210294e-16,6567.137733907733,6568.1677945614,-0.005945928879505522,47.69225942905407,0.2421801853356611,-0.0056979666438199406,0.0395251712168506
2018-10-26 00:00:00+00:00,6538.63,9443.504156,17.939292358347128,0.0395251712168506,0.495583184344394,-0.1899055786482703,Neutral,-0.433883739117558,-0.9009688679024191,-1.0,-1.8369701987210294e-16,6562.751928691158,6565.979809779074,-0.003675581364838972,48.31254471704601,0.1667149651768213,0.0016145610737596794,-0.1899055786482703
2018-10-27 00:00:00+00:00,6505.6,7776.907864,17.740789712011992,-0.1899055786482703,0.4919985946743627,-0.0989458220808616,Neutral,-0.9749279121818236,-0.2225209339563146,-1.0,-1.8369701987210294e-16,6553.959324277134,6561.50723127692,-0.007378642723338496,46.45347213314004,0.10959520181018047,-0.005051516907976117,-0.0989458220808616
2018-10-28 00:00:00+00:00,6489.93,5743.933728,17.434459842430083,-0.0989458220808616,0.4750244376426761,-0.7872943168122207,Bearish (<49%),-0.7818314824680299,0.6234898018587334,-1.0,-1.8369701987210294e-16,6544.1086590037285,6556.205214145297,-0.008278997465787235,45.557809666755745,0.10509624161957708,-0.0024086940482046515,-0.7872943168122207
2018-10-29 00:00:00+00:00,6344.5,13827.224067,18.29834045141528,-0.7872943168122207,0.4727212164442898,-0.0899842706915783,Bearish (<49%),0.0,1.0,-1.0,-1.8369701987210294e-16,6513.399634541616,6540.52334643083,-0.025931102652739756,38.19700636447217,0.2813817100069205,-0.022408562187881897,-0.0899842706915783
2018-10-30 00:00:00+00:00,6330.87,8877.175385,17.847863383157307,-0.0899842706915783,0.5122277637640703,0.2071776622060038,Bullish (>51%),0.7818314824680298,0.6234898018587336,-1.0,-1.8369701987210294e-16,6485.318152304444,6524.993468917435,-0.02381504633655694,37.584101478047195,0.28406349144176934,-0.0021483174403026384,0.2071776622060038
2018-10-31 00:00:00+00:00,6371.93,12148.888216,18.15893263728225,0.2071776622060038,0.4969798643013541,0.1895889144779824,Neutral,0.9749279121818236,-0.2225209339563143,-1.0,-1.8369701987210294e-16,6467.873821180683,6513.6554341828105,-0.01483390428342782,40.67246107540783,0.3110072384679935,0.006485680483093281,0.1895889144779824
2018-11-01 00:00:00+00:00,6410.0,9099.035841,17.876499744011156,0.1895889144779824,0.501232843533757,0.11271322562093,Neutral,0.4338837391175582,-0.900968867902419,-0.8660254037844386,0.5000000000000001,6458.970156383655,6505.977253872973,-0.00758172823190026,43.465609198015756,0.3361839420649469,0.005974641905984512,0.11271322562093
2018-11-02 00:00:00+00:00,6433.98,9739.440679,17.952106943538,0.11271322562093,0.5094373875799855,-0.266875547797396,Neutral,-0.433883739117558,-0.9009688679024191,-0.8660254037844386,0.5000000000000001,6455.1255169400165,6500.6441239564565,-0.0032757716150561764,45.21524768030575,0.34248022594153704,0.0037410296411855004,-0.266875547797396
2018-11-03 00:00:00+00:00,6387.09,7661.241476,17.70598787181632,-0.266875547797396,0.4745796054581898,0.5161366663244968,Bearish (<49%),-0.9749279121818236,-0.2225209339563146,-0.8660254037844386,0.5000000000000001,6444.658514333861,6492.2327073670895,-0.00893274860193442,42.44883409185023,0.34728174221466585,-0.007287868473324299,0.5161366663244968
2018-11-04 00:00:00+00:00,6485.85,10592.394943,18.037508882309396,0.5161366663244968,0.5396568627548767,-0.1055130895820112,Bullish (>51%),-0.7818314824680299,0.6234898018587334,-0.8660254037844386,0.5000000000000001,6450.995665974805,6491.759914228786,0.005402938682633353,49.46230722766211,0.41934723615610314,0.015462440641982544,-0.1055130895820112
2018-11-05 00:00:00+00:00,6468.99,8987.882156,17.878144496662053,-0.1055130895820112,0.5068517089934128,0.2506145072631046,Neutral,0.0,1.0,-0.8660254037844386,0.5000000000000001,6453.764025055604,6490.073253915542,0.0023592394895883134,48.37840104302476,0.2591975231933457,-0.002599505076435693,0.2506145072631046
2018-11-06 00:00:00+00:00,6519.11,11926.565699,18.16367143153571,0.2506145072631046,0.4808023764528293,0.2972941903599251,Bearish (<49%),0.7818314824680298,0.6234898018587336,-0.8660254037844386,0.5000000000000001,6463.8172519701275,6492.224123995873,0.00855419419740237,51.76247987840998,0.25378030078599445,0.007747731871590391,0.2972941903599251
2018-11-07 00:00:00+00:00,6578.46,14271.591117,18.35689475702604,0.2972941903599251,0.4946251553263302,-0.5320113107435859,Neutral,0.9749279121818236,-0.2225209339563143,-0.8660254037844386,0.5000000000000001,6481.454597820877,6498.611966662846,0.014966609842756134,55.48399308750424,0.2605941943041134,0.009104003460595145,-0.5320113107435859
2018-11-08 00:00:00+00:00,6479.84,13259.789282,18.27508097689042,-0.5320113107435859,0.4804398563594006,-0.3339373334521303,Bearish (<49%),0.4338837391175582,-0.900968867902419,-0.8660254037844386,0.5000000000000001,6481.206198156126,6497.221450613746,-0.0002107938112684918,48.75319404966198,0.3617290349777614,-0.014991350559249383,-0.3339373334521303
2018-11-09 00:00:00+00:00,6419.99,11787.616583,18.146214654435628,-0.3339373334521303,0.508480320834677,0.0539706040556277,Neutral,-0.433883739117558,-0.9009688679024191,-0.8660254037844386,0.5000000000000001,6471.788321516723,6491.500602420135,-0.008003710712309554,45.17181494633621,0.38517411759865816,-0.009236339168868457,0.0539706040556277
2018-11-10 00:00:00+00:00,6433.05,7714.829926,17.72242669835153,0.0539706040556277,0.4814280423062692,0.0736239438229491,Bearish (<49%),-0.9749279121818236,-0.2225209339563146,-0.8660254037844386,0.5000000000000001,6465.828579744919,6487.170928166791,-0.005069509551738202,46.10224052067212,0.37038633762158524,0.002034271081419181,0.0736239438229491
2018-11-11 00:00:00+00:00,6449.81,8213.507117,17.780298661184847,0.0736239438229491,0.4626161042869892,0.0013518713286355,Bearish (<49%),-0.7818314824680299,0.6234898018587334,-0.8660254037844386,0.5000000000000001,6463.364182861085,6484.403452006288,-0.0020970786230840176,47.33732372495021,0.3035058776517927,0.0026052960881697285,0.0013518713286355
2018-11-12 00:00:00+00:00,6453.07,10132.782567,17.995893389901948,0.0013518713286355,0.5094978003192753,0.0084366798631409,Neutral,0.0,1.0,-0.8660254037844386,0.5000000000000001,6461.780462420918,6482.082455561377,-0.0013479972697270051,47.58890424615765,0.3024810548722166,0.0005054412455560708,0.0084366798631409
2018-11-13 00:00:00+00:00,6457.66,11790.564933,18.148123487977276,0.0084366798631409,0.5238482050773504,-2.868787800144702,Bullish (>51%),0.7818314824680298,0.6234898018587336,-0.8660254037844386,0.5000000000000001,6461.146545125393,6480.273384779053,-0.0005396170944339773,47.965818518490444,0.278319246474541,0.0007112893552991828,-2.868787800144702
2018-11-14 00:00:00+00:00,5922.41,46478.964003,19.448987238536176,-2.868787800144702,0.4395439383434056,-0.9982334573957854,Bearish (<49%),0.9749279121818236,-0.2225209339563143,-0.8660254037844386,0.5000000000000001,6378.2639997214865,6438.950171091717,-0.07146991716576673,25.20370995928576,1.0633432055977665,-0.08288606089512296,-0.9982334573957854
2018-11-15 00:00:00+00:00,5753.4,47700.829401,19.414426852763437,-0.9982334573957854,0.512037092493154,-0.5990637187498021,Bullish (>51%),0.4338837391175582,-0.900968867902419,-0.8660254037844386,0.5000000000000001,6282.131076687411,6388.168676936775,-0.08416428600948793,21.70171792558824,1.0791497069290283,-0.02853736907779103,-0.5990637187498021
2018-11-16 00:00:00+00:00,5655.94,38721.802274,19.20502609780652,-0.5990637187498021,0.5388300506613964,-0.1843006232356651,Bullish (>51%),-0.433883739117558,-0.9009688679024191,-0.8660254037844386,0.5000000000000001,6185.793987966271,6333.9295156822,-0.08565658491004378,19.977871456183664,1.0736921167987055,-0.016939548788542425,-0.1843006232356651
2018-11-17 00:00:00+00:00,5628.29,26411.241413,18.81321185471894,-0.1843006232356651,0.5551782278504592,0.1900963634370002,Bullish (>51%),-0.9749279121818236,-0.2225209339563146,-0.8660254037844386,0.5000000000000001,6100.024143663768,6281.659921927963,-0.07733316009146765,19.504509964484598,1.052389727853636,-0.004888665721347718,0.1900963634370002
2018-11-18 00:00:00+00:00,5662.0,23844.999347,18.71999418638697,0.1900963634370002,0.5397648692164587,-4.587051208070974,Bullish (>51%),-0.7818314824680299,0.6234898018587334,-0.8660254037844386,0.5000000000000001,6032.635813869342,6235.759186970336,-0.06143845332370823,21.933125684939057,1.0666069235947622,0.005989385763704336,-4.587051208070974
2018-11-19 00:00:00+00:00,4910.03,70580.892856,19.72546333237327,-4.587051208070974,0.4935055943265665,-2.4776273013646835,Neutral,0.0,1.0,-0.8660254037844386,0.5000000000000001,5859.927227120213,6137.557024972533,-0.16210051597979108,12.716385021987946,1.7806750166636816,-0.13280996114447197,-2.4776273013646835
2018-11-20 00:00:00+00:00,4558.86,117380.95159,20.121852683425548,-2.4776273013646835,0.5112938419994283,0.7556022294646757,Bullish (>51%),0.7818314824680298,0.6234898018587336,-0.8660254037844386,0.5000000000000001,5659.763038332488,6020.616504604198,-0.19451398068722722,10.497797324228614,1.7253061041166289,-0.07152094793718167,0.7556022294646757
2018-11-21 00:00:00+00:00,4661.07,61071.829475,19.454805829222693,0.7556022294646757,0.5164183074278209,-2.165324516225444,Bullish (>51%),0.9749279121818236,-0.2225209339563143,-0.8660254037844386,0.5000000000000001,5506.117955512104,5919.9093561149975,-0.15347436475931975,15.138505624157602,1.8375274583011247,0.022420078703886404,-2.165324516225444
2018-11-22 00:00:00+00:00,4370.0,34531.119143,18.874680324649358,-2.165324516225444,0.4953420796518665,0.3825547065677125,Neutral,0.4338837391175582,-0.900968867902419,-0.8660254037844386,0.5000000000000001,5331.330577741011,5805.101255662034,-0.18031719543985694,13.061521990935773,1.876261058676816,-0.06244703469375057,0.3825547065677125
2018-11-23 00:00:00+00:00,4420.61,49371.920322,19.18746704730911,0.3825547065677125,0.5230707811965022,-3.816801366370406,Bullish (>51%),-0.433883739117558,-0.9009688679024191,-0.8660254037844386,0.5000000000000001,5191.21971962701,5702.546347835218,-0.14844482823824276,15.239077904072602,1.9712555561335368,0.01158123569794034,-3.816801366370406
2018-11-24 00:00:00+00:00,3932.44,61693.111006,19.371190964058453,-3.816801366370406,0.4902036661931148,1.326023978749974,Neutral,-0.9749279121818236,-0.2225209339563146,-0.8660254037844386,0.5000000000000001,4997.561301222855,5571.427359106683,-0.21312821134624804,12.092762603288591,2.143669794208985,-0.11043046095448361,1.326023978749974
2018-11-25 00:00:00+00:00,4085.78,101693.975588,19.80259946723968,1.326023978749974,0.5232578497627257,-1.8994296677930185,Bullish (>51%),-0.7818314824680299,0.6234898018587334,-0.8660254037844386,0.5000000000000001,4857.287254880877,5461.379406580262,-0.15883500694870845,17.83151995392805,2.3421164047305147,0.038993601936710975,-1.8994296677930185
2018-11-26 00:00:00+00:00,3862.2,94504.865717,19.73770623554986,-1.8994296677930185,0.5103706054187187,0.0998932280163012,Bullish (>51%),0.0,1.0,-0.8660254037844386,0.5000000000000001,4704.196907976127,5342.921672759501,-0.17898844892068447,16.173605034957575,1.939684637213468,-0.0547214974864042,0.0998932280163012
2018-11-27 00:00:00+00:00,3875.21,67480.607212,19.36689203057657,0.0998932280163012,0.5382625530011658,3.444540820181836,Bullish (>51%),0.7818314824680298,0.6234898018587336,-0.8660254037844386,0.5000000000000001,4576.660460595184,5234.20228959213,-0.15326687802921746,16.659184874933956,1.8846159834289347,0.003368546424317831,3.444540820181836
2018-11-28 00:00:00+00:00,4264.85,91983.567949,19.762754916918432,3.444540820181836,0.514435300501022,0.2340473388268019,Bullish (>51%),0.9749279121818236,-0.2225209339563143,-0.8660254037844386,0.5000000000000001,4528.689620503617,5162.398416289009,-0.05825959441094937,29.778747356820844,2.4377903212640546,0.10054680907615343,0.2340473388268019
2018-11-29 00:00:00+00:00,4295.84,73980.198669,19.57380974783179,0.2340473388268019,0.499626579382091,-2.055221828800873,Neutral,0.4338837391175582,-0.900968867902419,-0.8660254037844386,0.5000000000000001,4492.866601964599,5098.2089039713055,-0.04385320540753308,30.712982500976253,2.3094952169712695,0.007266375136288472,-2.055221828800873
2018-11-30 00:00:00+00:00,4041.32,67758.446283,19.44604316631705,-2.055221828800873,0.4988894906446685,1.2503501171970712,Neutral,-0.433883739117558,-0.9009688679024191,-0.8660254037844386,0.5000000000000001,4423.3978939700455,5019.920837010468,-0.08637656008537963,27.47942698066393,2.4176990911981138,-0.059248016685910065,1.2503501171970712
2018-12-01 00:00:00+00:00,4190.02,44840.073481,19.042104261639825,1.2503501171970712,0.500119860853981,-0.2543380977850155,Neutral,-0.9749279121818236,-0.2225209339563146,-0.5000000000000004,0.8660254037844384,4387.493602590039,4958.4467009356185,-0.045008294137104866,31.984870955447008,1.926140618214132,0.03679490859422185,-0.2543380977850155
2018-12-02 00:00:00+00:00,4161.01,38912.15479,18.90875350748118,-0.2543380977850155,0.504533502807851,-2.307240238965962,Neutral,-0.7818314824680299,0.6234898018587334,-0.5000000000000004,0.8660254037844384,4352.649971422341,4899.3773156811285,-0.04402834426856461,31.572763560606035,1.8838538195051022,-0.0069235946367798284,-2.307240238965962
2018-12-03 00:00:00+00:00,3884.01,49094.369163,19.088796842307342,-2.307240238965962,0.472959215911455,0.5832502578191164,Bearish (<49%),0.0,1.0,-0.5000000000000004,0.8660254037844384,4280.5515142804425,4824.164921926971,-0.09263794932908326,27.879070387890934,1.9613228109769323,-0.06657037594237936,0.5832502578191164
2018-12-04 00:00:00+00:00,3951.64,48489.551613,19.07130356359175,0.5832502578191164,0.4935957357787415,-1.5994701159758673,Neutral,0.7818314824680298,0.6234898018587336,-0.5000000000000004,0.8660254037844384,4229.949742852682,4759.533446228677,-0.06579504716880863,30.03133713358278,1.9714904081104454,0.017412416548876042,-1.5994701159758673
2018-12-05 00:00:00+00:00,3769.84,44004.799448,18.94779912610462,-1.5994701159758673,0.4658805823493365,-2.399727534254531,Bearish (<49%),0.9749279121818236,-0.2225209339563143,-0.5000000000000004,0.8660254037844384,4159.163628567654,4686.222820582108,-0.09360623032321776,27.643184771126272,1.394626417639732,-0.046006215141055296,-2.399727534254531
2018-12-06 00:00:00+00:00,3508.75,68378.796943,19.35568461374635,-2.399727534254531,0.4776109385519582,-1.0479607107210986,Bearish (<49%),0.4338837391175582,-0.900968867902419,-0.5000000000000004,0.8660254037844384,4059.0999934034,4599.002611650101,-0.13558424140765069,24.615708520020107,1.4866615861932264,-0.06925758122360637,-1.0479607107210986
2018-12-07 00:00:00+00:00,3403.55,95145.457442,19.591193774356828,-1.0479607107210986,0.5020800685216175,0.0585843993037827,Neutral,-0.433883739117558,-0.9009688679024191,-0.5000000000000004,0.8660254037844384,3958.2461482644153,4510.450566342686,-0.1401368503845155,23.4989695495848,1.410804751066832,-0.02998218738867109,0.0585843993037827
2018-12-08 00:00:00+00:00,3410.93,55365.949949,19.051473024199566,0.0585843993037827,0.5305018900254687,1.340509287739604,Bullish (>51%),-0.9749279121818236,-0.2225209339563146,-0.5000000000000004,0.8660254037844384,3874.043663916044,4429.00459846545,-0.11954270630184627,23.760273494413596,1.1699655513144223,0.0021683242496803867,1.340509287739604
2018-12-09 00:00:00+00:00,3545.37,45956.893296,18.900749783002396,1.340509287739604,0.5091716156112904,-1.1080717566773493,Neutral,-0.7818314824680299,0.6234898018587334,-0.5000000000000004,0.8660254037844384,3823.478484852037,4363.550183764305,-0.07273703407874665,28.548212450823797,1.4581063080721894,0.03941447054029257,-1.1080717566773493
2018-12-10 00:00:00+00:00,3432.88,40989.244553,18.774908226815207,-1.1080717566773493,0.5029377457382582,-0.542302803897854,Neutral,0.0,1.0,-0.5000000000000004,0.8660254037844384,3763.386410259416,4294.611651633616,-0.0878215453397021,27.019203880104314,1.309965093377224,-0.031728705325537176,-0.542302803897854
2018-12-11 00:00:00+00:00,3380.39,35920.864154,18.61823137492189,-0.542302803897854,0.5134516428927892,0.641786515960346,Bullish (>51%),0.7818314824680298,0.6234898018587336,-0.5000000000000004,0.8660254037844384,3704.463885604121,4226.891529290385,-0.08748199351153114,26.31106765670549,1.2060290991005294,-0.015290368436997603,0.641786515960346
2018-12-12 00:00:00+00:00,3445.0,33922.931286,18.57105733192378,0.641786515960346,0.53436416072573,-1.444102031202283,Bullish (>51%),0.9749279121818236,-0.2225209339563143,-0.5000000000000004,0.8660254037844384,3664.5463647419488,4168.973638231838,-0.05991092563442265,28.785196949931574,1.2420360560311554,0.019113179248548384,-1.444102031202283
2018-12-13 00:00:00+00:00,3302.06,40040.917013,18.719429259772078,-1.444102031202283,0.4912803338797999,-0.827898310549902,Neutral,0.4338837391175582,-0.900968867902419,-0.5000000000000004,0.8660254037844384,3608.7792317047256,4104.757813177628,-0.08499251741698721,26.653101695469942,1.0236308160304628,-0.041492017416545734,-0.827898310549902
2018-12-14 00:00:00+00:00,3224.17,44492.983807,18.792943431753468,-0.827898310549902,0.5067466418031684,-0.1489465773065207,Neutral,-0.433883739117558,-0.9009688679024191,-0.5000000000000004,0.8660254037844384,3549.608580673229,4039.5290862755814,-0.09168294849329706,25.542855106575942,0.9999442801711077,-0.02358830548203239,-0.1489465773065207
2018-12-15 00:00:00+00:00,3211.72,29796.041436,18.375566149817917,-0.1489465773065207,0.5384802026290215,0.1655965099980628,Bullish (>51%),-0.9749279121818236,-0.2225209339563146,-0.5000000000000004,0.8660254037844384,3497.625722108117,3978.2098946996125,-0.0817428006378549,25.361006279702806,0.9916626772747553,-0.003861458918109295,0.1655965099980628
2018-12-16 00:00:00+00:00,3228.67,24628.808538,18.198388822458742,0.1655965099980628,0.5322942639621733,2.973128928575333,Bullish (>51%),-0.7818314824680299,0.6234898018587334,-0.5000000000000004,0.8660254037844384,3456.2479187068684,3922.6884210181597,-0.06584536875237094,26.132055518017154,0.7339799817493791,0.0052775459878195985,2.973128928575333
2018-12-17 00:00:00+00:00,3509.08,66762.216388,19.248175608461167,2.973128928575333,0.5177661304278268,1.395351370829217,Bullish (>51%),0.0,1.0,-0.5000000000000004,0.8660254037844384,3464.375931213504,3892.0507602019998,0.012903931234401873,37.61392214814286,1.4300649560812322,0.08685000325211312,1.395351370829217
2018-12-18 00:00:00+00:00,3652.98,61369.615257,19.19339563489356,1.395351370829217,0.522662564962738,0.0710132144679749,Bullish (>51%),0.7818314824680298,0.6234898018587336,-0.5000000000000004,0.8660254037844384,3493.3919417960415,3874.3418150018515,0.04568283801614035,42.54912607867213,1.4682541273959693,0.04100789950642336,0.0710132144679749
2018-12-19 00:00:00+00:00,3662.22,94137.341014,19.680953198512157,0.0710132144679749,0.5110273817893966,3.624752404960092,Bullish (>51%),0.9749279121818236,-0.2225209339563143,-0.5000000000000004,0.8660254037844384,3519.365489212035,3858.629087964677,0.040590984717517715,42.861691306400154,1.4680202216168672,0.0025294417160783844,3.624752404960092
2018-12-20 00:00:00+00:00,4049.62,101543.835986,19.80689274613789,3.624752404960092,0.5197059245947325,-1.8089896891272368,Bullish (>51%),0.4338837391175582,-0.900968867902419,-0.5000000000000004,0.8660254037844384,3600.943106256337,3872.7765629302567,0.12459982857383228,54.12971579272302,1.6906733274286376,0.10578283117890241,-1.8089896891272368
2018-12-21 00:00:00+00:00,3838.66,82343.850112,19.60180432149305,-1.8089896891272368,0.5023555364576248,0.9724637642075782,Neutral,-0.433883739117558,-0.9009688679024191,-0.5000000000000004,0.8660254037844384,3637.5149360630544,3870.249410120608,0.05529738502040304,48.51854655876018,1.8988102014160462,-0.05209377670003601,0.9724637642075782
2018-12-22 00:00:00+00:00,3948.91,42822.350872,18.921974488870465,0.9724637642075782,0.5278160498838668,-0.1833863343604957,Bullish (>51%),-0.9749279121818236,-0.2225209339563146,-0.5000000000000004,0.8660254037844384,3685.4218689764302,3876.0761204820446,0.0714947000346393,51.35650206664846,1.8424256166003443,0.028720959918304922,-0.1833863343604957
2018-12-23 00:00:00+00:00,3929.71,40117.531529,18.88288123788104,-0.1833863343604957,0.5039412931073713,0.6697321063699756,Neutral,-0.7818314824680299,0.6234898018587334,-0.5000000000000004,0.8660254037844384,3723.0046583646717,3880.0490004463377,0.055521107439635474,50.830980451590214,1.8749749270581526,-0.004862101187416257,0.6697321063699756
2018-12-24 00:00:00+00:00,4008.01,64647.809129,19.393839278581044,0.6697321063699756,0.5123840876324587,-2.267784274045201,Bullish (>51%),0.0,1.0,-0.5000000000000004,0.8660254037844384,3766.8516340008764,3889.5275930058683,0.06402120110660767,52.945638963210186,1.6623403892450792,0.019925134424677804,-2.267784274045201
2018-12-25 00:00:00+00:00,3745.79,62725.629432,19.27757938168408,-2.267784274045201,0.502856273545955,0.2775237416646955,Neutral,0.7818314824680298,0.6234898018587336,-0.5000000000000004,0.8660254037844384,3763.6113826161263,3878.8803638943227,-0.004735181400088795,45.83604826664564,1.9502593299597464,-0.06542398846310271,0.2775237416646955
2018-12-26 00:00:00+00:00,3777.74,42629.375817,18.88884020191005,0.2775237416646955,0.5229309465073184,-1.927731070277163,Bullish (>51%),0.9749279121818236,-0.2225209339563143,-0.5000000000000004,0.8660254037844384,3765.785016059799,3871.3884850873355,0.0031746326168957412,46.77388853643388,1.9503572062519632,0.00852957587051062,-1.927731070277163
2018-12-27 00:00:00+00:00,3567.91,44097.392912,18.9025873130105,-1.927731070277163,0.5045530439498015,2.6015189311027958,Neutral,0.4338837391175582,-0.900968867902419,-0.5000000000000004,0.8660254037844384,3735.342705896753,3848.9085973030883,-0.04482392087677463,41.670813912897806,1.3560877006309384,-0.05554379073202498,2.6015189311027958
2018-12-28 00:00:00+00:00,3839.26,45964.304987,18.95505795444836,2.6015189311027958,0.5319328696455896,-1.3064170561578496,Bullish (>51%),-0.433883739117558,-0.9009688679024191,-0.5000000000000004,0.8660254037844384,3751.3299819126373,3848.1938863917485,0.023439691659044953,49.36443866540278,1.6896190857163602,0.07605292734401936,-1.3064170561578496
2018-12-29 00:00:00+00:00,3695.32,38874.373903,18.814108358656945,-1.3064170561578496,0.5021866871660007,0.9767189114623824,Neutral,-0.9749279121818236,-0.2225209339563146,-0.5000000000000004,0.8660254037844384,3742.7130616183854,3836.8698948071747,-0.012662755823950874,45.905475553880294,1.6951250092556518,-0.037491599943739184,0.9767189114623824
2018-12-30 00:00:00+00:00,3801.91,33222.369262,18.643554094927584,0.9767189114623824,0.5245665096177691,-0.912354686539385,Bullish (>51%),-0.7818314824680299,0.6234898018587334,-0.5000000000000004,0.8660254037844384,3751.8202829078646,3834.280272969606,0.013350777306772551,48.76827143720276,1.7643201981372498,0.02884459261985417,-0.912354686539385
2018-12-31 00:00:00+00:00,3702.9,29991.77835,18.532644356159125,-0.912354686539385,0.5176017224733858,0.8598961124349946,Bullish (>51%),0.0,1.0,-0.5000000000000004,0.8660254037844384,3744.294085537424,3824.5484008977833,-0.01105524421741104,46.31628493284275,1.7446040050700646,-0.026042173539089553,0.8598961124349946
2019-01-01 00:00:00+00:00,3797.14,23741.687033,18.294541948250085,0.8598961124349946,0.5441549238284074,0.5406727113869955,Bullish (>51%),0.7818314824680298,0.6234898018587336,0.0,1.0,3752.424226223974,3822.5181489794286,0.011916502793987881,48.947397904803054,1.5677642390639703,0.025450322720030227,0.5406727113869955
2019-01-02 00:00:00+00:00,3858.56,35156.463369,18.712429241627586,0.5406727113869955,0.5097668649401969,-0.8347050947625438,Neutral,0.9749279121818236,-0.2225209339563143,0.0,1.0,3768.7528068049014,3825.187915721693,0.02382941991656807,50.64519426428616,1.5763846388467864,0.016175331960370132,-0.8347050947625438
2019-01-03 00:00:00+00:00,3766.78,29406.948359,18.53094556806281,-0.8347050947625438,0.5030472079729611,0.2144861841703288,Neutral,0.4338837391175582,-0.900968867902419,0.0,1.0,3768.449298065686,3820.861403446012,-0.0004429668369274908,48.07250466723546,1.3820227722651008,-0.023786075634433468,0.2144861841703288
2019-01-04 00:00:00+00:00,3792.01,29519.554671,18.525351977876067,0.2144861841703288,0.5277621370523282,-0.2071016283146497,Bullish (>51%),-0.433883739117558,-0.9009688679024191,0.0,1.0,3772.074021440196,3818.7242624500113,0.005285150409692325,48.84184395641924,0.934266990420455,0.006698028554892987,-0.2071016283146497
2019-01-05 00:00:00+00:00,3770.96,30490.667751,18.568182234910104,-0.2071016283146497,0.4889664698967123,1.9612347802081416,Bearish (<49%),-0.9749279121818236,-0.2225209339563146,0.0,1.0,3771.9026335263197,3815.186168935196,-0.0002499092945669268,48.20020757913168,0.7687293285638224,-0.005551145698455495,1.9612347802081416
2019-01-06 00:00:00+00:00,3987.6,36553.806709,18.772736722198296,1.9612347802081416,0.5409255228985952,-0.1209129392875771,Bullish (>51%),-0.7818314824680299,0.6234898018587334,0.0,1.0,3805.08684375304,3827.957563828885,0.0479655691818438,54.78379048689899,1.0099760044141477,0.05744956191526818,-0.1209129392875771
2019-01-07 00:00:00+00:00,3975.45,31869.846264,18.65836116506176,-0.1209129392875771,0.5147295692960485,-0.1919656173058606,Bullish (>51%),0.0,1.0,0.0,1.0,3831.2965600987263,3838.88292947119,0.03762523668947174,54.3664528026401,0.8987258973099951,-0.0030469455311465943,-0.1919656173058606
2019-01-08 00:00:00+00:00,3955.13,38901.423122,18.857507859539293,-0.1919656173058606,0.5153533210887142,0.0842031321460117,Bullish (>51%),0.7818314824680298,0.6234898018587336,0.0,1.0,3850.347858545076,3847.493823584435,0.027213681803419643,53.630617816266025,0.8860939342266428,-0.005111371039756452,0.0842031321460117
2019-01-09 00:00:00+00:00,3966.65,28989.439511,18.56234479196446,0.0842031321460117,0.5168895043422352,-3.319892368198837,Bullish (>51%),0.9749279121818236,-0.2225209339563143,0.0,1.0,3868.2404956919872,3856.320207022625,0.025440379008908658,54.01064981627677,0.8730755446273323,0.0029126729083495118,-3.319892368198837
2019-01-10 00:00:00+00:00,3585.88,59402.22851,19.217238606635767,-3.319892368198837,0.4762165205508719,0.1320545260046709,Bearish (<49%),0.4338837391175582,-0.900968867902419,0.0,1.0,3824.8004194316813,3836.2875990950233,-0.06246611410568238,41.81258788517132,1.5630620700041922,-0.09599284030605171,0.1320545260046709
2019-01-11 00:00:00+00:00,3601.31,38338.654733,18.739576149335623,0.1320545260046709,0.5192501073561339,-0.1897901460294046,Bullish (>51%),-0.433883739117558,-0.9009688679024191,0.0,1.0,3790.417277980653,3818.881851013911,-0.049890886441241684,42.380484032885974,1.5594994271577074,0.004302988387787643,-0.1897901460294046
2019-01-12 00:00:00+00:00,3583.13,21999.928354,18.18380294157192,-0.1897901460294046,0.5293471259820086,-1.0372979164517766,Bullish (>51%),-0.9749279121818236,-0.2225209339563146,0.0,1.0,3758.526927522091,3801.418750938806,-0.046666401732480274,41.86207416548562,1.559569360621637,-0.005048163029564234,-1.0372979164517766
2019-01-13 00:00:00+00:00,3476.81,26385.757454,18.346843114132326,-1.0372979164517766,0.5189322559290134,1.461708952034591,Bullish (>51%),-0.7818314824680299,0.6234898018587334,0.0,1.0,3715.1858617494618,3777.3736582766724,-0.06416256699394626,38.8677262850599,1.2335084499594087,-0.029672381409549753,1.461708952034591
2019-01-14 00:00:00+00:00,3626.09,35235.211215,18.648866124394964,1.461708952034591,0.522670824636917,-0.709220929417671,Bullish (>51%),0.0,1.0,0.0,1.0,3701.4788060956985,3766.1674613672894,-0.020367212685790864,44.834262518079036,1.4715723698955647,0.04293590964130911,-0.709220929417671
2019-01-15 00:00:00+00:00,3553.06,34137.997459,18.625949001736505,-0.709220929417671,0.5045879581744098,0.3596084562064382,Neutral,0.7818314824680298,0.6234898018587336,0.0,1.0,3678.645143619437,3750.381723488231,-0.03413896658047132,42.641610611304316,1.4701870302619138,-0.02014015096150401,0.3596084562064382
2019-01-16 00:00:00+00:00,3591.84,27480.179977,18.40561233564397,0.3596084562064382,0.5161429034260797,0.2174734581377774,Bullish (>51%),0.9749279121818236,-0.2225209339563143,0.0,1.0,3665.2905061395236,3738.6378921187325,-0.020039477366525407,44.2021275525171,1.4922942882506,0.010914535639702239,0.2174734581377774
2019-01-17 00:00:00+00:00,3616.21,29755.440838,18.485617344969786,0.2174734581377774,0.5380697762862027,-0.2191498804100519,Bullish (>51%),0.4338837391175582,-0.900968867902419,0.0,1.0,3657.7396590411354,3729.5691593691968,-0.011353913321436936,45.21091118117155,0.8101221934347682,0.006784823377433247,-0.2191498804100519
2019-01-18 00:00:00+00:00,3594.87,22713.446755,18.218561176039824,-0.2191498804100519,0.5552254527034244,0.658259766552324,Bullish (>51%),-0.433883739117558,-0.9009688679024191,0.0,1.0,3648.067403804038,3719.5914438603677,-0.014582352219853774,44.45302279282045,0.8138683126437717,-0.005901205958724787,0.658259766552324
2019-01-19 00:00:00+00:00,3665.3,22171.578123,18.214322845785063,0.658259766552324,0.5248727946400858,-1.1993886926754111,Bullish (>51%),-0.9749279121818236,-0.2225209339563146,0.0,1.0,3650.7185724495707,3715.5698554262663,0.003994125337534731,47.576483856995914,0.8462764344753346,0.0195918072141692,-1.1993886926754111
2019-01-20 00:00:00+00:00,3539.28,27901.938598,18.41835043041777,-1.1993886926754111,0.4972812671157753,-0.1364332710783886,Neutral,-0.7818314824680299,0.6234898018587334,0.0,1.0,3633.5741766880983,3702.511347616913,-0.025950805488728076,42.92537760464649,0.8840972087755532,-0.03438190598313917,-0.1364332710783886
2019-01-21 00:00:00+00:00,3526.9,19644.436839,18.054194234596725,-0.1364332710783886,0.532569111741081,0.4136274942942509,Bullish (>51%),0.0,1.0,0.0,1.0,3617.1627648899293,3689.5030996452897,-0.024954023569540965,42.48596224833662,0.6412056239351904,-0.003497886575800746,0.4136274942942509
2019-01-22 00:00:00+00:00,3570.93,29336.442967,18.45801968880569,0.4136274942942509,0.5338524857501346,-0.1905936244878894,Bullish (>51%),0.7818314824680298,0.6234898018587336,0.0,1.0,3610.05003182994,3680.719907078972,-0.01083642372959308,44.65588982610616,0.617105920229188,0.012484051149734832,-0.1905936244878894
2019-01-23 00:00:00+00:00,3552.82,24938.842698,18.30208183445206,-0.1905936244878894,0.5267563299580662,0.1467043893857619,Bullish (>51%),0.9749279121818236,-0.2225209339563143,0.0,1.0,3601.2454115484106,3671.245839887937,-0.013446851301252812,43.92187189328357,0.6004798605897503,-0.005071507982514323,0.1467043893857619
2019-01-24 00:00:00+00:00,3569.62,20826.25118,18.120076240262645,0.1467043893857619,0.5270259383282825,-0.0577933320011155,Bullish (>51%),0.4338837391175582,-0.900968867902419,0.0,1.0,3596.379963617886,3663.7179998962383,-0.007440805445642103,44.827861581273304,0.5955031550697533,0.004728638095935045,-0.0577933320011155
2019-01-25 00:00:00+00:00,3565.29,17608.346671,17.952833611079893,-0.0577933320011155,0.5503298142101873,-0.0164303707901665,Bullish (>51%),-0.433883739117558,-0.9009688679024191,0.0,1.0,3591.5968922920574,3656.4270369409614,-0.007324567060550363,44.62773815928237,0.5921194283987952,-0.0012130142704265268,-0.0164303707901665
2019-01-26 00:00:00+00:00,3565.25,19476.532344,18.061742764807587,-0.0164303707901665,0.5238817739618465,-0.1551532288491972,Bullish (>51%),-0.9749279121818236,-0.2225209339563146,0.0,1.0,3587.5435242471253,3649.673182352742,-0.0062141473954114065,44.62575621123986,0.505814107547785,-1.1219283704844152e-05,-0.1551532288491972
2019-01-27 00:00:00+00:00,3550.84,22735.598162,18.2067869916234,-0.1551532288491972,0.5088305711848639,-1.147099351941317,Neutral,-0.7818314824680299,0.6234898018587334,0.0,1.0,3581.896828209106,3642.3522058821686,-0.008670497699576046,43.869893977677485,0.21417679439803106,-0.004041792300680136,-1.147099351941317
2019-01-28 00:00:00+00:00,3434.15,40405.111401,18.75184397531382,-1.147099351941317,0.5032598855425192,-0.2476566894456674,Neutral,0.0,1.0,0.0,1.0,3559.166546946167,3626.929820261267,-0.03512523094864255,38.22383219513302,0.4877954672153855,-0.03286264658503346,-0.2476566894456674
2019-01-29 00:00:00+00:00,3411.04,29544.928977,18.42609413969799,-0.2476566894456674,0.528899942293471,0.4596019368531704,Bullish (>51%),0.7818314824680298,0.6234898018587336,0.0,1.0,3536.377847415987,3610.9379817233953,-0.03544243653363311,37.20264846047169,0.4213530313334321,-0.006729467262641453,0.4596019368531704
2019-01-30 00:00:00+00:00,3458.18,23968.260243,18.22856485322353,0.4596019368531704,0.5559160111294024,-0.2557012315713007,Bullish (>51%),0.9749279121818236,-0.2225209339563143,0.0,1.0,3524.347409351989,3599.6225756698104,-0.018774372008960132,40.683757379225035,0.49826591946779486,0.013819832074675187,-0.2557012315713007
2019-01-31 00:00:00+00:00,3434.1,29607.190253,18.439780643775745,-0.2557012315713007,0.5176387442387271,0.2642800817016379,Bullish (>51%),0.4338837391175582,-0.900968867902419,0.0,1.0,3510.4631925286058,3587.3616441387135,-0.021753024698031666,39.47982232068088,0.4818919285935301,-0.0069632002961095285,0.2642800817016379
2019-02-01 00:00:00+00:00,3462.07,25260.476159,18.282290873531515,0.2642800817016379,0.5357517626673175,0.4084514409933294,Bullish (>51%),-0.433883739117558,-0.9009688679024191,0.4999999999999999,0.8660254037844387,3503.0180859857433,3578.08078160992,-0.011689373272025334,41.64013661516704,0.5124606132969078,0.008144783203750672,0.4084514409933294
2019-02-02 00:00:00+00:00,3504.77,17920.802,17.944804512289124,0.4084514409933294,0.5377783444066845,-0.4742562165165122,Bullish (>51%),-0.9749279121818236,-0.2225209339563146,0.4999999999999999,0.8660254037844387,3503.287611218706,3572.6503533425184,0.00042314218694090107,44.87520752512966,0.5552446097296898,0.012333661653288308,-0.4742562165165122
2019-02-03 00:00:00+00:00,3458.11,19867.33639,18.046737850045176,-0.4742562165165122,0.509716851026752,0.0348142453083133,Neutral,-0.7818314824680299,0.6234898018587334,0.4999999999999999,0.8660254037844387,3496.337209492751,3564.165882724554,-0.010933501891339802,42.12710639778816,0.5736861825040429,-0.013313284466598296,0.0348142453083133
2019-02-04 00:00:00+00:00,3463.22,23131.981108,18.19784037451971,0.0348142453083133,0.5354971423833657,0.0671372445928307,Bullish (>51%),0.0,1.0,0.4999999999999999,0.8660254037844387,3491.242254186174,3556.6884099301424,-0.008026442207662306,42.54209567113118,0.36414891059431354,0.0014776857879013061,0.0671372445928307
2019-02-05 00:00:00+00:00,3471.59,25264.41503,18.287050455738576,0.0671372445928307,0.5400015423986644,-0.6725551919311314,Bullish (>51%),0.7818314824680298,0.6234898018587336,0.4999999999999999,0.8660254037844387,3488.218830465224,3550.384824009391,-0.0047671408456350026,43.259793817754996,0.3434134597667964,0.002416825959656199,-0.6725551919311314
2019-02-06 00:00:00+00:00,3405.37,35310.244846,18.607166144945666,-0.6725551919311314,0.5112966060059815,-0.0864891537375793,Bullish (>51%),0.9749279121818236,-0.2225209339563143,0.4999999999999999,0.8660254037844387,3475.472856547497,3539.6429851938806,-0.020170739188893186,39.0987410928206,0.39342905789559934,-0.019074833145619197,-0.0864891537375793
2019-02-07 00:00:00+00:00,3398.4,18665.538638,17.968304920542266,-0.0864891537375793,0.5342407285101782,2.623614647361922,Bullish (>51%),0.4338837391175582,-0.900968867902419,0.4999999999999999,0.8660254037844387,3463.6154940017286,3529.1805418461854,-0.018828733765242817,38.677044263014395,0.38666924935139846,-0.002046767311628339,2.623614647361922
2019-02-08 00:00:00+00:00,3659.04,47968.058013,18.95200412078204,2.623614647361922,0.5316239889905255,0.0417098211644922,Bullish (>51%),-0.433883739117558,-0.9009688679024191,0.4999999999999999,0.8660254037844387,3493.6808026168474,3538.79976096869,0.04733094026772416,57.24659041924091,1.0973097451758371,0.07669491525423733,0.0417098211644922
2019-02-09 00:00:00+00:00,3665.18,24759.833719,18.320733329520387,0.0417098211644922,0.5334503817715239,0.1236855128288083,Bullish (>51%),-0.9749279121818236,-0.2225209339563146,0.4999999999999999,0.8660254037844387,3520.065294521948,3548.161260156194,0.04122500389520742,57.57253017140525,1.0984374073857321,0.0016780357689447634,0.1236855128288083
2019-02-10 00:00:00+00:00,3680.06,23250.602634,18.25458393868775,0.1236855128288083,0.535264429137893,-0.4744087961377017,Bullish (>51%),-0.7818314824680299,0.6234898018587334,0.4999999999999999,0.8660254037844387,3544.6798645954946,3557.931537181661,0.03819248580293286,58.40023725652719,1.058034823778963,0.004059827893855283,-0.4744087961377017
2019-02-11 00:00:00+00:00,3631.05,24954.614571,18.323418811664723,-0.4744087961377017,0.5094525355151799,-0.012157960357354,Neutral,0.0,1.0,0.4999999999999999,0.8660254037844387,3557.9675777346492,3563.347719612649,0.020540496974366017,54.62058095818483,1.0964800735244307,-0.013317717645907834,-0.012157960357354
2019-02-12 00:00:00+00:00,3631.46,29479.59823,18.486154202846564,-0.012157960357354,0.5083556265617396,-0.225120852969822,Neutral,0.7818314824680298,0.6234898018587336,0.4999999999999999,0.8660254037844387,3569.2741042370108,3568.393073715416,0.017422560987728486,54.64702496839598,1.098871910771359,0.00011291499703935948,-0.225120852969822
2019-02-13 00:00:00+00:00,3609.4,25773.997648,18.351874365234973,-0.225120852969822,0.525834083058965,-0.1956941870404289,Bullish (>51%),0.9749279121818236,-0.2225209339563143,0.4999999999999999,0.8660254037844387,3575.4473189697783,3571.4306238105705,0.00949606524757995,52.86210331367576,1.05020319561529,-0.006074691721786762,-0.1956941870404289
2019-02-14 00:00:00+00:00,3590.56,21753.501261,18.1769204401701,-0.1956941870404289,0.518131535920019,0.0981201993278424,Bullish (>51%),0.4338837391175582,-0.900968867902419,0.4999999999999999,0.8660254037844387,3577.7723468205813,3572.8476146394173,0.0035741942023735725,51.32039332976281,1.0574174148969984,-0.005219704105945633,0.0981201993278424
2019-02-15 00:00:00+00:00,3602.47,20777.872899,18.13217644267681,0.0981201993278424,0.521727943360445,0.136244996429365,Bullish (>51%),-0.433883739117558,-0.9009688679024191,0.4999999999999999,0.8660254037844387,3581.571985771261,3575.041865406868,0.005834872037128271,52.26811835201932,0.216652228597141,0.003317031326589781,0.136244996429365
2019-02-16 00:00:00+00:00,3618.41,19565.992751,18.076709364220896,0.136244996429365,0.5341982828581904,0.4516517839851321,Bullish (>51%),-0.9749279121818236,-0.2225209339563146,0.4999999999999999,0.8660254037844387,3587.239372575683,3578.2543198211742,0.008689307901394962,53.57094423236104,0.22897098757588127,0.004424741913187313,0.4516517839851321
2019-02-17 00:00:00+00:00,3667.58,25690.227779,18.352684873140685,0.4516517839851321,0.5061911006733079,2.1519155383042974,Neutral,-0.7818314824680299,0.6234898018587334,0.4999999999999999,0.8660254037844387,3599.5994691025007,3584.871036871458,0.018885581987945172,57.43079029197614,0.2998239487269236,0.013588841507734095,2.1519155383042974
2019-02-18 00:00:00+00:00,3898.6,64042.730492,19.308152212667736,2.1519155383042974,0.5298801739135567,0.0650870019959384,Bullish (>51%),0.0,1.0,0.4999999999999999,0.8660254037844387,3645.599550779039,3608.1102193254237,0.06939885900712725,70.03526249759899,0.8292347929480173,0.0629897643677848,0.0650870019959384
2019-02-19 00:00:00+00:00,3907.79,50207.172667,19.099179361519926,0.0650870019959384,0.5379430095603077,0.5295770859513316,Bullish (>51%),0.7818314824680298,0.6234898018587336,0.4999999999999999,0.8660254037844387,3685.9365429668787,3630.3087215976147,0.060189168871189316,70.41059478700868,0.824210806813699,0.0023572564510336846,0.5295770859513316
2019-02-20 00:00:00+00:00,3969.74,36205.14085,18.77535463905555,0.5295770859513316,0.5511013219549454,-0.2972123772042908,Bullish (>51%),0.9749279121818236,-0.2225209339563143,0.4999999999999999,0.8660254037844387,3729.598613279667,3655.4517792570505,0.0643879976427709,72.876943921137,0.784125146753679,0.015852950132939636,-0.2972123772042908
2019-02-21 00:00:00+00:00,3937.31,31103.884728,18.62536923440804,-0.2972123772042908,0.5362266189851731,0.1997812502643856,Bullish (>51%),0.4338837391175582,-0.900968867902419,0.4999999999999999,0.8660254037844387,3761.554211236641,3676.3301659787503,0.046724247184404585,69.60612790168139,0.799121097658165,-0.008169300760251241,0.1997812502643856
2019-02-22 00:00:00+00:00,3962.0,23943.16375,18.36663970687585,0.1997812502643856,0.5401156935244199,1.337033363092953,Bullish (>51%),-0.433883739117558,-0.9009688679024191,0.4999999999999999,0.8660254037844387,3792.3920248925424,3697.4908944247686,0.044723217956947225,70.68486756909606,0.7926017607278472,0.006270778780436359,1.337033363092953
2019-02-23 00:00:00+00:00,4117.76,33657.942883,18.72656828228646,1.337033363092953,0.5285645910340407,-3.1437362873166688,Bullish (>51%),-0.9749279121818236,-0.2225209339563146,0.4999999999999999,0.8660254037844387,3842.448636447536,3728.621939282193,0.0716499788548893,76.38027699331987,0.8388328118418177,0.03931347804139329,-3.1437362873166688
2019-02-24 00:00:00+00:00,3743.56,62224.18689,19.313280256102274,-3.1437362873166688,0.486707540534645,0.7595472112213462,Bearish (<49%),-0.7818314824680299,0.6234898018587334,0.4999999999999999,0.8660254037844387,3827.235000070992,3729.728462298327,-0.02186304213601727,50.83038704848758,1.6639824068930953,-0.09087465029530628,0.7595472112213462
2019-02-25 00:00:00+00:00,3827.92,38102.966245,18.79421177882346,0.7595472112213462,0.5357621027386237,-0.1840900373995584,Bullish (>51%),0.0,1.0,0.4999999999999999,0.8660254037844387,3827.340384675455,3737.001909535488,0.00015144075684145133,54.523655087571186,1.4501368802983743,0.022534699590763818,-0.1840900373995584
2019-02-26 00:00:00+00:00,3809.23,28838.748036,18.51537797326904,-0.1840900373995584,0.5128590635258186,0.063828091421019,Bullish (>51%),0.7818314824680298,0.6234898018587336,0.4999999999999999,0.8660254037844387,3824.554171648462,3742.3521384587852,-0.004006786401944769,53.56371931257387,1.4490809659928068,-0.004882547179669405,0.063828091421019
2019-02-27 00:00:00+00:00,3818.07,31500.995466,18.5993625441953,0.063828091421019,0.5147213796307017,-0.0555273489362073,Bullish (>51%),0.9749279121818236,-0.2225209339563143,0.4999999999999999,0.8660254037844387,3823.556606779468,3747.96086894332,-0.001434948490036641,53.97644831998985,1.4250912260230784,0.002320678982366653,-0.0555273489362073
2019-02-28 00:00:00+00:00,3813.69,32561.961044,18.64145138929768,-0.0555273489362073,0.5192283191468092,0.0679763220653339,Bullish (>51%),0.4338837391175582,-0.900968867902419,0.4999999999999999,0.8660254037844387,3822.0386672749346,3752.829693466037,-0.0021843492444012964,53.72166934054008,1.4247254130264377,-0.0011471764530247563,0.0679763220653339
2019-03-01 00:00:00+00:00,3823.0,23174.57217,18.302475154895443,0.0679763220653339,0.5512055411981313,-0.0436827830339319,Bullish (>51%),-0.433883739117558,-0.9009688679024191,0.8660254037844386,0.5000000000000001,3822.1865646172523,3758.0274939500346,0.0002128193820463446,54.21635566251276,1.420255293470383,0.0024412052369227055,-0.0436827830339319
2019-03-02 00:00:00+00:00,3819.93,19445.838355,18.12194254757169,-0.0436827830339319,0.5270508510817044,-0.125786291976706,Bullish (>51%),-0.9749279121818236,-0.2225209339563146,0.8660254037844386,0.5000000000000001,3821.8394008299824,3762.6128647685505,-0.0004996025813036324,54.01132894503704,1.2641886070974355,-0.0008030342662830314,-0.125786291976706
2019-03-03 00:00:00+00:00,3807.75,16718.16541,17.971136765199667,-0.125786291976706,0.5296166571425255,-0.851685197231666,Bullish (>51%),-0.7818314824680299,0.6234898018587334,0.8660254037844386,0.5000000000000001,3819.671800702293,3765.9563562671765,-0.0031211583937920577,53.15251798880802,0.31808906172592305,-0.003188540104137938,-0.851685197231666
2019-03-04 00:00:00+00:00,3715.3,34742.84166,18.681040988159346,-0.851685197231666,0.5187549879591513,1.3033932655329907,Bullish (>51%),0.0,1.0,0.8660254037844386,0.5000000000000001,3803.614600594248,3762.204033580719,-0.023218598587893217,47.03870213114569,0.3179843497584322,-0.02427943010964473,1.3033932655329907
2019-03-05 00:00:00+00:00,3857.73,32962.536162,18.64338844639541,1.3033932655329907,0.5454716112751035,0.0206241087999674,Bullish (>51%),0.7818314824680298,0.6234898018587336,0.8660254037844386,0.5000000000000001,3811.9400466566713,3769.2800310932585,0.012012243839849905,55.52607385655687,0.637096039653353,0.03833606976556392,0.0206241087999674
2019-03-06 00:00:00+00:00,3861.84,24775.11883,18.373773999717944,0.0206241087999674,0.5303617174618411,0.0891202231753093,Bullish (>51%),0.9749279121818236,-0.2225209339563143,0.8660254037844386,0.5000000000000001,3819.616962555645,3776.1363250863506,0.011054259591544083,55.7464617002351,0.6371627704945307,0.0010653933790079062,0.0891202231753093
2019-03-07 00:00:00+00:00,3873.64,26455.257661,18.446206749499595,0.0891202231753093,0.5052283513648747,-0.0937887931512622,Neutral,0.4338837391175582,-0.900968867902419,0.8660254037844386,0.5000000000000001,3827.928199085546,3783.3588195243988,0.011941655782721801,56.4142693122217,0.6357013629107764,0.003055538292627169,-0.0937887931512622
2019-03-08 00:00:00+00:00,3864.89,34730.366592,18.72079164757064,-0.0937887931512622,0.5167792911271554,0.6798978224281705,Bullish (>51%),-0.433883739117558,-0.9009688679024191,0.8660254037844386,0.5000000000000001,3833.6146299954626,3789.398166226295,0.008158193512678222,55.74252999297898,0.6385391280396865,-0.0022588573021756764,0.6798978224281705
2019-03-09 00:00:00+00:00,3943.04,30979.747653,18.614219213370745,0.6798978224281705,0.5309064083485936,-0.2449109987712339,Bullish (>51%),-0.9749279121818236,-0.2225209339563146,0.8660254037844386,0.5000000000000001,3850.449302303853,3800.779042802125,0.024046725570635814,60.29044589673346,0.6794976917277196,0.020220497866692222,-0.2449109987712339
2019-03-10 00:00:00+00:00,3916.82,23187.561412,18.323001206372044,-0.2449109987712339,0.5398798158879029,-0.4133108975610491,Bullish (>51%),-0.7818314824680299,0.6234898018587334,0.8660254037844386,0.5000000000000001,3860.660178872491,3809.3746692612267,0.014546688526186367,58.13205593313587,0.688865178300106,-0.006649691608505037,-0.4133108975610491
2019-03-11 00:00:00+00:00,3871.61,38066.885705,18.81084249130985,-0.4133108975610491,0.5100554104810765,0.0828098097231822,Bullish (>51%),0.0,1.0,0.8660254037844386,0.5000000000000001,3862.3447667382616,3813.9846937603947,0.002398862302901825,54.508522049358284,0.5989100786159441,-0.011542526845757517,0.0828098097231822
2019-03-12 00:00:00+00:00,3882.73,26921.008622,18.463681318348318,0.0828098097231822,0.5136293836219848,-0.1643438309993693,Bullish (>51%),0.7818314824680298,0.6234898018587336,0.8660254037844386,0.5000000000000001,3865.4809564708366,3819.076938667032,0.0044623279026348266,55.24742874227414,0.3452095051228834,0.0028721901224555424,-0.1643438309993693
2019-03-13 00:00:00+00:00,3866.0,24461.008757,18.3660138650047,-0.1643438309993693,0.5248821351787394,0.0829532580313623,Bullish (>51%),0.9749279121818236,-0.2225209339563143,0.8660254037844386,0.5000000000000001,3865.5608093214773,3822.552720987993,0.00011361629015474084,53.83076765810004,0.3519182297653537,-0.004308823946037932,0.0829532580313623
2019-03-14 00:00:00+00:00,3877.12,27048.74853,18.466352133377,0.0829532580313623,0.5266216033322707,0.3979845530760869,Bullish (>51%),0.4338837391175582,-0.900968867902419,0.8660254037844386,0.5000000000000001,3867.3391463489424,3826.594741655549,0.002529091264284721,54.66291647916198,0.3516386267840196,0.002876357992757317,0.3979845530760869
2019-03-15 00:00:00+00:00,3923.76,21740.061498,18.257219025668224,0.3979845530760869,0.5531587633782139,0.7051566898501965,Bullish (>51%),-0.433883739117558,-0.9009688679024191,0.8660254037844386,0.5000000000000001,3876.0192776798744,3833.7921681995826,0.012316946562944504,58.076018770787414,0.3801047922900967,0.012029547705513455,0.7051566898501965
2019-03-16 00:00:00+00:00,4005.98,28568.376124,18.553703563335088,0.7051566898501965,0.5453803538700568,-0.2294587913849133,Bullish (>51%),-0.9749279121818236,-0.2225209339563146,0.8660254037844386,0.5000000000000001,3896.0132349598935,3846.546822407021,0.028225459824763297,63.3186007817231,0.38702558625226713,0.020954390686484414,-0.2294587913849133
2019-03-17 00:00:00+00:00,3981.14,18814.255577,18.13158317759841,-0.2294587913849133,0.5276380199244064,0.0416190872771563,Bullish (>51%),-0.7818314824680299,0.6234898018587334,0.8660254037844386,0.5000000000000001,3909.1096603506794,3856.5166874139086,0.018426277569010115,60.84315595842992,0.38501041294932503,-0.006200729908786395,0.0416190872771563
2019-03-18 00:00:00+00:00,3987.81,22454.47801,18.310042530037123,0.0416190872771563,0.532819768229384,0.2231991908846873,Bullish (>51%),0.0,1.0,0.8660254037844386,0.5000000000000001,3921.217404912113,3866.242117975841,0.016982632741675125,61.2808859247991,0.3242208339879121,0.0016753995086835616,0.2231991908846873
2019-03-19 00:00:00+00:00,4015.53,19893.741815,18.191314727728603,0.2231991908846873,0.5401513031046643,0.2197477076540454,Bullish (>51%),0.7818314824680298,0.6234898018587336,0.8660254037844386,0.5000000000000001,3935.727034925634,3877.3004796072605,0.02027654976226621,63.12578841161649,0.3250868844496062,0.006951183732424537,0.2197477076540454
2019-03-20 00:00:00+00:00,4043.04,23432.300255,18.35901525685199,0.2197477076540454,0.5207006630258801,-0.5472438868595979,Bullish (>51%),0.9749279121818236,-0.2225209339563143,0.8660254037844386,0.5000000000000001,3952.236721860152,3889.5774811178335,0.022975161795751587,64.9126097082821,0.2939064858092693,0.00685090137540989,-0.5472438868595979
2019-03-21 00:00:00+00:00,3980.64,35997.682119,18.785396087629195,-0.5472438868595979,0.5195951721326995,0.0383407511378138,Bullish (>51%),0.4338837391175582,-0.900968867902419,0.8660254037844386,0.5000000000000001,3956.60645695859,3896.3228528868826,0.00607428191377015,58.04222421319402,0.4110236723429823,-0.015433930903478554,0.0383407511378138
2019-03-22 00:00:00+00:00,3986.93,20022.606318,18.19580999953478,0.0383407511378138,0.5274885002111442,0.1486661601895236,Bullish (>51%),-0.433883739117558,-0.9009688679024191,0.8660254037844386,0.5000000000000001,3961.2716174264997,3903.03449341378,0.006477309574184036,58.51882399119884,0.39191378133666593,0.0015801479159129883,0.1486661601895236
2019-03-23 00:00:00+00:00,4006.01,17302.604318,18.05207519630655,0.1486661601895236,0.5485385063175897,-0.1348647321756032,Bullish (>51%),-0.9749279121818236,-0.2225209339563146,0.8660254037844386,0.5000000000000001,3968.1544455147305,3910.662308716463,0.009539838986876758,60.00298615077939,0.28105724074457744,0.004785637069123494,-0.1348647321756032
2019-03-24 00:00:00+00:00,3992.18,17179.850648,18.042695814393436,-0.1348647321756032,0.5015972549216076,-0.4993524849440238,Neutral,-0.7818314824680299,0.6234898018587334,0.8660254037844386,0.5000000000000001,3971.8506846663104,3916.700656218947,0.005118348333730829,58.372682726716334,0.2711270406353005,-0.0034523128998680264,-0.4993524849440238
2019-03-25 00:00:00+00:00,3936.12,33192.890217,18.69457342607496,-0.4993524849440238,0.5136833434970777,0.0926443802143624,Bullish (>51%),0.0,1.0,0.8660254037844386,0.5000000000000001,3966.3536562561085,3918.1391261286544,-0.007622531644000329,52.18335893327721,0.32793403181734837,-0.014042452995606358,0.0926443802143624
2019-03-26 00:00:00+00:00,3948.55,29349.537627,18.56330875774616,0.0926443802143624,0.5439235673107866,0.7640851403557337,Bullish (>51%),0.7818314824680298,0.6234898018587336,0.8660254037844386,0.5000000000000001,3963.614632216707,3920.391783452458,-0.003800730801188317,53.36410520382712,0.3111812335471788,0.003157932176864664,0.7640851403557337
2019-03-27 00:00:00+00:00,4038.05,32364.555852,18.680590136271643,0.7640851403557337,0.5550686585396123,-0.1033231766370659,Bullish (>51%),0.9749279121818236,-0.2225209339563143,0.8660254037844386,0.5000000000000001,3975.066227260291,3929.1072069004244,0.015844710286278492,60.85871731953105,0.4435253222232481,0.022666548479821635,-0.1033231766370659
2019-03-28 00:00:00+00:00,4027.81,20089.293875,18.207762616588443,-0.1033231766370659,0.5033440368246891,0.6285908553514399,Neutral,0.4338837391175582,-0.900968867902419,0.8660254037844386,0.5000000000000001,3983.1806538356304,3936.4185249078,0.011204449419434034,59.677043133800346,0.3831457699237386,-0.0025358774656084604,0.6285908553514399
2019-03-29 00:00:00+00:00,4103.25,30084.217444,18.62432193519156,0.6285908553514399,0.5584492800343954,0.0151587594945643,Bullish (>51%),-0.433883739117558,-0.9009688679024191,0.8660254037844386,0.5000000000000001,4001.652860937841,3948.7764119516664,0.025388793729186263,65.05960650430292,0.44216362199081843,0.018729781196233253,0.0151587594945643
2019-03-30 00:00:00+00:00,4106.97,19509.292601,18.19570846630978,0.0151587594945643,0.5290888289035611,-0.0413527434523486,Bullish (>51%),-0.9749279121818236,-0.2225209339563146,0.8660254037844386,0.5000000000000001,4017.855497716635,3960.4944555108023,0.02217961853879748,65.30554290895816,0.4440023962277214,0.0009065984280753892,-0.0413527434523486
2019-03-31 00:00:00+00:00,4103.95,13525.087433,17.831391599178747,-0.0413527434523486,0.5045924776314901,0.3245302984694369,Neutral,-0.7818314824680299,0.6234898018587334,0.8660254037844386,0.5000000000000001,4031.1008057602294,3971.1207921396317,0.01807178677736682,64.90612329736643,0.4367907833534476,-0.0007353352958507919,0.3245302984694369
2019-04-01 00:00:00+00:00,4144.56,25507.067641,18.47316159531985,0.3245302984694369,0.5063415952698536,5.902676421878606,Neutral,0.0,1.0,1.0,6.123233995736766e-17,4048.556066412502,3983.9681408700294,0.023713129326270965,67.76150897262946,0.34207963854741225,0.009895344728859001,5.902676421878606
2019-04-02 00:00:00+00:00,4857.29,105383.639263,20.007911342733493,5.902676421878606,0.5287931036897238,0.5175852936477546,Bullish (>51%),0.7818314824680298,0.6234898018587336,1.0,6.123233995736766e-17,4172.976671579809,4048.658648953731,0.16398685693134332,87.29686051060585,2.157289759150191,0.17196759125214722,0.5175852936477546
2019-04-03 00:00:00+00:00,4932.6,109890.125743,20.12342860236148,0.5175852936477546,0.509377747841604,-0.2528635735698759,Neutral,0.9749279121818236,-0.2225209339563143,1.0,6.123233995736766e-17,4289.841799029069,4114.135786068269,0.14983261180316915,88.11628871591978,2.1651142452901193,0.015504530303934949,-0.2528635735698759
2019-04-04 00:00:00+00:00,4898.66,61054.254168,19.523986441356403,-0.2528635735698759,0.511075088529284,0.7307420742433707,Bullish (>51%),0.4338837391175582,-0.900968867902419,1.0,6.123233995736766e-17,4383.506137639982,4172.248690803953,0.11752096294254757,85.44136206086684,2.1789098198586787,-0.006880752544297208,0.7307420742433707
2019-04-05 00:00:00+00:00,5004.95,39768.552806,19.102063143630215,0.7307420742433707,0.5339806137928186,0.2517353399058125,Bullish (>51%),-0.433883739117558,-0.9009688679024191,1.0,6.123233995736766e-17,4479.112885695369,4233.930269262919,0.11739760254401267,86.7934651792002,2.176242917504545,0.02169777041068377,0.2517353399058125
2019-04-06 00:00:00+00:00,5043.89,41770.842313,19.16719527172691,0.2517353399058125,0.5217999126203064,0.8463264440107132,Bullish (>51%),-0.9749279121818236,-0.2225209339563146,1.0,6.123233995736766e-17,4566.0016725114665,4293.927286354555,0.10466231985098637,87.26027226417449,2.159664756112743,0.007780297505469713,0.8463264440107132
2019-04-07 00:00:00+00:00,5170.27,37615.486804,19.07776930962647,0.8463264440107132,0.5185261308362462,0.4275009103435174,Bullish (>51%),-0.7818314824680299,0.6234898018587334,1.0,6.123233995736766e-17,4658.9660305866255,4358.8415614394025,0.10974623254529181,88.6611052781936,2.1095699146448665,0.025056057923547037,0.4275009103435174
2019-04-08 00:00:00+00:00,5236.9,50178.430782,19.37806381242852,0.4275009103435174,0.5042438555307789,-0.5871633893184325,Neutral,0.0,1.0,1.0,6.123233995736766e-17,4747.878948957914,4423.882927258706,0.10299779255101232,89.32740899235894,2.1028883453004372,0.012887141290493398,-0.5871633893184325
2019-04-09 00:00:00+00:00,5150.0,34067.012311,18.983910720355365,-0.5871633893184325,0.4980479638222185,1.0415467170236905,Neutral,0.7818314824680298,0.6234898018587336,1.0,6.123233995736766e-17,4809.743726041312,4477.669377091395,0.07074311924696626,82.51690737351595,0.5226079762001615,-0.01659378640035125,1.0415467170236905
2019-04-10 00:00:00+00:00,5308.25,40073.620471,19.166752551485263,1.0415467170236905,0.5307636469829858,-1.902053085933542,Bullish (>51%),0.9749279121818236,-0.2225209339563143,1.0,6.123233995736766e-17,4886.436998958033,4539.193867677218,0.08632322510899317,84.79097949639004,0.5953870761849747,0.030728155339805774,-1.902053085933542
2019-04-11 00:00:00+00:00,5017.37,54696.600686,19.442184841745348,-1.902053085933542,0.486887888369568,0.1941369704476867,Bearish (<49%),0.4338837391175582,-0.900968867902419,1.0,6.123233995736766e-17,4906.580537579874,4574.61432192335,0.022579770488139618,67.42937252969661,1.0368504834219432,-0.05479772052936471,0.1941369704476867
2019-04-12 00:00:00+00:00,5048.01,33276.678614,18.93042034468464,0.1941369704476867,0.5078508804628743,-0.0350666259621605,Neutral,-0.433883739117558,-0.9009688679024191,1.0,6.123233995736766e-17,4928.338916413739,4609.680668447546,0.024282234971239318,68.16872892207402,1.0030703038580202,0.006106785028809902,-0.0350666259621605
2019-04-13 00:00:00+00:00,5045.22,17292.456802,18.28573102534593,-0.0350666259621605,0.5026499911796628,0.571179212651234,Neutral,-0.9749279121818236,-0.2225209339563146,1.0,6.123233995736766e-17,4946.320621580856,4641.942841155135,0.019994534520800203,68.01732143286637,0.9987742060098951,-0.0005526930414163633,0.571179212651234
2019-04-14 00:00:00+00:00,5131.3,18281.607739,18.34374495111019,0.571179212651234,0.5493998017238609,-0.7293755982973104,Bullish (>51%),-0.7818314824680299,0.6234898018587334,1.0,6.123233995736766e-17,4974.778987491493,4678.191519588088,0.03146290777983521,70.21536917558262,0.964650221994276,0.017061694039110176,-0.7293755982973104
2019-04-15 00:00:00+00:00,5024.95,29057.191581,18.810609464609872,-0.7293755982973104,0.4876676523434455,1.002933877131093,Bearish (<49%),0.0,1.0,1.0,6.123233995736766e-17,4982.497604800495,4703.877332951934,0.008520304186118125,64.33270545483686,0.9700093198948346,-0.020725742014694237,1.002933877131093
2019-04-16 00:00:00+00:00,5173.72,24242.229493,18.632412643037515,1.002933877131093,0.5281953861420777,0.1775405921859947,Bullish (>51%),0.7818314824680298,0.6234898018587336,1.0,6.123233995736766e-17,5011.916434831188,4738.680493474013,0.03228377154182585,68.32988806860482,1.049025066389148,0.02960626473895278,0.1775405921859947
2019-04-17 00:00:00+00:00,5202.82,23307.536134,18.611072528003383,0.1775405921859947,0.522257335739716,0.3518927326639934,Bullish (>51%),0.9749279121818236,-0.2225209339563143,1.0,6.123233995736766e-17,5041.286214087929,4773.061197661123,0.03204217714532117,69.06029075021578,0.9555237727222914,0.00562457960616336,0.3518927326639934
2019-04-18 00:00:00+00:00,5258.44,22619.239001,18.591040457857403,0.3518927326639934,0.5351573910804356,-0.0144733763638014,Bullish (>51%),0.4338837391175582,-0.900968867902419,1.0,6.123233995736766e-17,5074.694488843632,4809.015183019558,0.03620819175623668,70.46248873893336,0.5358087610071935,0.010690356383653565,-0.0144733763638014
2019-04-19 00:00:00+00:00,5258.68,24611.236323,18.674836872405425,-0.0144733763638014,0.5237316474001824,0.2002654504369058,Bullish (>51%),-0.433883739117558,-0.9009688679024191,1.0,6.123233995736766e-17,5102.999952098458,4842.323687981072,0.03050755425492863,70.46870802451761,0.5431751244115703,4.564091251402225e-05,0.2002654504369058
2019-04-20 00:00:00+00:00,5291.73,19168.908274,18.434027874916996,0.2002654504369058,0.5232051882476445,-0.24752320173538,Bullish (>51%),-0.9749279121818236,-0.2225209339563146,1.0,6.123233995736766e-17,5132.0353440833105,4875.613044426918,0.031117216700543567,71.36291951277961,0.534187092991553,0.006284847147953299,-0.24752320173538
2019-04-21 00:00:00+00:00,5256.14,25549.570939,18.712827319293787,-0.24752320173538,0.5145985052895999,0.6453123586980661,Bullish (>51%),-0.7818314824680299,0.6234898018587334,1.0,6.123233995736766e-17,5151.128368070494,4903.800226321221,0.020386141525888978,68.94198636246172,0.5348368050285932,-0.006725588796102411,0.6453123586980661
2019-04-22 00:00:00+00:00,5357.14,29563.852309,18.869410958764696,0.6453123586980661,0.5353837072911349,0.8587978739596422,Bullish (>51%),0.0,1.0,1.0,6.123233995736766e-17,5182.822465290417,4937.380950297427,0.033633707478308385,71.85954365686912,0.4162594599799479,0.01921562211052219,0.8587978739596422
2019-04-23 00:00:00+00:00,5493.31,41262.103917,19.24113903183994,0.8587978739596422,0.5152431032543852,-0.5066858099549052,Bullish (>51%),0.7818314824680298,0.6234898018587336,1.0,6.123233995736766e-17,5230.589778322661,4978.560879905025,0.050227647896637036,75.23702722158939,0.37759315768221596,0.025418413556487218,-0.5066858099549052
2019-04-24 00:00:00+00:00,5415.0,48224.152413,19.38573593656407,-0.5066858099549052,0.4852586795012624,-1.256096646278601,Bearish (<49%),0.9749279121818236,-0.2225209339563143,1.0,6.123233995736766e-17,5258.960581657636,5010.889703615764,0.029671151916712057,70.03137409374109,0.48291900906531415,-0.014255521716415087,-1.256096646278601
2019-04-25 00:00:00+00:00,5219.9,49636.089948,19.395585854889895,-1.256096646278601,0.4311615195197768,0.6050678198206976,Bearish (<49%),0.4338837391175582,-0.900968867902419,1.0,6.123233995736766e-17,5252.951261402615,5026.371947792375,-0.00629194137883367,59.06637402545996,0.7159363467480536,-0.03602954755309329,0.6050678198206976
2019-04-26 00:00:00+00:00,5314.1,48912.294513,19.37488250730329,0.6050678198206976,0.5126874244334431,-0.1352796534384596,Bullish (>51%),-0.433883739117558,-0.9009688679024191,1.0,6.123233995736766e-17,5262.358759648367,5047.6851368447915,0.00983232856497436,62.14802108269796,0.7575364486266006,0.018046322726489095,-0.1352796534384596
2019-04-27 00:00:00+00:00,5295.69,15422.896935,18.219172898888456,-0.1352796534384596,0.5134072469894255,0.0608410903779283,Bullish (>51%),-0.9749279121818236,-0.2225209339563146,1.0,6.123233995736766e-17,5267.486642779387,5066.055867448881,0.005354234217048024,61.1786498272405,0.7565224335208709,-0.003464368378464977,0.0608410903779283
2019-04-28 00:00:00+00:00,5307.52,14371.433869,18.149883154619832,0.0608410903779283,0.4982643896407717,-0.465952410927526,Neutral,-0.7818314824680299,0.6234898018587334,1.0,6.123233995736766e-17,5273.645620813328,5083.9420994897055,0.006423332476680234,61.59320896763541,0.749000957822928,0.002233892089605005,-0.465952410927526
2019-04-29 00:00:00+00:00,5238.14,19918.135079,18.46777567692854,-0.465952410927526,0.5012327759302069,0.5271461515695061,Neutral,0.0,1.0,1.0,6.123233995736766e-17,5268.1832176112775,5095.364166194172,-0.005702766280193942,57.701526513093,0.7160807795047788,-0.013072018569878274,0.5271461515695061
2019-04-30 00:00:00+00:00,5320.81,22238.06823,18.580329191016368,0.5271461515695061,0.5515116156292142,0.3875253937693131,Bullish (>51%),0.7818314824680298,0.6234898018587336,1.0,6.123233995736766e-17,5276.279645671081,5112.063857587196,0.008439725965899873,60.873799593156654,0.6482971657753953,0.01578231967835908,0.3875253937693131
2019-05-01 00:00:00+00:00,5383.2,17217.473216,18.33941575865357,0.3875253937693131,0.5596794476233092,0.6851342251986983,Bullish (>51%),0.9749279121818236,-0.2225209339563143,0.8660254037844387,-0.4999999999999998,5292.728930952453,5132.148016284441,0.017093463547407862,63.121658189764794,0.6582954438686949,0.011725658311422471,0.6851342251986983
2019-05-02 00:00:00+00:00,5492.87,22795.787835,18.63980476543056,0.6851342251986983,0.5224165086198698,1.7372736691673527,Bullish (>51%),0.4338837391175582,-0.900968867902419,0.8660254037844387,-0.4999999999999998,5323.519864652076,5158.868163226334,0.03181168468486446,66.73903461941384,0.42951577132466606,0.020372640808441034,1.7372736691673527
2019-05-03 00:00:00+00:00,5772.69,46297.172849,19.393109356161,1.7372736691673527,0.5398330319545599,0.3223674829653807,Bullish (>51%),-0.433883739117558,-0.9009688679024191,0.8660254037844387,-0.4999999999999998,5392.62296239791,5204.3364474317905,0.07047906746906842,73.80044979677024,0.7114948157496186,0.05094240351583057,0.3223674829653807
2019-05-04 00:00:00+00:00,5829.45,39682.408991,19.24898179842409,0.3223674829653807,0.530141692803259,-0.3338618946029247,Bullish (>51%),-0.9749279121818236,-0.2225209339563146,0.8660254037844387,-0.4999999999999998,5459.827122029001,5250.641155029436,0.06769864131405656,74.9616597538244,0.6742112197004209,0.009832504430343558,-0.3338618946029247
2019-05-05 00:00:00+00:00,5775.62,23822.543775,18.740247751628683,-0.3338618946029247,0.4963402746858842,-0.1818867269063144,Neutral,-0.7818314824680299,0.6234898018587334,0.8660254037844387,-0.4999999999999998,5508.410641716847,5289.528476879107,0.048509338838955904,71.7153088244739,0.7279960864508157,-0.009234147303776474,-0.1818867269063144
2019-05-06 00:00:00+00:00,5747.79,25256.596325,18.78781072005653,-0.1818867269063144,0.5116534834588405,0.5740712011255861,Bullish (>51%),0.0,1.0,0.8660254037844387,-0.4999999999999998,5545.238235298871,5323.4737748880625,0.036527152866356945,70.0268352021547,0.6772765191207841,-0.004818530304971591,0.5740712011255861
2019-05-07 00:00:00+00:00,5846.34,39905.064422,19.280090658446657,0.5740712011255861,0.5338415443142471,0.813734401417907,Bullish (>51%),0.7818314824680298,0.6234898018587336,0.8660254037844387,-0.4999999999999998,5591.56158371443,5362.204606377835,0.045564805550495836,72.49629371617272,0.6784090403870252,0.017145720355127736,0.813734401417907
2019-05-08 00:00:00+00:00,5987.29,23074.186907,18.72997304133145,0.813734401417907,0.5183730376809675,1.2594798767092354,Bullish (>51%),0.9749279121818236,-0.2225209339563143,0.8660254037844387,-0.4999999999999998,5652.442878527595,5408.507228127625,0.0592393640534461,75.59348506748329,0.6902819639479257,0.024109100736529054,1.2594798767092354
2019-05-09 00:00:00+00:00,6209.18,27453.011436,18.936433813952604,1.2594798767092354,0.5054156768319061,0.8938436332230221,Neutral,0.4338837391175582,-0.900968867902419,0.8660254037844387,-0.4999999999999998,5738.094743369504,5467.8163223403935,0.08209785263215566,79.50603686672142,0.7455616888772859,0.037060172465339214,0.8938436332230221
2019-05-10 00:00:00+00:00,6373.33,36623.61079,19.26139128019092,0.8938436332230221,0.5064745827864888,3.779745910168947,Neutral,-0.433883739117558,-0.9009688679024191,0.8660254037844387,-0.4999999999999998,5835.8232443895795,5534.8914095744385,0.09210470110231089,81.82700263139489,0.5808578800792761,0.026436663134262517,3.779745910168947
2019-05-11 00:00:00+00:00,7076.22,74022.424393,20.044447508979644,3.779745910168947,0.5416196178896208,-0.5457658097688639,Bullish (>51%),-0.9749279121818236,-0.2225209339563146,0.8660254037844387,-0.4999999999999998,6026.65351448349,5649.06389775411,0.17415411106580977,88.06170995181537,1.3657912973176323,0.11028614554714733,-0.5457658097688639
2019-05-12 00:00:00+00:00,6967.31,86948.975339,20.245132377186,-0.5457658097688639,0.4909728896696044,4.051450165264618,Neutral,-0.7818314824680299,0.6234898018587334,0.8660254037844387,-0.4999999999999998,6171.369896870646,5746.711757179732,0.12897300217459934,83.29339276896845,1.4014460636874397,-0.015390985582698136,4.051450165264618
2019-05-13 00:00:00+00:00,7790.71,85804.735333,20.2894207175418,4.051450165264618,0.5288899509203034,0.6768847413600231,Bullish (>51%),0.0,1.0,0.8660254037844387,-0.4999999999999998,6420.499143505931,5898.1190344256775,0.21341188992758928,88.40515592151804,1.7141879885124147,0.11818047424328748,0.6768847413600231
2019-05-14 00:00:00+00:00,7947.56,76583.722603,20.230776416133946,0.6768847413600231,0.508633310199968,0.9466900109173878,Neutral,0.7818314824680298,0.6234898018587336,0.8660254037844387,-0.4999999999999998,6655.4315829665575,6049.929476320071,0.19414645029789282,89.08996120023953,1.7048809577329262,0.020132953222491867,0.9466900109173878
2019-05-15 00:00:00+00:00,8169.87,37884.327211,19.536465685857458,0.9466900109173878,0.5189633189603378,-1.293688230242637,Bullish (>51%),0.9749279121818236,-0.2225209339563143,0.8660254037844387,-0.4999999999999998,6888.42210866401,6206.96210770377,0.1860292344344332,89.99215895957845,1.695880789533837,0.02797210716244969,-1.293688230242637
2019-05-16 00:00:00+00:00,7866.59,69630.513996,20.138302291591742,-1.293688230242637,0.5040520620028197,-2.253198805844318,Neutral,0.4338837391175582,-0.900968867902419,0.8660254037844387,-0.4999999999999998,7038.909476561854,6329.897507133121,0.11758647077280297,80.24330203018447,2.0199785979964475,-0.037121765707410215,-2.253198805844318
2019-05-17 00:00:00+00:00,7355.26,88752.008159,20.285809142769835,-2.253198805844318,0.5083994820394878,-0.4737290030300988,Neutral,-0.433883739117558,-0.9009688679024191,0.8660254037844387,-0.4999999999999998,7087.57878786003,6405.850284382519,0.037767652417277954,67.05415002600017,2.415092965138437,-0.06500020974780685,-0.4737290030300988
2019-05-18 00:00:00+00:00,7257.45,37054.944779,19.418258373055497,-0.4737290030300988,0.5228950812249166,4.209566715513883,Bullish (>51%),-0.9749279121818236,-0.2225209339563146,0.8660254037844387,-0.4999999999999998,7113.712820496949,6468.931744798629,0.020205648320367548,64.85811592892591,2.035758365939754,-0.013297966353330914,4.209566715513883
2019-05-19 00:00:00+00:00,8148.48,65577.442058,20.064963413530304,4.209566715513883,0.5427703323731249,-0.9044387118121658,Bullish (>51%),-0.7818314824680299,0.6234898018587334,0.8660254037844387,-0.4999999999999998,7272.907771189725,6593.342726665397,0.12038819360238434,73.40350104549056,2.5017238352443707,0.12277452824339119,-0.9044387118121658
2019-05-20 00:00:00+00:00,7938.15,65859.208564,20.06536856916107,-0.9044387118121658,0.525813267424068,-0.1603372254931638,Bullish (>51%),0.0,1.0,0.8660254037844387,-0.4999999999999998,7375.252729468229,6692.958080245738,0.07632243818339729,69.1301582882748,2.111476830733551,-0.025812176013195076,-0.1603372254931638
2019-05-21 00:00:00+00:00,7904.87,52301.752247,19.8405012270099,-0.1603372254931638,0.5214425765164364,-1.2196586623771268,Bullish (>51%),0.7818314824680298,0.6234898018587336,0.8660254037844387,-0.4999999999999998,7456.73230955004,6782.729333560868,0.060098401262979245,68.45111376350069,2.0989929006012704,-0.004192412589835159,-1.2196586623771268
2019-05-22 00:00:00+00:00,7628.43,49136.994589,19.76805292123174,-1.2196586623771268,0.4967939709414937,0.990439376105573,Neutral,0.9749279121818236,-0.2225209339563143,0.8660254037844387,-0.4999999999999998,7483.1473388500335,6845.373827371174,0.01941464661476156,62.922234718735574,2.097593724202417,-0.03497084708540421,0.990439376105573
2019-05-23 00:00:00+00:00,7851.51,49648.184701,19.759716396347297,0.990439376105573,0.5228763144985062,0.4808773807634393,Bullish (>51%),0.4338837391175582,-0.900968867902419,0.8660254037844387,-0.4999999999999998,7539.818517488489,6919.902432751087,0.041339387916107986,65.3541697998041,2.0947930288402,0.02924323877914592,0.4808773807634393
2019-05-24 00:00:00+00:00,7964.87,46664.785325,19.732739165546917,0.4808773807634393,0.5367159251578535,0.2455601195874499,Bullish (>51%),-0.433883739117558,-0.9009688679024191,0.8660254037844387,-0.4999999999999998,7605.211053259492,6997.307437732488,0.04729111976272681,66.55465815232756,1.837935509735429,0.014437987087833948,0.2455601195874499
2019-05-25 00:00:00+00:00,8025.41,28414.328817,19.242116826828077,0.2455601195874499,0.5292106349879157,2.510018012471684,Bullish (>51%),-0.9749279121818236,-0.2225209339563146,0.8660254037844387,-0.4999999999999998,7669.8570450657235,7073.463183085637,0.04635718147615483,67.208149978682,1.7995073238353023,0.007600877352675006,2.510018012471684
2019-05-26 00:00:00+00:00,8614.43,49652.144567,19.83073148047685,2.510018012471684,0.5324834815004537,0.5508557968434238,Bullish (>51%),-0.7818314824680299,0.6234898018587334,0.8660254037844387,-0.4999999999999998,7815.175961209458,7187.608873227442,0.1022694873100274,72.78069792825013,1.249330911567778,0.07339438109704055,0.5508557968434238
2019-05-27 00:00:00+00:00,8756.32,51886.768793,19.930632419839327,0.5508557968434238,0.5342859129963784,-0.1759413173502196,Bullish (>51%),0.0,1.0,0.8660254037844387,-0.4999999999999998,7959.9673517926185,7303.809697432816,0.10004471287536615,73.93000295892828,1.1357943298081734,0.016471200067793124,-0.1759413173502196
2019-05-28 00:00:00+00:00,8715.64,31470.551534,19.427878925573825,-0.1759413173502196,0.5262658581978444,-0.2923129726651654,Bullish (>51%),0.7818314824680298,0.6234898018587336,0.8660254037844387,-0.4999999999999998,8076.224682286062,7408.3897198452005,0.07917255188756642,72.97859309889957,1.1372872215579182,-0.00464578727136522,-0.2923129726651654
2019-05-29 00:00:00+00:00,8645.68,33880.865922,19.492588249617324,-0.2923129726651654,0.5187464912337905,-1.5134227459049017,Bullish (>51%),0.9749279121818236,-0.2225209339563143,0.8660254037844387,-0.4999999999999998,8163.833192703591,7500.04085170852,0.059022127954189374,71.27969894814194,0.9433485820367631,-0.008026949254443583,-1.5134227459049017
2019-05-30 00:00:00+00:00,8269.54,70379.998521,20.217945924532444,-1.5134227459049017,0.4912945627255563,1.1720342901848313,Neutral,0.4338837391175582,-0.900968867902419,0.8660254037844387,-0.4999999999999998,8180.0957784415,7557.040788619,0.010934373384016984,62.813160531821204,1.2135530948493696,-0.04350612097602491,1.1720342901848313
2019-05-31 00:00:00+00:00,8555.0,44727.49162,19.738775688142898,1.1720342901848313,0.5229823451476621,-0.0600167521929928,Bullish (>51%),-0.433883739117558,-0.9009688679024191,0.8660254037844387,-0.4999999999999998,8237.773350988962,7630.963693165741,0.03850878574766251,66.10373896269965,1.2618690310242053,0.03451945331904782,-0.0600167521929928
2019-06-01 00:00:00+00:00,8544.07,31868.234157,19.42167445710225,-0.0600167521929928,0.5310197716519182,0.7167347637745295,Bullish (>51%),-0.9749279121818236,-0.2225209339563146,0.4999999999999999,-0.8660254037844387,8284.895912375276,7698.601197375685,0.031282721034260885,65.8634206622925,1.2716021641504993,-0.0012776154295733866,0.7167347637745295
2019-06-02 00:00:00+00:00,8725.98,27835.133265,19.30202633174044,0.7167347637745295,0.5240099574928333,-2.422682146555495,Bullish (>51%),-0.7818314824680299,0.6234898018587334,0.4999999999999999,-0.8660254037844387,8352.755002779078,7774.703330903412,0.04468286177395888,67.95169241753739,0.8735603912547,0.021290789986505354,-2.422682146555495
2019-06-03 00:00:00+00:00,8115.82,45692.965104,19.77433696609173,-2.422682146555495,0.4927304850485414,-1.834461204159808,Neutral,0.0,1.0,0.4999999999999999,-0.8660254037844387,8316.30346388999,7799.971232317975,-0.02410728092842022,55.653730644097074,1.2395923950662493,-0.06992452423681927,-1.834461204159808
2019-06-04 00:00:00+00:00,7687.03,74143.948941,20.182278896589505,-1.834461204159808,0.4960161639119729,0.3845457635400602,Neutral,0.7818314824680298,0.6234898018587336,0.4999999999999999,-0.8660254037844387,8219.492161753069,7791.605215109235,-0.06478042089153896,48.949258689918516,1.3503325878279713,-0.05283384796607116,0.3845457635400602
2019-06-05 00:00:00+00:00,7776.5,48679.656455,19.74944084474018,0.3845457635400602,0.5401955534199138,0.0290994788133558,Bullish (>51%),0.9749279121818236,-0.2225209339563143,0.4999999999999999,-0.8660254037844387,8151.339521483366,7790.486310286329,-0.0459850212956353,50.294777553186556,1.3997737379594395,0.011639085576614194,0.0290994788133558
2019-06-06 00:00:00+00:00,7786.7,36624.118747,19.457972122460816,0.0290994788133558,0.5154523038058453,0.840695264853876,Bullish (>51%),0.4338837391175582,-0.900968867902419,0.4999999999999999,-0.8660254037844387,8095.2411335628485,7790.205842857713,-0.03811389042923477,50.45509991882167,1.3350685511071676,0.0013116440558091913,0.840695264853876
2019-06-07 00:00:00+00:00,7980.53,33942.225658,19.41068921923418,0.840695264853876,0.5065541596547475,-0.3908612033442037,Neutral,-0.433883739117558,-0.9009688679024191,0.4999999999999999,-0.8660254037844387,8077.593266860871,7804.303928571956,-0.012016359781208978,53.52296338509932,1.279396744023711,0.024892444809739622,-0.3908612033442037
2019-06-08 00:00:00+00:00,7893.62,22657.329634,19.003160686544007,-0.3908612033442037,0.520586383503026,-1.1736300185830302,Bullish (>51%),-0.9749279121818236,-0.2225209339563146,0.4999999999999999,-0.8660254037844387,8049.289687343814,7810.919933862922,-0.01933955583541478,51.96909002641615,1.2736366206572174,-0.01089025415605227,-1.1736300185830302
2019-06-09 00:00:00+00:00,7628.13,31568.465157,19.312559804968505,-1.1736300185830302,0.5142673612499064,1.583979318854044,Bullish (>51%),-0.7818314824680299,0.6234898018587334,0.4999999999999999,-0.8660254037844387,7984.495889290919,7797.379938761966,-0.04463223404860025,47.43835949689208,1.200019606397135,-0.03363349135124316,1.583979318854044
2019-06-10 00:00:00+00:00,7982.75,36756.078468,19.475429403021995,1.583979318854044,0.5411586162086653,-0.4379248111733854,Bullish (>51%),0.0,1.0,0.4999999999999999,-0.8660254037844387,7984.22729093847,7811.111054409227,-0.00018502616278806658,53.295451425121556,1.1701145080733293,0.04648845785271094,-0.4379248111733854
2019-06-11 00:00:00+00:00,7884.9,30334.999427,19.287914716497145,-0.4379248111733854,0.5206452200207586,1.04351781479093,Bullish (>51%),0.7818314824680298,0.6234898018587336,0.4999999999999999,-0.8660254037844387,7968.946169255629,7816.576902230766,-0.010546710627796826,51.58725489549643,0.9116486867731266,-0.012257680623845246,1.04351781479093
2019-06-12 00:00:00+00:00,8127.64,41597.082622,19.62452872042563,1.04351781479093,0.548762066643761,0.3688847949289524,Bullish (>51%),0.9749279121818236,-0.2225209339563143,0.4999999999999999,-0.8660254037844387,7993.360604754763,7839.618613176635,0.016798866194696997,55.405746089292336,0.9753851380984726,0.03078542530659867,0.3688847949289524
2019-06-13 00:00:00+00:00,8218.54,30467.764341,19.330624112960987,0.3688847949289524,0.5284326465770337,1.7908265751640031,Bullish (>51%),0.4338837391175582,-0.900968867902419,0.4999999999999999,-0.8660254037844387,8028.003588638646,7867.68686405244,0.023733971872036165,56.780481832369965,0.9731279432155876,0.011184058349041015,1.7908265751640031
2019-06-14 00:00:00+00:00,8650.0,39835.246255,19.625079923028945,1.7908265751640031,0.5264338945656155,0.6154102581554167,Bullish (>51%),-0.433883739117558,-0.9009688679024191,0.4999999999999999,-0.8660254037844387,8123.695344232701,7925.635985233741,0.06478636057430945,62.66391047738486,1.122136856826871,0.052498375623894145,0.6154102581554167
2019-06-15 00:00:00+00:00,8808.7,31791.636039,19.437434789196065,0.6154102581554167,0.5283898971224001,0.5490590160961691,Bullish (>51%),-0.9749279121818236,-0.2225209339563146,0.4999999999999999,-0.8660254037844387,8229.080675889209,7991.048134475686,0.07043548932617073,64.57416708564445,1.0673803242248838,0.018346820809248543,0.5490590160961691
2019-06-16 00:00:00+00:00,8953.33,63289.251219,20.16850807986166,0.5490590160961691,0.5341220095814894,1.3702598290438064,Bullish (>51%),-0.7818314824680299,0.6234898018587334,0.4999999999999999,-0.8660254037844387,8340.50364882933,8062.328272662672,0.07347594065937327,66.26800203598324,0.7604781455129529,0.01641899485735676,1.3702598290438064
2019-06-17 00:00:00+00:00,9313.96,47895.485374,19.905840992347937,1.3702598290438064,0.5183573494690439,-0.8748632946019124,Bullish (>51%),0.0,1.0,0.4999999999999999,-0.8660254037844387,8490.266164394048,8155.041733946919,0.0970162559873926,70.10614457021995,0.7267213055443218,0.040278868309332916,-0.8748632946019124
2019-06-18 00:00:00+00:00,9081.55,51554.569401,19.968821711496265,-0.8748632946019124,0.5442203797061639,0.6431611186457683,Bullish (>51%),0.7818314824680298,0.6234898018587336,0.4999999999999999,-0.8660254037844387,8581.232908333426,8223.671975876776,0.05830363736902002,64.97512359745713,0.8540814809737199,-0.02495286644993111,0.6431611186457683
2019-06-19 00:00:00+00:00,9255.49,32147.706495,19.49823302822421,0.6431611186457683,0.5453960772824332,0.9568583615996986,Bullish (>51%),0.9749279121818236,-0.2225209339563143,0.4999999999999999,-0.8660254037844387,8684.964768589822,8300.102940626644,0.0656911394129713,66.92614427292847,0.8401227910029079,0.019153118135120106,0.9568583615996986
2019-06-20 00:00:00+00:00,9517.12,34556.053982,19.5950862569349,0.9568583615996986,0.5218243588632209,2.308356579178092,Bullish (>51%),0.4338837391175582,-0.900968867902419,0.4999999999999999,-0.8660254037844387,8812.988650345234,8390.252352432079,0.07989699948463944,69.66345521813997,0.8381771756848285,0.028267547153095096,2.308356579178092
2019-06-21 00:00:00+00:00,10159.86,50484.415892,20.019631231054287,2.308356579178092,0.5606825838998261,1.9136743973849693,Bullish (>51%),-0.433883739117558,-0.9009688679024191,0.4999999999999999,-0.8660254037844387,9020.1996272152,8521.334400400072,0.12634536040048241,75.11283631745323,0.9619083935918699,0.0675351366800041,1.9136743973849693
2019-06-22 00:00:00+00:00,10729.5,104169.447976,20.8294885916436,1.9136743973849693,0.5312174026279685,0.5503498013008861,Bullish (>51%),-0.9749279121818236,-0.2225209339563146,0.4999999999999999,-0.8660254037844387,9283.168915335938,8684.90222259266,0.15580143998831048,78.75520171080456,1.0431362734367111,0.05606770172029929,0.5503498013008861
2019-06-23 00:00:00+00:00,10906.07,57445.323945,20.253790667635823,0.5503498013008861,0.5244952759226711,0.4589705950834032,Bullish (>51%),-0.7818314824680299,0.6234898018587334,0.4999999999999999,-0.8660254037844387,9532.846005284255,8849.433169067277,0.14405183865915155,79.7447713874326,1.0430473170782402,0.016456498438883527,0.4589705950834032
2019-06-24 00:00:00+00:00,11056.59,43101.045285,19.967704094451083,0.4589705950834032,0.5260757297431748,2.363023695584105,Bullish (>51%),0.0,1.0,0.4999999999999999,-0.8660254037844387,9767.268158317445,9012.926267654886,0.1320043456147578,80.57540172413437,1.0432521060257476,0.013801488528865091,2.363023695584105
2019-06-25 00:00:00+00:00,11820.86,61276.686648,20.36340580638488,2.363023695584105,0.535902597910323,3.6902517164859576,Bullish (>51%),0.7818314824680298,0.6234898018587336,0.4999999999999999,-0.8660254037844387,10083.205364730145,9220.92135893971,0.172331572393434,84.133306751752,0.8505503228451589,0.06912348201389396,3.6902517164859576
2019-06-26 00:00:00+00:00,13093.8,155930.147386,21.41450037687208,3.6902517164859576,0.4876931464558321,-4.652299415934309,Bearish (<49%),0.9749279121818236,-0.2225209339563143,0.4999999999999999,-0.8660254037844387,10546.373770156279,9507.801258277508,0.24154522543590567,88.05704416892378,1.1700361089281934,0.10768590440966208,-4.652299415934309
2019-06-27 00:00:00+00:00,11329.99,173894.820889,21.445216121325394,-4.652299415934309,0.4625906597146303,3.236290023811183,Bearish (<49%),0.4338837391175582,-0.900968867902419,0.4999999999999999,-0.8660254037844387,10666.93011320916,9642.778202108804,0.062160329143785574,64.32153866595566,2.7100418404069297,-0.13470573859383828,3.236290023811183
2019-06-28 00:00:00+00:00,12400.63,95795.203964,20.84538465179832,3.236290023811183,0.5099118312995797,-1.3968435675882367,Neutral,-0.433883739117558,-0.9009688679024191,0.4999999999999999,-0.8660254037844387,10933.653172715443,9847.063520471114,0.13417078483386927,69.6663816167067,2.8086066217209096,0.09449611164705352,-1.3968435675882367
2019-06-29 00:00:00+00:00,11903.13,69642.074157,20.53574497383809,-1.3968435675882367,0.5178113921148243,-3.049292552583502,Bullish (>51%),-0.9749279121818236,-0.2225209339563146,0.4999999999999999,-0.8660254037844387,11082.803453836144,9999.364741176958,0.074017963918679,64.80799864926391,2.921300157369768,-0.040118929441488094,-3.049292552583502
2019-06-30 00:00:00+00:00,10854.1,84512.530443,20.69399257636157,-3.049292552583502,0.5052202291919013,-0.7427275314849865,Neutral,-0.7818314824680299,0.6234898018587334,0.4999999999999999,-0.8660254037844387,11047.618307092122,10062.678464052738,-0.01751674448852838,55.94801922814799,3.23313410675865,-0.08813060094277714,-0.7427275314849865
2019-07-01 00:00:00+00:00,10624.93,90962.268271,20.695219470712868,-0.7427275314849865,0.4860365644498232,0.689870505872932,Bearish (<49%),0.0,1.0,1.2246467991473532e-16,-1.0,10982.589336770256,10104.326725974759,-0.03256603026872671,54.2046273985041,3.242345786450077,-0.021113680544678992,0.689870505872932
2019-07-02 00:00:00+00:00,10842.85,109561.038728,20.84402559758058,0.689870505872932,0.5019896145977694,3.466557347754464,Neutral,0.7818314824680298,0.6234898018587336,1.2246467991473532e-16,-1.0,10961.090977267138,10159.032153680331,-0.01078733654454334,55.62079235598098,3.0904495218834627,0.020510252773429993,3.466557347754464
2019-07-03 00:00:00+00:00,11940.0,96815.90029,20.8165782432183,3.466557347754464,0.5124531879101323,-2.3057404804211123,Bullish (>51%),0.9749279121818236,-0.2225209339563143,1.2246467991473532e-16,-1.0,11111.692365379888,10290.955697852158,0.07454378751528674,61.993245276088125,3.0428877009892976,0.1011864961702873,-2.3057404804211123
2019-07-04 00:00:00+00:00,11145.67,66512.221892,20.469429671257497,-2.3057404804211123,0.5055740269299979,-0.5562561664152106,Neutral,0.4338837391175582,-0.900968867902419,1.2246467991473532e-16,-1.0,11116.919693782982,10354.267868381627,0.002586175578213125,55.751535569314285,2.584649288855843,-0.0665268006700167,-0.5562561664152106
2019-07-05 00:00:00+00:00,10970.73,63534.350582,20.37491847797226,-0.5562561664152106,0.5084952307382664,0.8804492707012249,Neutral,-0.433883739117558,-0.9009688679024191,1.2246467991473532e-16,-1.0,11094.428971662523,10399.931729982989,-0.01114964744724365,54.451246648069564,2.15070316917921,-0.015695781411077192,0.8804492707012249
2019-07-06 00:00:00+00:00,11256.49,51469.496331,20.187124757595807,0.8804492707012249,0.4974206337158182,0.4418288140694975,Neutral,-0.9749279121818236,-0.2225209339563146,1.2246467991473532e-16,-1.0,11119.361437560596,10463.38049072499,0.012332413440235088,56.24636928680408,2.1744819275862093,0.026047491825976987,0.4418288140694975
2019-07-07 00:00:00+00:00,11406.24,38884.795599,19.90100959185692,0.4418288140694975,0.5773285103902496,2.495552627209657,Bullish (>51%),-0.7818314824680299,0.6234898018587334,1.2246467991473532e-16,-1.0,11163.496601012812,10533.221935856473,0.021744387772301102,57.198350145114304,1.7860180218303823,0.013303436506406419,2.495552627209657
2019-07-08 00:00:00+00:00,12238.6,52182.367215,20.2428573596132,2.495552627209657,0.5315990624899443,0.8411489463194248,Bullish (>51%),0.0,1.0,1.2246467991473532e-16,-1.0,11328.897123933917,10659.546236904142,0.08029933241641021,62.13046463637192,1.8966367007575027,0.07297409137454602,0.8411489463194248
2019-07-09 00:00:00+00:00,12543.41,78442.130343,20.698959621775728,0.8411489463194248,0.5226006967779683,-1.2097431657249955,Bullish (>51%),0.7818314824680298,0.6234898018587336,1.2246467991473532e-16,-1.0,11515.745258713314,10799.091700837169,0.089239968252086,63.776596371319144,1.8969607835008315,0.02490562646054273,-1.2097431657249955
2019-07-10 00:00:00+00:00,12108.37,109246.044997,21.03789403455546,-1.2097431657249955,0.4298989579740822,-2.191896469380309,Bearish (<49%),0.9749279121818236,-0.2225209339563143,1.2246467991473532e-16,-1.0,11606.918295834343,10896.075278552935,0.043202828811642995,59.78237235348797,1.5782792486545656,-0.03468275373283658,-2.191896469380309
2019-07-11 00:00:00+00:00,11342.89,87506.461058,20.73059570989014,-2.191896469380309,0.4995534688692976,1.2411543865925942,Neutral,0.4338837391175582,-0.900968867902419,1.2246467991473532e-16,-1.0,11566.298558013674,10929.172665326792,-0.019315475637526787,53.44032457840563,1.5498822926965674,-0.06321907903375945,1.2411543865925942
2019-07-12 00:00:00+00:00,11757.22,56321.858281,20.292213378015905,1.2411543865925942,0.5378217317488371,-1.1912634081171651,Bullish (>51%),-0.433883739117558,-0.9009688679024191,1.2246467991473532e-16,-1.0,11595.671087550032,10990.509504932215,0.013931829493113002,56.15179810134941,1.571744726412902,0.03652772794234971,-1.1912634081171651
2019-07-13 00:00:00+00:00,11355.76,54245.594548,20.235586929035804,-1.1912634081171651,0.4877826200722426,-3.5972408062654178,Bearish (<49%),-0.9749279121818236,-0.2225209339563146,1.2246467991473532e-16,-1.0,11558.761689465413,11017.565097159459,-0.017562581089497438,52.93503406664385,1.649846869985336,-0.03414582698971347,-3.5972408062654178
2019-07-14 00:00:00+00:00,10174.18,72517.579236,20.47178216069052,-3.5972408062654178,0.4944138033526786,2.231990131046636,Neutral,-0.7818314824680299,0.6234898018587334,1.2246467991473532e-16,-1.0,11345.74912185535,10955.0921269995,-0.10326062292339536,44.80032166626036,2.1306817433253453,-0.1040511599399776,2.231990131046636
2019-07-15 00:00:00+00:00,10838.72,81922.426332,20.561956438850743,2.231990131046636,0.509191335299915,-4.458890705437251,Neutral,0.0,1.0,1.2246467991473532e-16,-1.0,11267.74464156991,10946.471969443981,-0.03807546720460077,49.500642848882094,2.0700597175095936,0.06531632033244938,-4.458890705437251
2019-07-16 00:00:00+00:00,9439.59,97219.443413,20.705572393783807,-4.458890705437251,0.4864864721255509,0.8164688778364724,Bearish (<49%),0.7818314824680298,0.6234898018587336,1.2246467991473532e-16,-1.0,10986.490081328386,10834.8510828185,-0.1408002073344018,41.49017502741473,2.4153313165069936,-0.12908627587021337,0.8164688778364724
2019-07-17 00:00:00+00:00,9667.92,84942.672717,20.511995899883235,0.8164688778364724,0.5070845285208404,3.398835928008803,Neutral,0.9749279121818236,-0.2225209339563143,1.2246467991473532e-16,-1.0,10783.633145739403,10748.411743350463,-0.10346356656060941,43.10820393709616,2.5472755209737645,0.024188550562047606,3.398835928008803
2019-07-18 00:00:00+00:00,10627.16,80283.310252,20.5098532176487,3.398835928008803,0.5244345881210241,-0.413977153951846,Bullish (>51%),0.4338837391175582,-0.900968867902419,1.2246467991473532e-16,-1.0,10759.560354087187,10739.43013273191,-0.012305368410047804,49.43464576697451,2.961832770441207,0.09921885989954404,-0.413977153951846
2019-07-19 00:00:00+00:00,10504.29,56546.932133,20.19551717686104,-0.413977153951846,0.5140925666068972,0.757020940261549,Bullish (>51%),-0.433883739117558,-0.9009688679024191,1.2246467991473532e-16,-1.0,10720.287991919928,10722.012345122139,-0.020148525121967648,48.68779599773985,2.890705346292248,-0.01156188483094256,0.757020940261549
2019-07-20 00:00:00+00:00,10740.23,47331.899848,20.04119511796601,0.757020940261549,0.5282615240523991,-0.4992269467260103,Bullish (>51%),-0.9749279121818236,-0.2225209339563146,1.2246467991473532e-16,-1.0,10723.355993163015,10723.361801039018,0.0015735751799849642,50.24233706183073,2.9022377105359394,0.02246129914539674,-0.4992269467260103
2019-07-21 00:00:00+00:00,10589.45,38834.287935,19.83084173272503,-0.4992269467260103,0.5239062814298001,-0.8257948522054591,Bullish (>51%),-0.7818314824680299,0.6234898018587334,1.2246467991473532e-16,-1.0,10702.755071137935,10713.442408369461,-0.010586533129538193,49.216174350989135,2.5032080217573185,-0.014038805500440787,-0.8257948522054591
2019-07-22 00:00:00+00:00,10340.31,40467.954839,19.858182296738036,-0.8257948522054591,0.4777956280945033,-1.5984099027317802,Bearish (<49%),0.0,1.0,1.2246467991473532e-16,-1.0,10646.994290962868,10685.802970712464,-0.028804776501400127,47.49019822907935,2.3650744693203554,-0.023527189797392767,-1.5984099027317802
2019-07-23 00:00:00+00:00,9864.91,47624.37071,19.986045360035195,-1.5984099027317802,0.505671965213879,-0.370620798003593,Neutral,0.7818314824680298,0.6234898018587336,1.2246467991473532e-16,-1.0,10526.673630814736,10624.996083993023,-0.062865407822425,44.29785191596521,1.6364286988600687,-0.0459754107952276,-0.370620798003593
2019-07-24 00:00:00+00:00,9763.28,43475.380377,19.861780858642355,-0.370620798003593,0.5052002615397382,0.3949604745794277,Neutral,0.9749279121818236,-0.2225209339563143,1.2246467991473532e-16,-1.0,10409.228456843237,10561.165262956503,-0.062055363615213646,43.62275436671839,1.6274382856246763,-0.01030217204211692,0.3949604745794277
2019-07-25 00:00:00+00:00,9879.87,37873.354728,19.752884349018597,0.3949604745794277,0.5098046255650407,-0.2106737334072,Neutral,0.4338837391175582,-0.900968867902419,1.2246467991473532e-16,-1.0,10327.788694251969,10510.698947181947,-0.04337024192809654,44.66461790071541,0.773579328890389,0.011941683532583403,-0.2106737334072
2019-07-26 00:00:00+00:00,9824.0,27167.463217,19.395648237121502,-0.2106737334072,0.515566334704205,-1.233414505886164,Bullish (>51%),-0.433883739117558,-0.9009688679024191,1.2246467991473532e-16,-1.0,10250.282741290128,10459.832358501804,-0.041587412957203446,44.24267814779214,0.7752552247108982,-0.005654932706604554,-1.233414505886164
2019-07-27 00:00:00+00:00,9476.52,43809.778301,19.867441420167623,-1.233414505886164,0.4891157442244094,0.2201010761062559,Bearish (<49%),-0.9749279121818236,-0.2225209339563146,1.2246467991473532e-16,-1.0,10131.242319553185,10386.994406020189,-0.06462409040296839,41.609871187581106,0.6646279967504961,-0.03537052117263839,0.2201010761062559
2019-07-28 00:00:00+00:00,9541.54,29401.022937,19.445062490362368,0.2201010761062559,0.582171347190089,-0.1383262080898732,Bullish (>51%),-0.7818314824680299,0.6234898018587334,1.2246467991473532e-16,-1.0,10040.518885775771,10324.368153722397,-0.049696523800444724,42.30176897703269,0.7380492954662096,0.006861168445800869,-0.1383262080898732
2019-07-29 00:00:00+00:00,9507.64,29021.937411,19.441323407400677,-0.1383262080898732,0.5538971000918476,0.2249391345681416,Bullish (>51%),0.0,1.0,1.2246467991473532e-16,-1.0,9958.537518733345,10263.869771965181,-0.04527748355470335,42.022180985003736,0.7359548297039918,-0.003552885592891908,0.2249391345681416
2019-07-30 00:00:00+00:00,9574.21,32536.368834,19.554878712062127,0.2249391345681416,0.5289775801599214,1.804089795743984,Bullish (>51%),0.7818314824680298,0.6234898018587336,1.2246467991473532e-16,-1.0,9899.410208158984,10212.783862930723,-0.0328504629387879,42.821384097243836,0.5477600699189972,0.007001737550012432,1.804089795743984
2019-07-31 00:00:00+00:00,10080.53,39515.35456,19.780864063188464,1.804089795743984,0.5374014693897258,0.9893217291097854,Bullish (>51%),0.9749279121818236,-0.2225209339563143,1.2246467991473532e-16,-1.0,9927.27479151914,10202.98728049141,0.015437792516007215,48.622355093969844,0.9067875977784761,0.05288373662161172,0.9893217291097854
2019-08-01 00:00:00+00:00,10374.99,41727.637028,19.86088671239875,0.9893217291097854,0.533097990956767,0.4774473170921536,Bullish (>51%),0.4338837391175582,-0.900968867902419,-0.4999999999999997,-0.8660254037844388,9996.154054362349,10215.728222677231,0.03789816999392142,51.69189288617827,0.9596517206214354,0.029210765703787223,0.4774473170921536
2019-08-02 00:00:00+00:00,10523.75,42990.444221,19.92547629202017,0.4774473170921536,0.5165365349296096,0.942564429681528,Bullish (>51%),-0.433883739117558,-0.9009688679024191,-0.4999999999999997,-0.8660254037844388,10077.322661383525,10238.544650627065,0.044300192979549256,53.21269045487878,0.9412695158173714,0.014338327073086354,0.942564429681528
2019-08-03 00:00:00+00:00,10816.86,33802.318824,19.71225994785427,0.942564429681528,0.5364285746611477,0.3415005216924969,Bullish (>51%),-0.9749279121818236,-0.2225209339563146,-0.4999999999999997,-0.8660254037844388,10191.09763655529,10281.382824654691,0.06140284253583355,56.14240527618552,0.6518245550431997,0.027852238983252287,0.3415005216924969
2019-08-04 00:00:00+00:00,10929.23,39924.745141,19.88345888748508,0.3415005216924969,0.5526990386305394,2.8168256889116665,Bullish (>51%),-0.7818314824680299,0.6234898018587334,-0.4999999999999997,-0.8660254037844388,10304.65646170063,10329.371504309898,0.060610806446651136,57.24765805315647,0.6401224815496572,0.01038841216397346,2.8168256889116665
2019-08-05 00:00:00+00:00,11828.8,65153.673713,20.44616300278108,2.8168256889116665,0.5146305457417331,-1.0260123635363574,Bullish (>51%),0.0,1.0,-0.4999999999999997,-0.8660254037844388,10539.140082977457,10440.440281768426,0.12236860947560291,64.87830756602469,0.9316086978968868,0.08230863473456052,-1.0260123635363574
2019-08-06 00:00:00+00:00,11481.69,76705.389875,20.62247163713216,-1.0260123635363574,0.4891718435059972,1.462797671612597,Bearish (<49%),0.7818314824680298,0.6234898018587336,-0.4999999999999997,-0.8660254037844388,10684.147762519387,10517.56989052632,0.07464724891567277,60.39864177887981,1.2042346396105323,-0.029344481266062372,1.462797671612597
2019-08-07 00:00:00+00:00,11975.03,69173.390353,20.51820527226525,1.462797671612597,0.5255955466757487,0.0550614548434431,Bullish (>51%),0.9749279121818236,-0.2225209339563143,-0.4999999999999997,-0.8660254037844388,10882.745029824096,10625.529898635481,0.10036851614022968,64.18384302039789,1.1682086813090975,0.04296754223463628,0.0550614548434431
2019-08-08 00:00:00+00:00,11999.77,51207.257174,20.21972880518137,0.0550614548434431,0.5363146217670136,-0.3595963403873247,Bullish (>51%),0.4338837391175582,-0.900968867902419,-0.4999999999999997,-0.8660254037844388,11054.595025235772,10727.32546169952,0.08550064227649708,64.36777611181735,1.2035106437622491,0.002065965596745878,-0.3595963403873247
2019-08-09 00:00:00+00:00,11879.99,39427.152588,19.9618634726155,-0.3595963403873247,0.5091522109336861,-1.669367628246808,Neutral,-0.433883739117558,-0.9009688679024191,-0.4999999999999997,-0.8660254037844388,11181.57886750719,10812.708020092148,0.06246086896747096,62.68919295479598,1.271773747074678,-0.009981857985611464,-1.669367628246808
2019-08-10 00:00:00+00:00,11309.31,42633.087048,20.01443219361064,-1.669367628246808,0.4013578715689723,0.7163569557148721,Bearish (<49%),-0.9749279121818236,-0.2225209339563146,-0.4999999999999997,-0.8660254037844388,11201.229810967623,10849.493351937175,0.009648957378461274,55.29105748051923,1.5158750742956453,-0.04803707747228747,0.7163569557148721
2019-08-11 00:00:00+00:00,11549.97,26772.90691,19.53537109622635,0.7163569557148721,0.5605457132633791,-0.4746196553742329,Bullish (>51%),-0.7818314824680299,0.6234898018587334,-0.4999999999999997,-0.8660254037844388,11254.882147741835,10901.38051105294,0.026218653237286036,57.56534923308521,1.5269850335241602,0.021279812826777267,-0.4746196553742329
2019-08-12 00:00:00+00:00,11396.08,17568.227075,19.115453959820776,-0.4746196553742329,0.5236971744344328,-1.5362874456925113,Bullish (>51%),0.0,1.0,-0.4999999999999997,-0.8660254037844388,11276.604894243092,10938.024917641611,0.010594953612137505,55.61707063410456,1.049628782628614,-0.013323844131196805,-1.5362874456925113
2019-08-13 00:00:00+00:00,10892.71,33234.72968,19.72629223047298,-1.5362874456925113,0.4057068864355511,-2.6775825144591616,Bearish (<49%),0.7818314824680298,0.6234898018587336,-0.4999999999999997,-0.8660254037844388,11217.544141282617,10934.668257075566,-0.028957687813963524,49.69267681174538,1.1322357549434263,-0.044170451593881443,-2.6775825144591616
2019-08-14 00:00:00+00:00,10050.37,54451.847499,20.15714722735765,-2.6775825144591616,0.4789668776891172,0.8180308580459309,Bearish (<49%),0.9749279121818236,-0.2225209339563143,-0.4999999999999997,-0.8660254037844388,11037.978888777598,10869.164682477374,-0.08947370698287045,41.68973400985766,1.1645046065495532,-0.07733061836769717,0.8180308580459309
2019-08-15 00:00:00+00:00,10293.93,38174.45112,19.77575750463677,0.8180308580459309,0.5131202242155513,0.1097044281819256,Bullish (>51%),0.4338837391175582,-0.900968867902419,-0.4999999999999997,-0.8660254037844388,10923.50982896566,10826.554705997569,-0.05763530576007859,44.47428213186498,1.2920005128271992,0.024233933676073516,0.1097044281819256
2019-08-16 00:00:00+00:00,10331.54,51758.142918,20.083201396915616,0.1097044281819256,0.4988206701678477,-0.4008781572399431,Neutral,-0.433883739117558,-0.9009688679024191,-0.4999999999999997,-0.8660254037844388,10832.437547586329,10789.88694999775,-0.046240520232487974,44.91175457024022,1.3267648863982004,0.0036536094572239275,-0.4008781572399431
2019-08-17 00:00:00+00:00,10216.02,29000.581201,19.51185318892532,-0.4008781572399431,0.5059536441115893,0.2897251469405598,Neutral,-0.9749279121818236,-0.2225209339563146,-0.4999999999999997,-0.8660254037844388,10737.604078726894,10747.378287034955,-0.04857546198413522,43.77102740094218,1.252615119877424,-0.011181295334480645,0.2897251469405598
2019-08-18 00:00:00+00:00,10306.78,24085.395172,19.330989106927916,0.2897251469405598,0.538146809069926,2.016801103495669,Bullish (>51%),-0.7818314824680299,0.6234898018587334,-0.4999999999999997,-0.8660254037844388,10671.323451230448,10714.741376884218,-0.03416103474854508,44.95398622546295,1.1929709359126124,0.00888408597477297,2.016801103495669
2019-08-19 00:00:00+00:00,10915.54,37243.319217,19.79751409307742,2.016801103495669,0.5528894041914739,-0.5048673692198277,Bullish (>51%),0.0,1.0,-0.4999999999999997,-0.8660254037844388,10708.895227964225,10729.615348966869,0.019296553718833886,52.215582227127356,1.54114234709632,0.05906403357789736,-0.5048673692198277
2019-08-20 00:00:00+00:00,10760.51,32298.921679,19.66386787622868,-0.5048673692198277,0.495915773541574,-1.9925345316423548,Neutral,0.7818314824680298,0.6234898018587336,-0.4999999999999997,-0.8660254037844388,10716.835962123576,10731.903841635989,0.004075273525766479,50.39241825186364,1.4376063788109987,-0.014202687178096585,-1.9925345316423548
2019-08-21 00:00:00+00:00,10142.57,47355.719282,19.995297940031605,-1.9925345316423548,0.455400760203366,-0.1609078634662045,Bearish (<49%),0.9749279121818236,-0.2225209339563143,-0.4999999999999997,-0.8660254037844388,10628.487352566104,10688.249482996287,-0.045718392133080564,43.8241043488641,1.2384330753927517,-0.057426646134802195,-0.1609078634662045
2019-08-22 00:00:00+00:00,10099.88,34059.642738,19.648481717804444,-0.1609078634662045,0.5261932556915712,0.9710725635045142,Bullish (>51%),0.4338837391175582,-0.900968867902419,-0.4999999999999997,-0.8660254037844388,10547.163144479011,10644.666558329895,-0.04240790991397012,43.40320809489297,1.1913637621876805,-0.004208992395418609,0.9710725635045142
2019-08-23 00:00:00+00:00,10389.55,27550.336173,19.4600115375273,0.9710725635045142,0.5371555630055506,-0.8614499208576882,Bullish (>51%),-0.433883739117558,-0.9009688679024191,-0.4999999999999997,-0.8660254037844388,10522.914968405317,10625.769035490644,-0.012673766613694175,47.11478396153035,1.258257662635709,0.0286805387786786,-0.8614499208576882
2019-08-24 00:00:00+00:00,10134.35,27692.456844,19.450164914937133,-0.8614499208576882,0.4919594139929753,0.012279561949857,Neutral,-0.9749279121818236,-0.2225209339563146,-0.4999999999999997,-0.8660254037844388,10463.135742496806,10589.3676254543,-0.03142325117329963,44.35502477413864,1.2960905375959515,-0.02456314277326732,0.012279561949857
2019-08-25 00:00:00+00:00,10142.69,26271.657398,19.395741244600902,0.012279561949857,0.4904798178428194,0.7629321677369447,Neutral,-0.7818314824680299,0.6234898018587334,-0.4999999999999997,-0.8660254037844388,10413.836397497298,10556.280393939169,-0.026037128599644677,44.4695010844261,1.288741085003813,0.0008229437507092374,0.7629321677369447
2019-08-26 00:00:00+00:00,10372.25,41687.511599,19.88451430193928,0.7629321677369447,0.5437262763494795,-0.6372194217932367,Bullish (>51%),0.0,1.0,-0.4999999999999997,-0.8660254037844388,10407.438490190021,10542.648512906639,-0.0033810903829207934,47.661244079434184,1.0057297522235633,0.022633049023483842,-0.6372194217932367
2019-08-27 00:00:00+00:00,10185.05,28402.775383,19.48311537906822,-0.6372194217932367,0.4877143853445795,-1.584177056372124,Bearish (<49%),0.7818314824680298,0.6234898018587336,-0.4999999999999997,-0.8660254037844388,10373.224876314633,10516.159734172814,-0.018140441237738555,45.37106409294493,1.0124677241641873,-0.01804815734291021,-1.584177056372124
2019-08-28 00:00:00+00:00,9721.0,42110.555375,19.85584832056224,-1.584177056372124,0.461424039649109,-0.8040282384263894,Bearish (<49%),0.9749279121818236,-0.2225209339563143,-0.4999999999999997,-0.8660254037844388,10272.882587650842,10457.259013122977,-0.05372227151844085,40.21270949602468,0.9026355725434749,-0.04556187745764617,-0.8040282384263894
2019-08-29 00:00:00+00:00,9498.44,35532.69491,19.638079302816276,-0.8040282384263894,0.4935248647032609,0.2959396129336058,Neutral,0.4338837391175582,-0.900968867902419,-0.4999999999999997,-0.8660254037844388,10153.737574166096,10386.235382521276,-0.06453757243375613,37.982319881017155,0.9286936650494837,-0.022894763913177574,0.2959396129336058
2019-08-30 00:00:00+00:00,9584.54,26834.318104,19.360120945020498,0.2959396129336058,0.5302118278488751,-0.0055227312977689,Bullish (>51%),-0.433883739117558,-0.9009688679024191,-0.4999999999999997,-0.8660254037844388,10066.16871660208,10326.850539371551,-0.04784627897282623,39.38304285512314,0.8001463921475108,0.009064646405093857,-0.0055227312977689
2019-08-31 00:00:00+00:00,9587.47,17130.290074,18.91608866213919,-0.0055227312977689,0.4995915525674245,0.4775970835679998,Neutral,-0.9749279121818236,-0.2225209339563146,-0.4999999999999997,-0.8660254037844388,9992.522760201759,10272.081610529214,-0.04053558544945268,39.43317550856365,0.7835036860174371,0.00030570063873680553,0.4775970835679998
2019-09-01 00:00:00+00:00,9724.98,19545.404843,19.05467906169023,0.4775970835679998,0.5907071606211804,2.1605714674470438,Bullish (>51%),-0.7818314824680299,0.6234898018587334,-0.8660254037844384,-0.5000000000000004,9951.362335555334,10231.555565304827,-0.022748878788835785,41.86329870545734,0.8307462069542929,0.014342678516855889,2.1605714674470438
2019-09-02 00:00:00+00:00,10340.0,44740.248093,19.92133490732395,2.1605714674470438,0.5619167795570051,0.9002508525187644,Bullish (>51%),0.0,1.0,-0.8660254037844384,-0.5000000000000004,10011.152745469897,10239.588486393357,0.032848090813408885,51.27893910116468,1.1933542397000372,0.06324126116454742,0.9002508525187644
2019-09-03 00:00:00+00:00,10615.28,47998.376781,20.041291343618507,0.9002508525187644,0.5153154111201317,-0.1725163967542766,Bullish (>51%),0.7818314824680298,0.6234898018587336,-0.8660254037844384,-0.5000000000000004,10104.095400012991,10267.417487401257,0.050591822399692704,54.80703526640527,1.200959374212476,0.02662282398452609,-0.1725163967542766
2019-09-04 00:00:00+00:00,10567.02,43943.889026,19.954374135133897,-0.1725163967542766,0.5061925138860376,-0.0242846470953308,Neutral,0.9749279121818236,-0.2225209339563143,-0.8660254037844384,-0.5000000000000004,10175.314569241762,10289.610266112275,0.03849565810400565,54.06783855285641,0.9405875607918095,-0.004546276687944162,-0.0242846470953308
2019-09-05 00:00:00+00:00,10564.49,33970.960639,19.69844663448935,-0.0242846470953308,0.4867436038301784,-0.8818536629964482,Bearish (<49%),0.4338837391175582,-0.900968867902419,-0.8660254037844384,-0.5000000000000004,10235.187712435336,10309.971727881737,0.03217354647678567,54.02669990200649,0.8103555115381779,-0.00023942417067446264,-0.8818536629964482
2019-09-06 00:00:00+00:00,10298.73,58799.640959,20.25112069130536,-0.8818536629964482,0.5094069272954521,0.5091403280460279,Neutral,-0.433883739117558,-0.9009688679024191,-0.8660254037844384,-0.5000000000000004,10244.963448983746,10309.139007297905,0.005248095933576677,49.74501793702117,0.9707553524611255,-0.025155970614767043,0.5091403280460279
2019-09-07 00:00:00+00:00,10455.88,27637.877392,19.477953998834348,0.5091403280460279,0.5309195423324136,-0.261934444128094,Bullish (>51%),-0.9749279121818236,-0.2225209339563146,-0.8660254037844384,-0.5000000000000004,10277.412149140093,10320.008710461023,0.017365057299452435,52.159431968384446,0.9587023753901419,0.015259163023013445,-0.261934444128094
2019-09-08 00:00:00+00:00,10381.18,23984.672018,19.336575254827476,-0.261934444128094,0.4414733063705636,-0.2748435073168542,Bearish (<49%),-0.7818314824680299,0.6234898018587334,-0.8660254037844384,-0.5000000000000004,10293.37643388777,10324.53991709354,0.008530103477335595,50.90743088643986,0.9919976944147687,-0.007144305405188178,-0.2748435073168542
2019-09-09 00:00:00+00:00,10303.12,39835.727608,19.830996350753907,-0.2748435073168542,0.4701677064444696,-0.70074809183874,Bearish (<49%),0.0,1.0,-0.8660254037844384,-0.5000000000000004,10294.875444058882,10322.953256568093,0.0008008407664491803,49.56846368714151,0.5796229930727804,-0.007519376410003442,-0.70074809183874
2019-09-10 00:00:00+00:00,10098.15,28915.412225,19.50019121402433,-0.70074809183874,0.4645362382344524,0.1890680215115208,Bearish (<49%),0.7818314824680298,0.6234898018587336,-0.8660254037844384,-0.5000000000000004,10264.609991126745,10306.301163488975,-0.016216884155427398,46.13696220118478,0.45386357901399343,-0.019893973864227643,0.1890680215115208
2019-09-11 00:00:00+00:00,10158.33,31953.824562,19.58893440415717,0.1890680215115208,0.5189930571478988,0.8536186803792991,Bullish (>51%),0.9749279121818236,-0.2225209339563143,-0.8660254037844384,-0.5000000000000004,10248.259223261091,10295.340336563866,-0.00877507304430529,47.29071410506269,0.48475855370193577,0.00595950743453022,0.8536186803792991
2019-09-12 00:00:00+00:00,10415.01,34511.162755,19.68308307831635,0.8536186803792991,0.5375319670825156,-0.2571162675429643,Bullish (>51%),0.4338837391175582,-0.900968867902419,-0.8660254037844384,-0.5000000000000004,10273.913188913231,10304.204756077654,0.01373350236587837,52.01218279252749,0.6312000795285307,0.025267932819666328,-0.2571162675429643
2019-09-13 00:00:00+00:00,10342.06,30280.339776,19.557333864911687,-0.2571162675429643,0.5536217488644867,-0.0394728565352486,Bullish (>51%),-0.433883739117558,-0.9009688679024191,-0.8660254037844384,-0.5000000000000004,10284.397313695812,10307.008848220048,0.00560681239214646,50.624255923628354,0.5361084398491843,-0.007004313966093245,-0.0394728565352486
2019-09-14 00:00:00+00:00,10335.02,23621.533519,19.31293697570255,-0.0394728565352486,0.5713425286357675,-0.1259740293395364,Bullish (>51%),-0.9749279121818236,-0.2225209339563146,-0.8660254037844384,-0.5000000000000004,10292.185419281072,10309.083748351897,0.004161854744540834,50.48424902037429,0.48866734898288156,-0.0006807154474058885,-0.1259740293395364
2019-09-15 00:00:00+00:00,10302.01,18047.654013,19.040468374574107,-0.1259740293395364,0.4555607642454642,-0.1854262178379545,Bearish (<49%),-0.7818314824680299,0.6234898018587334,-0.8660254037844384,-0.5000000000000004,10293.69689323783,10308.559766992497,0.0008075919515010971,49.7889346915028,0.4824388857755988,-0.0031939947866573837,-0.1854262178379545
2019-09-16 00:00:00+00:00,10251.31,28971.401657,19.506967822213976,-0.1854262178379545,0.4620177653629636,-0.229204957477301,Bearish (<49%),0.0,1.0,-0.8660254037844384,-0.5000000000000004,10287.175832739702,10304.319043511572,-0.0034864605527162055,48.67995756551594,0.47666669312614157,-0.004921369713289048,-0.229204957477301
2019-09-17 00:00:00+00:00,10187.82,22914.324563,19.27059580174795,-0.229204957477301,0.4885778169991264,-0.120197640077597,Bearish (<49%),0.7818314824680298,0.6234898018587336,-0.8660254037844384,-0.5000000000000004,10271.890320010516,10295.689484732937,-0.008184503279473319,47.26034862293754,0.3934533550265982,-0.006193354800508422,-0.120197640077597
2019-09-18 00:00:00+00:00,10156.99,24250.249303,19.32499747919818,-0.120197640077597,0.4846593106795822,0.2797777601228727,Bearish (<49%),0.9749279121818236,-0.2225209339563143,-0.8660254037844384,-0.5000000000000004,10254.213347701207,10285.415448826792,-0.009481307283605762,46.550451664159795,0.3898777677780381,-0.003026162613787853,0.2797777601228727
2019-09-19 00:00:00+00:00,10244.29,44826.282579,19.919581415654516,0.2797777601228727,0.5046880192023429,-0.2703728583265201,Neutral,0.4338837391175582,-0.900968867902419,-0.8660254037844384,-0.5000000000000004,10252.686678824097,10282.369119284067,-0.0008189735127123749,48.89153376769329,0.18146752198350885,0.008595066057956346,-0.2703728583265201
2019-09-20 00:00:00+00:00,10168.59,25088.491069,19.357578838890262,-0.2703728583265201,0.4804746867735986,-0.632737018767938,Bearish (<49%),-0.433883739117558,-0.9009688679024191,-0.8660254037844384,-0.5000000000000004,10239.748728235774,10273.941036374135,-0.006949265077135753,46.97037629673902,0.18347744710943925,-0.007389482336013553,-0.632737018767938
2019-09-21 00:00:00+00:00,9986.39,20544.175196,19.143551929165607,-0.632737018767938,0.4519943677664887,0.1303612126354539,Bearish (<49%),-0.9749279121818236,-0.2225209339563146,-0.8660254037844384,-0.5000000000000004,10200.770462353348,10252.64095960568,-0.021016104925067648,42.62859904381966,0.2687613985362648,-0.017917921757097166,0.1303612126354539
2019-09-22 00:00:00+00:00,10028.87,22049.275256,19.20974533633596,0.1303612126354539,0.5079809558798135,-1.136957491085823,Neutral,-0.7818314824680299,0.6234898018587334,-0.8660254037844384,-0.5000000000000004,10174.324237375911,10236.065332968223,-0.014296206213045257,43.92995241945521,0.29416044440677436,0.004253789407383524,-1.136957491085823
2019-09-23 00:00:00+00:00,9702.25,31937.232356,19.566146670954048,-1.136957491085823,0.4677960923308755,-4.305227335351467,Bearish (<49%),0.0,1.0,-0.8660254037844384,-0.5000000000000004,10101.697431625771,10196.523456452058,-0.039542605025488654,36.983665876680924,0.47761617086687286,-0.03256797625255892,-4.305227335351467
2019-09-24 00:00:00+00:00,8493.14,94007.345203,20.54771686532899,-4.305227335351467,0.4572648342975247,-0.2717105251044667,Bearish (<49%),0.7818314824680298,0.6234898018587336,-0.8660254037844384,-0.5000000000000004,9854.227057529499,10070.346904122276,-0.13812215301955202,22.684132637773615,1.5902118898185174,-0.12462160838980652,-0.2717105251044667
2019-09-25 00:00:00+00:00,8430.05,60783.892258,20.05468872558793,-0.2717105251044667,0.5016044689041308,-1.5116313437526263,Neutral,0.9749279121818236,-0.2225209339563143,-0.8660254037844384,-0.5000000000000004,9635.122894832652,9948.843429742848,-0.125070838014836,22.201764303442133,1.579378054011972,-0.007428348055018574,-1.5116313437526263
2019-09-26 00:00:00+00:00,8063.73,67930.853749,20.130496936857003,-1.5116313437526263,0.4911393248975785,0.4712994026128979,Neutral,0.4338837391175582,-0.900968867902419,-0.8660254037844384,-0.5000000000000004,9393.370141781474,9809.205397910046,-0.14155091534903624,19.59613928044233,1.502112224210774,-0.04345407203990481,0.4712994026128979
2019-09-27 00:00:00+00:00,8177.91,43882.924625,19.68141399436205,0.4712994026128979,0.5292459728577172,0.0719157652206705,Bullish (>51%),-0.433883739117558,-0.9009688679024191,-0.8660254037844384,-0.5000000000000004,9206.376273815093,9688.36870176856,-0.11171238750476355,22.643577410724177,1.597047866866144,0.014159700287584176,0.0719157652206705
2019-09-28 00:00:00+00:00,8198.81,34473.605165,19.452698727559305,0.0719157652206705,0.5283764136596069,-0.6666742390703071,Bullish (>51%),-0.9749279121818236,-0.2225209339563146,-0.8660254037844384,-0.5000000000000004,9051.36607784354,9578.031020156073,-0.09419087356664066,23.21724801839457,1.6481414145791715,0.0025556652005218616,-0.6666742390703071
2019-09-29 00:00:00+00:00,8043.82,31544.211388,19.35150771225412,-0.6666742390703071,0.4916084472759811,1.0344792574304955,Neutral,-0.7818314824680299,0.6234898018587334,-0.8660254037844384,-0.5000000000000004,8896.358988944534,9464.38575940377,-0.09583010195564057,21.919080808508355,1.5886519423200691,-0.018903962892175774,1.0344792574304955
2019-09-30 00:00:00+00:00,8289.34,55865.48726,19.92280217761884,1.0344792574304955,0.5200350408793696,-0.0031729127220494,Bullish (>51%),0.0,1.0,-0.8660254037844384,-0.5000000000000004,8802.971452183836,9377.34533278127,-0.05834750856273814,28.718396925719006,1.7704124666472718,0.03052281130109824,-0.0031729127220494
2019-10-01 00:00:00+00:00,8292.44,43479.58742,19.71002594787821,-0.0031729127220494,0.5179477805633694,0.2641135391970773,Bullish (>51%),0.7818314824680298,0.6234898018587336,-1.0,-1.8369701987210294e-16,8724.42815184786,9296.98197479747,-0.04951478129330038,28.802699986328946,0.8156044988978863,0.0003739742850457084,0.2641135391970773
2019-10-02 00:00:00+00:00,8359.94,26243.386644,19.19229409098364,0.2641135391970773,0.5202210002542231,-0.5758702893556833,Bullish (>51%),0.9749279121818236,-0.2225209339563143,-1.0,-1.8369701987210294e-16,8668.353051563574,9227.571458145805,-0.03557919823165748,30.723915046127075,0.8246423398452479,0.008139944334839999,-0.5758702893556833
2019-10-03 00:00:00+00:00,8223.96,30488.284058,19.338137800491054,-0.5758702893556833,0.5025342687654383,-0.3794317814961561,Neutral,0.4338837391175582,-0.900968867902419,-1.0,-1.8369701987210294e-16,8599.984889784562,9153.229868653523,-0.04372390121652678,29.02474509361383,0.5905546742335588,-0.016265666978471316,-0.3794317814961561
2019-10-04 00:00:00+00:00,8137.13,26476.330404,19.18766191337489,-0.3794317814961561,0.4999488242147108,-0.0623171916132145,Neutral,-0.433883739117558,-0.9009688679024191,-1.0,-1.8369701987210294e-16,8528.776445202322,9077.963211716224,-0.045920589866396855,27.961342463301293,0.5853591098039119,-0.010558173921079272,-0.0623171916132145
2019-10-05 00:00:00+00:00,8126.19,21907.615564,18.99308795457324,-0.0623171916132145,0.4847661212136468,-1.1678184545127457,Bearish (<49%),-0.9749279121818236,-0.2225209339563146,-1.0,-1.8369701987210294e-16,8466.84006901735,9007.461492329838,-0.04023343611554543,27.823028533297247,0.5834156839824752,-0.0013444543715045443,-1.1678184545127457
2019-10-06 00:00:00+00:00,7854.25,34676.104049,19.433909050824205,-1.1678184545127457,0.474024132519986,1.4556206820947024,Bearish (<49%),-0.7818314824680299,0.6234898018587334,-1.0,-1.8369701987210294e-16,8372.59544301468,8922.038418823924,-0.06190976818868502,24.569565784051434,0.6916200941101099,-0.033464637179293044,1.4556206820947024
2019-10-07 00:00:00+00:00,8190.09,52202.072297,19.857957340716176,1.4556206820947024,0.5380753764753172,-0.1072352957737034,Bullish (>51%),0.0,1.0,-1.0,-1.8369701987210294e-16,8344.517682550882,8867.82001742956,-0.018506483948593472,34.72163797556453,0.8165445078947474,0.042759015819460844,-0.1072352957737034
2019-10-08 00:00:00+00:00,8168.39,35452.657423,19.48771721619174,-0.1072352957737034,0.47651539737724,1.637129238811475,Bearish (<49%),0.7818314824680298,0.6234898018587336,-1.0,-1.8369701987210294e-16,8317.421116004592,8816.010386508853,-0.017917947633771084,34.399477739613815,0.8161363509193674,-0.0026495435337096085,1.637129238811475
2019-10-09 00:00:00+00:00,8560.74,55038.704378,19.952903326839177,1.637129238811475,0.5307514415560358,-0.0269395300292423,Bullish (>51%),0.9749279121818236,-0.2225209339563143,-1.0,-1.8369701987210294e-16,8354.854790465424,8797.101468989678,0.02464258382677484,44.43757753179732,1.0458135122267012,0.04803272125841196,-0.0269395300292423
2019-10-10 00:00:00+00:00,8558.03,39137.946167,19.62642820954748,-0.0269395300292423,0.5260294927882284,-1.22065781447314,Bullish (>51%),0.4338837391175582,-0.900968867902419,-1.0,-1.8369701987210294e-16,8386.112515009205,8779.39247128674,0.020500259766739744,44.38705549330559,1.0052301715551153,-0.0003165614187558008,-1.22065781447314
2019-10-11 00:00:00+00:00,8258.5,50405.284418,19.86621807056558,-1.22065781447314,0.4884015122471716,0.1572838728344725,Bearish (<49%),-0.433883739117558,-0.9009688679024191,-1.0,-1.8369701987210294e-16,8366.479820392404,8740.807843784018,-0.012906242853680763,39.09625519446804,1.1278373950783254,-0.03499987730821241,0.1572838728344725
2019-10-12 00:00:00+00:00,8300.09,21339.334098,18.99565148232758,0.1572838728344725,0.5456791430568285,-0.1200424635615371,Bullish (>51%),-0.9749279121818236,-0.2225209339563146,-1.0,-1.8369701987210294e-16,8356.266001870496,8708.162077577794,-0.006722620110216782,40.16277700313487,1.1265144521354846,0.005036023490948782,-0.1200424635615371
2019-10-13 00:00:00+00:00,8275.01,27840.739953,19.262891853146463,-0.1200424635615371,0.5041502013845559,0.2883696534265936,Neutral,-0.7818314824680299,0.6234898018587334,-1.0,-1.8369701987210294e-16,8343.765078505803,8676.076738497957,-0.008240294142859006,39.711168916906274,0.990810527096768,-0.00302165398206522,0.2883696534265936
2019-10-14 00:00:00+00:00,8348.2,29810.663253,19.327045306728795,0.2883696534265936,0.5123335775987138,-0.7948754233871372,Bullish (>51%),0.0,1.0,-1.0,-1.8369701987210294e-16,8344.447374120295,8651.789572683294,0.0004497153270262812,41.76896063912168,0.8418169985969035,0.008844702302474694,-0.7948754233871372
2019-10-15 00:00:00+00:00,8159.29,32773.062476,19.416623558700472,-0.7948754233871372,0.5133160816850603,-0.7228064028664754,Bullish (>51%),0.7818314824680298,0.6234898018587336,-1.0,-1.8369701987210294e-16,8315.961624255633,8615.308122854902,-0.018839868596634713,38.14951957233764,0.9059201222544417,-0.02262883016698214,-0.7228064028664754
2019-10-16 00:00:00+00:00,7991.74,34733.593966,19.44882351977873,-0.7228064028664754,0.4951640763934644,0.3234922991112263,Neutral,0.9749279121818236,-0.2225209339563143,-1.0,-1.8369701987210294e-16,8266.081374370151,8569.117891532316,-0.033188806393894855,35.23333032622669,0.5652477059394365,-0.020534874970738914,0.3234922991112263
2019-10-17 00:00:00+00:00,8070.58,29656.949158,19.28922222854165,0.3234922991112263,0.5368740382961815,-0.5430186494117225,Bullish (>51%),0.4338837391175582,-0.900968867902419,-1.0,-1.8369701987210294e-16,8236.004239851667,8532.189158826219,-0.020085497170002246,37.648568297768435,0.6120560909248154,0.009865185804343035,-0.5430186494117225
2019-10-18 00:00:00+00:00,7947.01,31353.181416,19.332687601529045,-0.5430186494117225,0.5005117101766207,-0.0117133361813285,Neutral,-0.433883739117558,-0.9009688679024191,-1.0,-1.8369701987210294e-16,8191.543587566795,8488.842554468722,-0.029851954635015387,35.41912078318606,0.48156688075097204,-0.015311167227138545,-0.0117133361813285
2019-10-19 00:00:00+00:00,7948.01,26627.889388,19.171670959586557,-0.0117133361813285,0.5215147938183257,1.1762738736370668,Bullish (>51%),-0.9749279121818236,-0.2225209339563146,-1.0,-1.8369701987210294e-16,8154.076881787289,8448.780883767335,-0.025271638319667236,35.452432752101416,0.4645069235274823,0.0001258334895766211,1.1762738736370668
2019-10-20 00:00:00+00:00,8223.35,34286.452654,19.435548537751615,1.1762738736370668,0.5262260245781097,-0.1251983277948348,Bullish (>51%),-0.7818314824680299,0.6234898018587334,-1.0,-1.8369701987210294e-16,8164.734284589244,8432.08229978457,0.007179133253777992,44.01530829340541,0.7081857321918362,0.03464263381651511,-0.1251983277948348
2019-10-21 00:00:00+00:00,8197.27,30448.679539,19.33744049236752,-0.1251983277948348,0.5446541733528538,-0.7603428932731208,Bullish (>51%),0.0,1.0,-1.0,-1.8369701987210294e-16,8169.739779267822,8414.688796096823,0.0033697793902862385,43.427644426224425,0.6932597816397972,-0.0031714568880079064,-0.7603428932731208
2019-10-22 00:00:00+00:00,8020.0,34651.828663,19.462847835241824,-0.7603428932731208,0.4838716301833516,-2.3908621934281724,Bearish (<49%),0.7818314824680298,0.6234898018587336,-1.0,-1.8369701987210294e-16,8146.702890149696,8385.45258897854,-0.015552658769831222,39.56123839503777,0.6875880577003279,-0.02162549238953948,-2.3908621934281724
2019-10-23 00:00:00+00:00,7466.62,63897.457098,20.006278239898972,-2.3908621934281724,0.4456160165862255,-0.2659271611725876,Bearish (<49%),0.9749279121818236,-0.2225209339563143,-1.0,-1.8369701987210294e-16,8042.074753203588,8317.39091572087,-0.07155550910221944,30.44799800193728,1.1042963814840066,-0.06900000000000006,-0.2659271611725876
2019-10-24 00:00:00+00:00,7412.41,32714.383265,19.30958554078786,-0.2659271611725876,0.510643169387592,5.753701119308865,Bullish (>51%),0.4338837391175582,-0.900968867902419,-1.0,-1.8369701987210294e-16,7945.203252710729,8250.35529233414,-0.06705847991100192,29.72560377811564,1.0677582965232202,-0.0072603132341005905,5.753701119308865
2019-10-25 00:00:00+00:00,8655.02,90748.218174,20.41854549388295,5.753701119308865,0.5464457331483737,2.270427823505784,Bullish (>51%),-0.433883739117558,-0.9009688679024191,-1.0,-1.8369701987210294e-16,8054.40582921677,8280.330455864943,0.07456964343720379,55.68167588658486,2.5573892652184536,0.1676391349102384,2.270427823505784
2019-10-26 00:00:00+00:00,9230.0,162588.585413,21.1434515082307,2.270427823505784,0.5018208155495542,1.1023616492858108,Neutral,-0.9749279121818236,-0.2225209339563146,-1.0,-1.8369701987210294e-16,8235.26647087573,8350.676348023097,0.12078947689697427,62.57067892391121,2.6283986621443627,0.0664331220494001,1.1023616492858108
2019-10-27 00:00:00+00:00,9529.93,93833.541604,20.603849553230784,1.1023616492858108,0.5043031933048425,-1.18903386103452,Neutral,-0.7818314824680299,0.6234898018587334,-1.0,-1.8369701987210294e-16,8434.445475356386,8438.028470391757,0.1298822225888331,65.5766069332283,2.6268220225104373,0.032495124593716174,-1.18903386103452
2019-10-28 00:00:00+00:00,9205.14,80174.217323,20.447748069033462,-1.18903386103452,0.4958536899816465,0.7410204221657758,Neutral,0.0,1.0,-1.0,-1.8369701987210294e-16,8553.013863763095,8494.851546659034,0.07624518638977,59.96092650318739,2.7183001663299766,-0.03408104781462207,0.7410204221657758
2019-10-29 00:00:00+00:00,9407.62,64158.462446,20.21345856887304,0.7410204221657758,0.5110323396792082,-0.9412754890481464,Bullish (>51%),0.7818314824680298,0.6234898018587336,-1.0,-1.8369701987210294e-16,8684.491730876465,8562.46402468429,0.08326661957113238,62.13775385041323,2.6471641722502177,0.021996406355579756,-0.9412754890481464
2019-10-30 00:00:00+00:00,9154.72,55241.786434,20.043202350415772,-0.9412754890481464,0.4963011429899334,-0.0681892243695944,Neutral,0.9749279121818236,-0.2225209339563143,-1.0,-1.8369701987210294e-16,8756.834541510854,8606.33483767064,0.04543713331604141,57.90332491733547,2.3951503898332276,-0.026882463364804376,-0.0681892243695944
2019-10-31 00:00:00+00:00,9140.85,54376.024902,20.02641730228863,-0.0681892243695944,0.5011805034501086,0.3256905178143063,Neutral,0.4338837391175582,-0.900968867902419,-1.0,-1.8369701987210294e-16,8815.913842816877,8645.92855339874,0.036857909795463585,57.671205941300606,2.3779093702982,-0.0015150654525751817,0.3256905178143063
2019-11-01 00:00:00+00:00,9231.61,43594.814115,19.80397829163189,0.3256905178143063,0.5239982210209729,0.1998581112841699,Bullish (>51%),-0.433883739117558,-0.9009688679024191,-0.8660254037844386,0.5000000000000001,8879.867097768127,8689.312364258092,0.03961128002921138,58.834119052166734,1.1980705882382023,0.009929054737797927,0.1998581112841699
2019-11-02 00:00:00+00:00,9289.52,28923.060828,19.406943631983356,0.1998581112841699,0.5295493431377296,-0.3673150758072018,Bullish (>51%),-0.9749279121818236,-0.2225209339563146,-0.8660254037844386,0.5000000000000001,8942.890621188415,8733.772189127863,0.03876032856650572,59.59684825884872,0.8377182603284292,0.006273011966493325,-0.3673150758072018
2019-11-03 00:00:00+00:00,9194.71,27894.378279,19.363279406160405,-0.3673150758072018,0.4879766963025489,0.7275053033604342,Bearish (<49%),-0.7818314824680299,0.6234898018587334,-0.8660254037844386,0.5000000000000001,8981.632064082505,8767.915730673947,0.023723743568787616,57.7115462152707,0.6944244586803141,-0.010206124751332868,0.7275053033604342
2019-11-04 00:00:00+00:00,9393.35,45894.456277,19.871807340512746,0.7275053033604342,0.5391024958585109,-0.3263521513224672,Bullish (>51%),0.0,1.0,-0.8660254037844386,0.5000000000000001,9044.97328499289,8814.24419506847,0.038516057928565196,60.528855993195904,0.6049140998409304,0.021603726490558195,-0.3263521513224672
2019-11-05 00:00:00+00:00,9308.66,45935.873665,19.87500042247963,-0.3263521513224672,0.4965452431435757,0.0963191433949812,Neutral,0.7818314824680298,0.6234898018587336,-0.8660254037844386,0.5000000000000001,9085.54047191706,8850.867588026362,0.024557650562736552,58.73230338283578,0.5444291124256586,-0.009015952775101588,0.0963191433949812
2019-11-06 00:00:00+00:00,9339.05,37336.170372,19.669457204964544,0.0963191433949812,0.5074710110389143,-0.4687892629374433,Neutral,0.9749279121818236,-0.2225209339563143,-0.8660254037844386,0.5000000000000001,9124.541937775974,8887.029248172557,0.023508912960984226,59.20027334528143,0.38325882409495704,0.0032647019012403966,-0.4687892629374433
2019-11-07 00:00:00+00:00,9216.2,39117.470853,19.704990758897008,-0.4687892629374433,0.5011449652680335,-1.668436574042603,Neutral,0.4338837391175582,-0.900968867902419,-0.8660254037844386,0.5000000000000001,9138.643178118133,8911.41226682644,0.008486688928567932,56.41522207243884,0.4360346451746168,-0.013154442903721364,-1.668436574042603
2019-11-08 00:00:00+00:00,8773.73,62107.289243,20.135541162911277,-1.668436574042603,0.4837778247484283,0.123921533284755,Bearish (<49%),-0.433883739117558,-0.9009688679024191,-0.8660254037844386,0.5000000000000001,9082.502689176881,8901.213580394853,-0.03399643245300979,47.70945079291315,0.7479730213740088,-0.04801002582409253,0.123921533284755
2019-11-09 00:00:00+00:00,8809.41,29469.481405,19.37516663185239,0.123921533284755,0.508676146688371,0.8827815647556078,Neutral,-0.9749279121818236,-0.2225209339563146,-0.8660254037844386,0.5000000000000001,9040.488429303516,8894.41331518042,-0.025560392130419243,48.40092905511423,0.7407385753568444,0.004066685434815032,0.8827815647556078
2019-11-10 00:00:00+00:00,9039.47,34422.029797,19.543389870711497,0.8827815647556078,0.5148504371913754,-1.1818963132039169,Bullish (>51%),-0.7818314824680299,0.6234898018587334,-0.8660254037844386,0.5000000000000001,9040.331747872206,8905.158254796685,-9.532259393125461e-05,52.7404872928343,0.8549756793286467,0.026115256299797496,-1.1818963132039169
2019-11-11 00:00:00+00:00,8733.27,44888.053545,19.79334766265466,-1.1818963132039169,0.492601957775534,0.3334025611053234,Neutral,0.0,1.0,-0.8660254037844386,0.5000000000000001,8993.09147896879,8892.425791478412,-0.02889123051582512,47.06678053354721,0.8551148377588258,-0.03387366737209141,0.3334025611053234
2019-11-12 00:00:00+00:00,8821.94,40366.629471,19.68106017181474,0.3334025611053234,0.5010335226162485,-0.1909036307337071,Neutral,0.7818314824680298,0.6234898018587336,-0.8660254037844386,0.5000000000000001,8966.760482204361,8887.20462173927,-0.016150814164354547,48.784990412119484,0.8952702726286845,0.010153127064661982,-0.1909036307337071
2019-11-13 00:00:00+00:00,8777.12,26810.116918,19.27535371603922,-0.1909036307337071,0.5044734820204935,-0.5275375759084809,Neutral,0.9749279121818236,-0.2225209339563143,-0.8660254037844386,0.5000000000000001,8937.585023403692,8879.05020531414,-0.017953957694780177,47.937944141670236,0.8822257548256621,-0.005080515170132638,-0.5275375759084809
2019-11-14 00:00:00+00:00,8646.68,33468.468961,19.485751095424146,-0.5275375759084809,0.4862133611179622,-0.7124234358201872,Bearish (<49%),0.4338837391175582,-0.900968867902419,-0.8660254037844386,0.5000000000000001,8892.830404418508,8861.837597513093,-0.027679646774350364,45.463879600910474,0.8842652835837996,-0.014861366826476208,-0.7124234358201872
2019-11-15 00:00:00+00:00,8471.73,46087.417751,19.793659295164087,-0.7124234358201872,0.4896844131934538,0.0623242384867179,Bearish (<49%),-0.433883739117558,-0.9009688679024191,-0.8660254037844386,0.5000000000000001,8828.04572681566,8832.94073843805,-0.040361789895733434,42.30988257209802,0.6944547568989491,-0.020233199331998075,0.0623242384867179
2019-11-16 00:00:00+00:00,8491.02,20902.299752,18.992918472625178,0.0623242384867179,0.5120790492431745,0.0300836652318758,Bullish (>51%),-0.9749279121818236,-0.2225209339563146,-0.8660254037844386,0.5000000000000001,8776.195614997867,8807.613276331527,-0.032494218167895265,42.78122475492469,0.6903130254474771,0.002276984748097677,0.0300836652318758
2019-11-17 00:00:00+00:00,8502.4,27009.037082,19.253571174589226,0.0300836652318758,0.5038134509455964,-1.2920929133493884,Neutral,-0.7818314824680299,0.6234898018587334,-0.8660254037844386,0.5000000000000001,8734.073212690502,8785.004885492155,-0.026525219911585383,43.07669903306919,0.5247002942550847,0.0013402394529749007,-1.2920929133493884
2019-11-18 00:00:00+00:00,8187.17,43017.69094,19.69801415680993,-1.2920929133493884,0.4771320002421311,-0.2410764313577084,Bearish (<49%),0.0,1.0,-0.8660254037844386,0.5000000000000001,8649.934256891964,8740.720819900143,-0.05349916463506637,37.32666660739292,0.5558622827887342,-0.03707541400075265,-0.2410764313577084
2019-11-19 00:00:00+00:00,8133.64,43556.061025,19.68329161102359,-0.2410764313577084,0.5008883854643741,-0.1668132489680149,Neutral,0.7818314824680298,0.6234898018587336,-0.8660254037844386,0.5000000000000001,8570.504371216277,8695.75187027791,-0.05097300605591772,36.437204776782025,0.4790032630480581,-0.006538278794748331,-0.1668132489680149
2019-11-20 00:00:00+00:00,8098.01,32466.23098,19.389137176403608,-0.1668132489680149,0.5159572255036055,-2.014756140431148,Bullish (>51%),0.9749279121818236,-0.2225209339563143,-0.8660254037844386,0.5000000000000001,8497.812929490696,8651.47469470177,-0.04704774426172937,35.82527594663685,0.4809243908958836,-0.004380572535789606,-2.014756140431148
2019-11-21 00:00:00+00:00,7627.74,58418.780261,19.936174231326397,-2.014756140431148,0.4605089276223702,-1.6382140917183348,Bearish (<49%),0.4338837391175582,-0.900968867902419,-0.8660254037844386,0.5000000000000001,8363.955555722896,8575.642495094231,-0.08802241365560019,28.921421430511856,0.7791799296099425,-0.05807229183466067,-1.6382140917183348
2019-11-22 00:00:00+00:00,7268.23,126603.140259,20.63757889479154,-1.6382140917183348,0.4807772702752766,0.1891860705062369,Bearish (<49%),-0.433883739117558,-0.9009688679024191,-0.8660254037844386,0.5000000000000001,8195.38239330399,8478.79712508725,-0.11313107171930338,24.961227852400725,0.8708130671607848,-0.047131915875475605,0.1891860705062369
2019-11-23 00:00:00+00:00,7311.57,50449.894755,19.713889546739484,0.1891860705062369,0.5130363817743112,-1.937982061250256,Bullish (>51%),-0.9749279121818236,-0.2225209339563146,-0.8660254037844386,0.5000000000000001,8059.4112558726065,8392.33585656227,-0.0927910528610488,26.271895161262293,0.8916441064984648,0.00596293733137232,-1.937982061250256
2019-11-24 00:00:00+00:00,6903.28,67890.206483,19.99329478646825,-1.937982061250256,0.4917871137033643,1.0124548839913274,Neutral,-0.7818314824680299,0.6234898018587334,-0.8660254037844386,0.5000000000000001,7881.544908815283,8282.035422742842,-0.1241209585345535,22.31721577534131,0.9205999447429319,-0.055841631824628646,1.0124548839913274
2019-11-25 00:00:00+00:00,7109.57,119645.735197,20.538896334508472,1.0124548839913274,0.5059385820424781,0.2094026031826211,Neutral,0.0,1.0,-0.8660254037844386,0.5000000000000001,7762.779538228316,8195.186132169298,-0.08414634668053406,28.19819137743869,1.1802522233407484,0.02988289624642193,0.2094026031826211
2019-11-26 00:00:00+00:00,7156.14,65722.39769,19.967397100980183,0.2094026031826211,0.5066971247469715,1.6787370478580197,Neutral,0.7818314824680298,0.6234898018587336,-0.8660254037844386,0.5000000000000001,7669.450378500883,8118.219752008609,-0.06692922610723212,29.49582525123762,1.220119723705835,0.006550325828425629,1.6787370478580197
2019-11-27 00:00:00+00:00,7508.52,92452.87349,20.32524288095248,1.6787370478580197,0.5089947663886288,-0.424141101563697,Neutral,0.9749279121818236,-0.2225209339563143,-0.8660254037844386,0.5000000000000001,7644.691858731516,8073.056807415379,-0.017812602685350145,38.54599414787429,1.5015509600642678,0.04924163026436035,-0.424141101563697
2019-11-28 00:00:00+00:00,7419.49,56933.981109,19.873634925316843,-0.424141101563697,0.5071963770935954,1.4692583834128647,Neutral,0.4338837391175582,-0.900968867902419,-0.8660254037844386,0.5000000000000001,7610.0454189266675,8024.644451310536,-0.025039984446445514,37.245161240145045,1.318068951694505,-0.011857196890998623,1.4692583834128647
2019-11-29 00:00:00+00:00,7739.68,60745.300873,19.953252637175535,1.4692583834128647,0.5198243442075905,-0.8955983350380081,Bullish (>51%),-0.433883739117558,-0.9009688679024191,-0.8660254037844386,0.5000000000000001,7629.989200630257,8003.535973435682,0.014376271903593581,44.499461611358164,1.2468468779098716,0.04315525730205172,-0.8955983350380081
2019-11-30 00:00:00+00:00,7541.89,46989.433619,19.698133611057436,-0.8955983350380081,0.5052967977762421,-0.7051374672350951,Neutral,-0.9749279121818236,-0.2225209339563146,-0.8660254037844386,0.5000000000000001,7616.435477456371,7969.339975403409,-0.009787449480405249,41.32179218918328,1.3295906787040173,-0.025555320116594005,-0.7051374672350951
2019-12-01 00:00:00+00:00,7390.89,60769.342313,19.917005762336228,-0.7051374672350951,0.5121003740950919,-0.4659344761912511,Bullish (>51%),-0.7818314824680299,0.6234898018587334,-0.5000000000000004,0.8660254037844384,7581.736173232314,7926.49182907723,-0.025171829891167355,39.03032608133466,1.059830535589322,-0.020021506545441548,-0.4659344761912511
2019-12-02 00:00:00+00:00,7294.28,46330.25604,19.63822887172187,-0.4659344761912511,0.5189614400628726,-0.0234521864615705,Bullish (>51%),0.0,1.0,-0.5000000000000004,0.8660254037844384,7537.51214658119,7879.661323219658,-0.032269552851269846,37.59390571245838,1.049583392208499,-0.013071497478652883,-0.0234521864615705
2019-12-03 00:00:00+00:00,7292.71,33149.477487,19.30601425199905,-0.0234521864615705,0.5019474241645383,-0.480391878771712,Neutral,0.7818314824680298,0.6234898018587336,-0.5000000000000004,0.8660254037844384,7499.850277876391,7836.183447425609,-0.027619255078655227,37.569707713968,1.0501079617897362,-0.00021523714472160282,-0.480391878771712
2019-12-04 00:00:00+00:00,7194.32,83153.701586,20.226787809030377,-0.480391878771712,0.5035330919778256,0.9153055609633184,Neutral,0.9749279121818236,-0.2225209339563143,-0.5000000000000004,0.8660254037844384,7452.845619741562,7788.638006875564,-0.034688175890395904,36.00559522478277,0.7909853795667455,-0.01349155526546375,0.9153055609633184
2019-12-05 00:00:00+00:00,7389.0,59306.678855,19.89025609795291,0.9153055609633184,0.5192479937089541,0.6289432146939087,Bullish (>51%),0.4338837391175582,-0.900968867902419,-0.5000000000000004,0.8660254037844384,7443.023216704398,7759.035191551448,-0.007258235683472453,41.2201110420674,0.8887539348980166,0.02706023640872246,0.6289432146939087
2019-12-06 00:00:00+00:00,7527.47,48189.087944,19.69298277284391,0.6289432146939087,0.5374871249710989,-0.1955516872608047,Bullish (>51%),-0.433883739117558,-0.9009688679024191,-0.5000000000000004,0.8660254037844384,7456.015029519106,7741.882214399489,0.009583533589725456,44.67334076527183,0.6868563915697284,0.018740018947083437,-0.1955516872608047
2019-12-07 00:00:00+00:00,7488.21,31498.684173,19.28357460143485,-0.1955516872608047,0.5136463743418352,0.0846135474592772,Bullish (>51%),-0.9749279121818236,-0.2225209339563146,-0.5000000000000004,0.8660254037844384,7460.968101900782,7723.091679999527,0.003651255135681074,43.88610817529645,0.6058096183693313,-0.005215563795006872,0.0846135474592772
2019-12-08 00:00:00+00:00,7510.11,29856.897631,19.22409086888813,0.0846135474592772,0.5122985796795828,-0.8018642412010462,Bullish (>51%),-0.7818314824680299,0.6234898018587334,-0.5000000000000004,0.8660254037844384,7468.528393916046,7707.31525925882,0.005567576889421249,44.47390906166205,0.5317393594910897,0.002924597467218515,-0.8018642412010462
2019-12-09 00:00:00+00:00,7338.64,46621.887493,19.66619221371872,-0.8018642412010462,0.5090554585668241,-0.5530872361002507,Neutral,0.0,1.0,-0.5000000000000004,0.8660254037844384,7448.545564082809,7680.005980795204,-0.01475530533273199,40.86451032800367,0.598712552755433,-0.022831889279917306,-0.5530872361002507
2019-12-10 00:00:00+00:00,7224.13,49723.76214,19.710264392317026,-0.5530872361002507,0.4975300155958794,-0.0833632585140358,Neutral,0.7818314824680298,0.6234898018587336,-0.5000000000000004,0.8660254037844384,7414.020092685454,7646.237389625189,-0.02561229809355336,38.61089701542108,0.637093899053867,-0.015603708589057352,-0.0833632585140358
2019-12-11 00:00:00+00:00,7210.0,30093.091944,19.19584861560893,-0.0833632585140358,0.5142555374767841,-0.0729455342046072,Bullish (>51%),0.9749279121818236,-0.2225209339563143,-0.5000000000000004,0.8660254037844384,7382.632386118461,7613.923508912212,-0.023383581504486273,38.3299947186342,0.6102719830370804,-0.0019559448681018,-0.0729455342046072
2019-12-12 00:00:00+00:00,7198.08,42288.600932,19.531410911958037,-0.0729455342046072,0.492978806736183,0.2727586402377345,Neutral,0.4338837391175582,-0.900968867902419,-0.5000000000000004,0.8660254037844384,7354.239711331005,7583.120286029826,-0.021233970806037658,38.07831863946747,0.45847485633241253,-0.001653259361997228,0.2727586402377345
2019-12-13 00:00:00+00:00,7258.48,27609.873795,19.113008389953844,0.2727586402377345,0.5178956398775527,-0.9379760954070976,Bullish (>51%),-0.433883739117558,-0.9009688679024191,-0.5000000000000004,0.8660254037844384,7339.507448049312,7559.072857435024,-0.011039902694130794,40.220236152375115,0.36986896952249637,0.00839112652262819,-0.9379760954070976
2019-12-14 00:00:00+00:00,7064.05,29561.985967,19.16738872922941,-0.9379760954070976,0.4870198422755377,0.2496870042685132,Bearish (<49%),-0.9749279121818236,-0.2225209339563146,-0.5000000000000004,0.8660254037844384,7297.129379118649,7522.4044976250225,-0.03194124250909202,35.91367276743169,0.4650071965565198,-0.02678659994930055,0.2496870042685132
2019-12-15 00:00:00+00:00,7118.59,26395.778137,19.04877067986646,0.2496870042685132,0.5220107577236225,-1.1129373824527808,Bullish (>51%),-0.7818314824680299,0.6234898018587334,-0.5000000000000004,0.8660254037844384,7269.661782331164,7492.492312615761,-0.020781129419025057,37.921668582637366,0.4911452454486232,0.0077207834032884115,-1.1129373824527808
2019-12-16 00:00:00+00:00,6891.72,43863.993059,19.544013514391647,-1.1129373824527808,0.4904407207538994,-1.3539524551697897,Neutral,0.0,1.0,-0.5000000000000004,0.8660254037844384,7211.516892741754,7447.990659829408,-0.044345301758028643,33.25411383850388,0.5564638502258034,-0.031870075394144104,-1.3539524551697897
2019-12-17 00:00:00+00:00,6623.82,53865.069929,19.71290469844274,-1.3539524551697897,0.4921641053458884,3.38221966627304,Neutral,0.7818314824680298,0.6234898018587336,-0.5000000000000004,0.8660254037844384,7121.1019861661,7386.940981323526,-0.0698321674274784,28.753488592207148,0.6808698437754137,-0.038872734237606954,3.38221966627304
2019-12-18 00:00:00+00:00,7277.83,95636.651251,20.29870537067129,3.38221966627304,0.5211772909758676,-0.6191475054052645,Bullish (>51%),0.9749279121818236,-0.2225209339563143,-0.5000000000000004,0.8660254037844384,7145.213988294392,7378.858686410672,0.018560117572806824,47.45114227477917,1.6076410591050057,0.0987360767653711,-0.6191475054052645
2019-12-19 00:00:00+00:00,7150.3,55509.049075,19.800473206110205,-0.6191475054052645,0.4946315732215594,0.1646047596751891,Neutral,0.4338837391175582,-0.900968867902419,-0.5000000000000004,0.8660254037844384,7145.996451633717,7361.928413343215,0.000602232088332414,44.97266584139666,1.6283465821870438,-0.017523080368736288,0.1646047596751891
2019-12-20 00:00:00+00:00,7187.83,32132.069205,19.25290550416252,0.1646047596751891,0.5178954577382313,-0.2797850597997112,Bullish (>51%),-0.433883739117558,-0.9009688679024191,-0.5000000000000004,0.8660254037844384,7152.432382151606,7349.032234577051,0.004949032155372184,45.86872618484919,1.6256493048688552,0.005248730822482894,-0.2797850597997112
2019-12-21 00:00:00+00:00,7132.75,19467.174028,18.75048190036256,-0.2797850597997112,0.5198371883584417,1.7629952697963198,Bullish (>51%),-0.9749279121818236,-0.2225209339563146,-0.5000000000000004,0.8660254037844384,7149.404323359051,7333.0113283120845,-0.002329470065727961,44.71782120426123,1.5830239719029813,-0.007662952518353916,1.7629952697963198
2019-12-22 00:00:00+00:00,7501.44,39137.45515,19.470022977614075,1.7629952697963198,0.5269999455240512,-0.8618677089071355,Bullish (>51%),-0.7818314824680299,0.6234898018587334,-0.5000000000000004,0.8660254037844384,7203.56365822689,7345.4875262148935,0.04135124723065612,53.185349978222554,1.7111507839548374,0.05168974098349155,-0.8618677089071355
2019-12-23 00:00:00+00:00,7317.09,68051.997203,20.051313317817836,-0.8618677089071355,0.4914513187942946,-0.3044772539061546,Neutral,0.0,1.0,-0.5000000000000004,0.8660254037844384,7221.029249268907,7343.384005754531,0.013302916719360885,49.13296264601745,1.6794816733601792,-0.02457528154594313,-0.3044772539061546
2019-12-24 00:00:00+00:00,7255.77,43629.494188,19.5789070074375,-0.3044772539061546,0.4939949822275946,-0.2586261614981481,Neutral,0.7818314824680298,0.6234898018587336,-0.5000000000000004,0.8660254037844384,7226.3739801506135,7336.894079402344,0.00406787967660293,47.827570674277524,1.5474677023209857,-0.008380380725124259,-0.2586261614981481
2019-12-25 00:00:00+00:00,7204.63,27492.044323,19.10515695562971,-0.2586261614981481,0.5249896596058241,-0.0286081534027135,Bullish (>51%),0.9749279121818236,-0.2225209339563143,-0.5000000000000004,0.8660254037844384,7223.028752435135,7327.096740187356,-0.002547235109500596,46.712896239068726,0.8637942986933518,-0.007048183721369394,-0.0286081534027135
2019-12-26 00:00:00+00:00,7202.0,36259.761076,19.388765880670764,-0.0286081534027135,0.5209043056133567,0.2359950580510299,Bullish (>51%),0.4338837391175582,-0.900968867902419,-0.5000000000000004,0.8660254037844384,7219.793559752807,7317.830314988293,-0.0024645524287561357,46.65267828334074,0.8277847292766434,-0.0003650430348262068,0.2359950580510299
2019-12-27 00:00:00+00:00,7254.74,33642.701861,19.305335174696108,0.2359950580510299,0.5018145343305724,0.2752472312912433,Neutral,-0.433883739117558,-0.9009688679024191,-0.5000000000000004,0.8660254037844384,7225.169935175452,7313.156958322494,0.0040926462754303896,48.097604517466266,0.8301881651010058,0.007322965842821327,0.2752472312912433
2019-12-28 00:00:00+00:00,7316.14,26848.982199,19.09526770653975,0.2752472312912433,0.5175047656934089,0.3231390946232592,Bullish (>51%),-0.9749279121818236,-0.2225209339563146,-0.5000000000000004,0.8660254037844384,7239.165329763845,7313.377924372679,0.010633086375258461,49.80223543782363,0.8212413226372514,0.008463432183648312,0.3231390946232592
2019-12-29 00:00:00+00:00,7388.24,31387.106085,19.26109025904806,0.3231390946232592,0.5097563880107554,-0.6786603289067428,Neutral,-0.7818314824680299,0.6234898018587334,-0.5000000000000004,0.8660254037844384,7262.099894415561,7318.923263308036,0.017369646165489777,51.80396696626111,0.42511362278329035,0.009854923497909951,-0.6786603289067428
2019-12-30 00:00:00+00:00,7246.0,29605.911782,19.19314210002923,-0.6786603289067428,0.4650509251456635,-0.2571957853409828,Bearish (<49%),0.0,1.0,-0.5000000000000004,0.8660254037844384,7259.622987582397,7313.521540100034,-0.0018765420195648661,47.75785903182634,0.3718669897819429,-0.019252217036804353,-0.2571957853409828
2019-12-31 00:00:00+00:00,7195.23,25954.453533,19.049387528400533,-0.2571957853409828,0.4853090176213805,0.0108384696029586,Bearish (<49%),0.7818314824680298,0.6234898018587336,-0.5000000000000004,0.8660254037844384,7249.716374108182,7304.759203796328,-0.007515655964525266,46.36584775326987,0.36713395644622804,-0.007006624344465973,0.0108384696029586
2020-01-01 00:00:00+00:00,7200.85,16792.388165,18.613071866372444,0.0108384696029586,0.5327982802141233,-1.1399346881037868,Bullish (>51%),0.9749279121818236,-0.2225209339563143,0.0,1.0,7242.198470399231,7297.06222573734,-0.005709381007470709,46.55156265495444,0.35625545013668974,0.0007810730164290458,-1.1399346881037868
2020-01-02 00:00:00+00:00,6965.71,31951.483932,19.23596741834813,-1.1399346881037868,0.4738938376766719,1.857834296887155,Bearish (<49%),0.4338837391175582,-0.900968867902419,0.0,1.0,7199.661782645503,7272.517616423463,-0.03249482957788857,40.2688219212564,0.5546534044058326,-0.032654478290757405,1.857834296887155
2020-01-03 00:00:00+00:00,7344.96,68428.500451,20.0202674582028,1.857834296887155,0.5201852450133563,0.0268316355035872,Bullish (>51%),-0.433883739117558,-0.9009688679024191,0.0,1.0,7222.015354546194,7277.883718910613,0.017023592365587127,51.61203290092944,0.9518539928406963,0.054445275499554135,0.0268316355035872
2020-01-04 00:00:00+00:00,7354.11,29987.974977,19.208566308781577,0.0268316355035872,0.5458648761897024,0.005671233617101,Bullish (>51%),-0.9749279121818236,-0.2225209339563146,0.0,1.0,7242.3376076929335,7283.53011010242,0.015433192756485097,51.84961563493201,0.9469309984629153,0.0012457521892561552,0.005671233617101
2020-01-05 00:00:00+00:00,7358.75,38331.085604,19.467468663164457,0.005671233617101,0.5075611414973793,1.8512902258269044,Neutral,-0.7818314824680299,0.6234898018587334,0.0,1.0,7260.247206509405,7289.101953798538,0.013567415914196274,51.97838005470174,0.9375715683211996,0.000630939705824396,1.8512902258269044
2020-01-06 00:00:00+00:00,7758.0,54635.695316,19.83975802761188,1.8512902258269044,0.5281120264529736,1.7020877804119825,Bullish (>51%),0.0,1.0,0.0,1.0,7336.824559354112,7323.835142406054,0.057405685148748505,61.51508376758494,1.1145087962909568,0.05425513844063201,1.7020877804119825
2020-01-07 00:00:00+00:00,8145.28,91171.684661,20.40058200939356,1.7020877804119825,0.506649753382909,-0.3933788689114184,Neutral,0.7818314824680298,0.6234898018587336,0.0,1.0,7461.2023194534795,7384.682909635235,0.09168464427816612,68.12727628949624,1.1844005320146775,0.049920082495488405,-0.3933788689114184
2020-01-08 00:00:00+00:00,8055.98,112622.64264,20.646827710279545,-0.3933788689114184,0.4889878999735039,-1.033794146435601,Bearish (<49%),0.9749279121818236,-0.2225209339563143,0.0,1.0,7552.706577999098,7434.408620032626,0.06663484365550863,65.33959909282734,1.2278988655435938,-0.010963404572955193,-1.033794146435601
2020-01-09 00:00:00+00:00,7817.76,64239.51983,20.04453080164365,-1.033794146435601,0.4926213537203521,1.6536461379005096,Neutral,0.4338837391175582,-0.900968867902419,0.0,1.0,7593.484027537698,7462.805018548727,0.029535318919348127,58.46667854280644,1.2038478072891412,-0.02957057986737799,1.6536461379005096
2020-01-10 00:00:00+00:00,8197.02,82406.777448,20.296741870007853,1.6536461379005096,0.5140566907100688,-0.7592739054258619,Bullish (>51%),-0.433883739117558,-0.9009688679024191,0.0,1.0,7686.335715608821,7517.191313471044,0.06644053854610078,64.81261048895159,1.1695341932591214,0.048512617424940174,-0.7592739054258619
2020-01-11 00:00:00+00:00,8020.01,54810.032667,19.913662027184557,-0.7592739054258619,0.5093250927910453,0.6919199742869785,Neutral,-0.9749279121818236,-0.2225209339563146,0.0,1.0,7737.670220899772,7554.437142102819,0.036488991006313046,60.19018548819986,1.261653595542289,-0.02159443309885789,0.6919199742869785
2020-01-12 00:00:00+00:00,8184.98,38131.494336,19.54999008796742,0.6919199742869785,0.517119547486071,-0.3299037036187039,Bullish (>51%),-0.7818314824680299,0.6234898018587334,0.0,1.0,7806.487109992115,7601.144020465574,0.04848440594021133,62.84948385565319,1.2495801513230025,0.02056979978827944,-0.3299037036187039
2020-01-13 00:00:00+00:00,8110.34,31159.755683,19.34754325852126,-0.3299037036187039,0.4882973620136904,2.9531282506577394,Bearish (<49%),0.0,1.0,0.0,1.0,7853.233708454865,7638.862241171828,0.03273890744755651,60.868323659698824,1.131682225606685,-0.00911914262466118,2.9531282506577394
2020-01-14 00:00:00+00:00,8810.01,120399.126742,20.7554766349403,2.9531282506577394,0.5190411123987021,0.0284916143632663,Bullish (>51%),0.7818314824680298,0.6234898018587336,0.0,1.0,8000.430061000271,7725.613927010952,0.1011920525305498,70.31470631162925,1.457003564873074,0.08626888638454133,0.0284916143632663
2020-01-15 00:00:00+00:00,8821.41,84816.297606,20.427164740128823,0.0284916143632663,0.5010069081698982,-0.4116669107527198,Neutral,0.9749279121818236,-0.2225209339563143,0.0,1.0,8126.73466700023,7806.784006491622,0.08548025270476699,70.43991631352843,1.4272600795921186,0.0012939826402011967,-0.4116669107527198
2020-01-16 00:00:00+00:00,8720.01,51991.074284,19.9286447564456,-0.4116669107527198,0.5000146988307229,0.7467874112734396,Neutral,0.4338837391175582,-0.900968867902419,0.0,1.0,8218.00779515404,7874.430376381131,0.06108563259601409,67.7044421132095,1.3353104779764766,-0.011494761041602186,0.7467874112734396
2020-01-17 00:00:00+00:00,8913.28,70897.737377,20.26054560438605,0.7467874112734396,0.5097455882523573,-0.0056957037728376,Neutral,-0.433883739117558,-0.9009688679024191,0.0,1.0,8324.972749745726,7951.382200352899,0.07066776888515863,70.08873573293744,1.251359278088066,0.02216396540829657,-0.0056957037728376
2020-01-18 00:00:00+00:00,8915.96,38294.746545,19.646961381735416,-0.0056957037728376,0.507152992648172,-0.8431369982139784,Neutral,-0.9749279121818236,-0.2225209339563146,0.0,1.0,8415.89386516946,8022.832407734166,0.05941925395472762,70.1216760827954,1.1625562315638558,0.00030067494794261407,-0.8431369982139784
2020-01-19 00:00:00+00:00,8701.7,70676.889259,20.25158218008633,-0.8431369982139784,0.4761944617803655,-0.2507900406227051,Bearish (<49%),-0.7818314824680299,0.6234898018587334,0.0,1.0,8459.864039758775,8073.118896050153,0.0285862703117533,64.04878715793396,1.265943620898084,-0.024031063396426022,-0.2507900406227051
2020-01-20 00:00:00+00:00,8642.35,38896.639746,19.633953678693423,-0.2507900406227051,0.5001425292528147,0.3570308724988687,Neutral,0.0,1.0,0.0,1.0,8487.93880287281,8115.284163009402,0.01819183675958276,62.435763335788835,1.2596637993336701,-0.006820506337842036,0.3570308724988687
2020-01-21 00:00:00+00:00,8736.03,36494.687659,19.57143220160689,0.3570308724988687,0.5132766667857893,-0.2274898590657624,Bullish (>51%),0.7818314824680298,0.6234898018587336,0.0,1.0,8526.106679353916,8161.265336119817,0.024621240214413115,63.97785531912504,0.5178053095565721,0.010839644309707408,-0.2274898590657624
2020-01-22 00:00:00+00:00,8682.36,29080.557138,19.347471707792693,-0.2274898590657624,0.4978294412758166,-1.1174268413989683,Neutral,0.9749279121818236,-0.2225209339563143,0.0,1.0,8550.145651761006,8199.864940851683,0.015463403037089032,62.39743769509045,0.5200312985453928,-0.006143522858781392,-1.1174268413989683
2020-01-23 00:00:00+00:00,8404.52,48165.944597,19.8253767727457,-1.1174268413989683,0.4834891672704882,0.1251560567619552,Bearish (<49%),0.4338837391175582,-0.900968867902419,0.0,1.0,8527.741705336237,8215.02457486267,-0.014449511909950375,54.84438956720276,0.6458295035178591,-0.03200051598874043,0.1251560567619552
2020-01-24 00:00:00+00:00,8439.0,41687.529529,19.673084147212013,0.1251560567619552,0.510787994073555,-0.4174407545321003,Bullish (>51%),-0.433883739117558,-0.9009688679024191,0.0,1.0,8514.089135284508,8231.615347095065,-0.008819397364930114,55.563266898760865,0.5271336562390375,0.0041025543398076625,-0.4174407545321003
2020-01-25 00:00:00+00:00,8340.58,25521.157932,19.176188664924208,-0.4174407545321003,0.5123886941510425,1.116358069553114,Bullish (>51%),-0.9749279121818236,-0.2225209339563146,0.0,1.0,8487.395422163816,8239.686802865801,-0.01729805374454749,52.970986821462404,0.514193635579448,-0.011662519255836057,1.116358069553114
2020-01-26 00:00:00+00:00,8615.0,31130.485164,19.39123965688492,1.116358069553114,0.5074739819753616,1.152797598121891,Neutral,-0.7818314824680299,0.6234898018587334,0.0,1.0,8507.026895677076,8267.487780431296,0.012692225573871348,58.74978408335405,0.6955071016070169,0.032901788604629445,1.152797598121891
2020-01-27 00:00:00+00:00,8907.57,53973.542996,19.97501802391794,1.152797598121891,0.5297470748421869,1.7869899277594816,Bullish (>51%),0.0,1.0,0.0,1.0,8568.648911726757,8314.901278177127,0.03955362061916279,63.849897566295674,0.8219140786965785,0.0339605339524085,1.7869899277594816
2020-01-28 00:00:00+00:00,9374.21,74584.853765,20.332580704124304,1.7869899277594816,0.5209149215256894,-0.2828907073476407,Bullish (>51%),0.7818314824680298,0.6234898018587336,0.0,1.0,8692.581386845717,8393.368590904747,0.07841498201969956,70.18225312556268,1.0346454408072003,0.05238690237629329,-0.2828907073476407
2020-01-29 00:00:00+00:00,9301.53,53864.065122,20.0364755461536,-0.2828907073476407,0.4941263023634883,0.7672170729792561,Neutral,0.9749279121818236,-0.2225209339563143,0.0,1.0,8786.265788869454,8460.639806393285,0.05864427772982802,68.17905288991915,1.0399577874322927,-0.007753186668529755,0.7672170729792561
2020-01-30 00:00:00+00:00,9513.21,60626.744259,20.16053773296051,0.7672170729792561,0.5088934896156816,-0.5960627418561705,Neutral,0.4338837391175582,-0.900968867902419,0.0,1.0,8898.103359812614,8538.60796888267,0.06912783717094724,70.79375585204161,0.8214767417142315,0.022757546339150503,-0.5960627418561705
2020-01-31 00:00:00+00:00,9352.89,45552.022352,19.86943101471953,-0.5960627418561705,0.4935559331541487,0.1006820349418476,Neutral,-0.433883739117558,-0.9009688679024191,0.0,1.0,8968.07053522606,8598.925156372843,0.04290995072601087,66.34719361402301,0.9300228531555199,-0.01685235582942035,0.1006820349418476
2020-02-01 00:00:00+00:00,9384.61,28578.067354,19.40701136164441,0.1006820349418476,0.5136500702852952,-0.2107861848655609,Bullish (>51%),-0.9749279121818236,-0.2225209339563146,0.4999999999999999,0.8660254037844387,9032.153529806666,8657.12403367856,0.03902241796822938,66.79162750708221,0.8626577043837511,0.0033914650979538497,-0.2107861848655609
2020-02-02 00:00:00+00:00,9331.51,45690.91254,19.87478348226717,-0.2107861848655609,0.4943741502257158,-0.1608847943595039,Neutral,-0.7818314824680299,0.6234898018587334,0.4999999999999999,0.8660254037844387,9078.208371374873,8707.07854970237,0.027902160675649462,65.23839951667887,0.8703891428844152,-0.005658199967819688,-0.1608847943595039
2020-02-03 00:00:00+00:00,9292.24,50892.133451,19.98172639937567,-0.1608847943595039,0.4869396508963422,-0.3687308571984802,Bearish (<49%),0.0,1.0,0.4999999999999999,0.8660254037844387,9111.136314240277,8750.42384231701,0.019877178818701928,64.05209124262916,0.8181295891073834,-0.004208322125786812,-0.3687308571984802
2020-02-04 00:00:00+00:00,9197.02,53308.175266,20.01223191252294,-0.3687308571984802,0.4896703399947135,1.5370690386997836,Bearish (<49%),0.7818314824680298,0.6234898018587336,0.4999999999999999,0.8660254037844387,9124.349188972541,8783.505039182417,0.007964492537756834,61.14852201473908,0.43963707527559687,-0.01024726007937804,1.5370690386997836
2020-02-05 00:00:00+00:00,9612.04,64870.415615,20.234756956492017,1.5370690386997836,0.5453272476617229,0.5567215475260823,Bullish (>51%),0.9749279121818236,-0.2225209339563143,0.4999999999999999,0.8660254037844387,9199.378544515228,8844.877999242979,0.04485753613550409,67.96485887973705,0.7483101102710865,0.04512548629882285,0.5567215475260823
2020-02-06 00:00:00+00:00,9772.0,64949.706588,20.263204744182687,0.5567215475260823,0.4948976113302222,0.1309316817284364,Neutral,0.4338837391175582,-0.900968867902419,0.4999999999999999,0.8660254037844387,9287.474153051347,8913.553703002759,0.05216981915254798,70.13940680726076,0.7233091427661951,0.016641628624100457,0.1309316817284364
2020-02-07 00:00:00+00:00,9813.73,43966.114632,19.881026501046776,0.1309316817284364,0.5170797641839711,0.2691524728200437,Bullish (>51%),-0.433883739117558,-0.9009688679024191,0.4999999999999999,0.8660254037844387,9368.436591043448,8980.233428706259,0.047531240098509876,70.69820910092685,0.651560545128812,0.004270364306180774,0.2691524728200437
2020-02-08 00:00:00+00:00,9895.05,43600.843666,19.874123787556115,0.2691524728200437,0.5198152129949201,0.8768275781531925,Bullish (>51%),-0.9749279121818236,-0.2225209339563146,0.4999999999999999,0.8660254037844387,9449.454038575226,9047.997619172462,0.04715573615213429,71.80549039441163,0.6492489600513682,0.008286349838440676,0.8768275781531925
2020-02-09 00:00:00+00:00,10151.75,43408.475616,19.896454008953395,0.8768275781531925,0.5162189413244563,-1.032868134992134,Bullish (>51%),-0.7818314824680299,0.6234898018587334,0.4999999999999999,0.8660254037844387,9557.499571102115,9129.757054789317,0.062176348999758296,75.01511561740121,0.6505982811944453,0.025942264061323606,-1.032868134992134
2020-02-10 00:00:00+00:00,9851.83,59573.084619,20.195787927695303,-1.032868134992134,0.4803995533894581,1.2809283306366332,Bearish (<49%),0.0,1.0,0.4999999999999999,0.8660254037844387,9602.781175547943,9183.243939619737,0.025935072339899033,65.61643953434938,0.8346458530052734,-0.02954367473588293,1.2809283306366332
2020-02-11 00:00:00+00:00,10223.08,62422.395224,20.25321487122908,1.2809283306366332,0.5111197080071853,0.3320012547339225,Bullish (>51%),0.7818314824680298,0.6234898018587336,0.4999999999999999,0.8660254037844387,9698.211763925183,9260.268832981237,0.05412010470086764,70.53725253009554,0.8532046839523982,0.03768335426007141,0.3320012547339225
2020-02-12 00:00:00+00:00,10326.46,61008.06393,20.26084306031432,0.3320012547339225,0.5104539579510633,-0.3387744979960662,Bullish (>51%),0.9749279121818236,-0.2225209339563143,0.4999999999999999,0.8660254037844387,9794.865338705924,9339.245956464109,0.05427278915141352,71.74970239821927,0.7250167630638874,0.01011241230627169,-0.3387744979960662
2020-02-13 00:00:00+00:00,10229.63,79344.358759,20.51932114458833,-0.3387744979960662,0.4849150355460623,0.3699655455574565,Bearish (<49%),0.4338837391175582,-0.900968867902419,0.4999999999999999,0.8660254037844387,9861.752209674243,9405.200330059359,0.03730349156054367,68.89010128215536,0.7595749256225086,-0.009376882300420442,0.3699655455574565
2020-02-14 00:00:00+00:00,10344.36,47038.480173,19.994399499391324,0.3699655455574565,0.5037791486001717,-1.4788100624248357,Neutral,-0.433883739117558,-0.9009688679024191,0.4999999999999999,0.8660254037844387,9935.999562032051,9474.767713017925,0.04109907970692721,70.39564279407114,0.7604392786631009,0.011215459405667705,-1.4788100624248357
2020-02-15 00:00:00+00:00,9904.72,57657.202947,20.17999506797252,-1.4788100624248357,0.4640977875322392,0.0275654363272969,Bearish (<49%),-0.9749279121818236,-0.2225209339563146,0.4999999999999999,0.8660254037844387,9931.187321719428,9506.616030572153,-0.002665071240932568,58.677233648730365,1.002094057247197,-0.04250045435387029,0.0275654363272969
2020-02-16 00:00:00+00:00,9917.27,60023.999537,20.200004672872744,0.0275654363272969,0.489906321901683,-0.7492517819406679,Bearish (<49%),-0.7818314824680299,0.6234898018587334,0.4999999999999999,0.8660254037844387,9929.046195301054,9537.034843122365,-0.0011860348989641265,58.887624407847596,0.9270295225691646,0.0012670726683845501,-0.7492517819406679
2020-02-17 00:00:00+00:00,9706.0,70261.011901,20.33761752899869,-0.7492517819406679,0.4728346253795864,1.610549732035165,Bearish (<49%),0.0,1.0,0.4999999999999999,0.8660254037844387,9894.73139602397,9549.550780668857,-0.01907392818159858,53.911434451695875,0.8857614589594915,-0.021303241718739208,1.610549732035165
2020-02-18 00:00:00+00:00,10164.71,70604.124019,20.362109613933715,1.610549732035165,0.528354353861274,-1.9491761811700643,Bullish (>51%),0.7818314824680298,0.6234898018587336,0.4999999999999999,0.8660254037844387,9936.266565866437,9595.11813024894,0.022990872136856935,61.515470338189395,0.9744579570999167,0.04726045744900054,-1.9491761811700643
2020-02-19 00:00:00+00:00,9593.79,55162.586895,20.12120167236276,-1.9491761811700643,0.4615069363671836,-0.0066091235737252,Bearish (<49%),0.9749279121818236,-0.2225209339563143,0.4999999999999999,0.8660254037844387,9883.577863425448,9595.0197502305,-0.029320137649526446,50.37533123658716,1.1899080124063253,-0.0561668753953628,-0.0066091235737252
2020-02-20 00:00:00+00:00,9596.42,60152.342914,20.171653126840106,-0.0066091235737252,0.4961271237209652,0.2731360329098745,Neutral,0.4338837391175582,-0.900968867902419,0.4999999999999999,0.8660254037844387,9839.399730590763,9595.123472435647,-0.02469456849439072,50.419874195586644,1.1974148373818,0.00027413566484146834,0.2731360329098745
2020-02-21 00:00:00+00:00,9677.05,42181.554524,19.827480793505007,0.2731360329098745,0.5131453275787765,-0.1091922752099366,Bullish (>51%),-0.433883739117558,-0.9009688679024191,0.4999999999999999,0.8660254037844387,9814.422848961414,9601.192104107082,-0.013997037938502122,51.84689828524779,1.1887675195067533,0.00840209161333072,-0.1091922752099366
2020-02-22 00:00:00+00:00,9650.86,24636.757623,19.285864619743567,-0.1091922752099366,0.5385143091481392,1.0022708485299514,Bullish (>51%),-0.9749279121818236,-0.2225209339563146,0.4999999999999999,0.8660254037844387,9789.259333736582,9604.871207506558,-0.014137875912595077,51.33010206349799,1.0743513446932773,-0.002706403294392312,1.0022708485299514
2020-02-23 00:00:00+00:00,9936.4,37702.089843,19.7339072334695,1.0022708485299514,0.5314095487128512,-0.9868420262500852,Bullish (>51%),-0.7818314824680299,0.6234898018587334,0.4999999999999999,0.8660254037844387,9811.896359315568,9629.428895839405,0.012689049713231659,56.42935630766952,1.1579376973651514,0.02958700053673957,-0.9868420262500852
2020-02-24 00:00:00+00:00,9656.13,55796.59612,20.1109269680935,-0.9868420262500852,0.4736297996953869,-1.2289507127239112,Bearish (<49%),0.0,1.0,0.4999999999999999,0.8660254037844387,9787.932304036249,9631.406755406857,-0.013465796446293182,50.80296851743439,1.1870272471660943,-0.028206392657300516,-1.2289507127239112
2020-02-25 00:00:00+00:00,9315.84,54379.344552,20.059574405873644,-1.2289507127239112,0.4839877047953868,-1.976324975991857,Bearish (<49%),0.7818314824680298,0.6234898018587336,0.4999999999999999,0.8660254037844387,9715.302718799903,9608.031440191535,-0.04111685763809605,44.9436135386334,1.0069976809592678,-0.03524082629376357,-1.976324975991857
2020-02-26 00:00:00+00:00,8785.25,92130.345482,20.53780068548719,-1.976324975991857,0.4551038486791723,0.1326702701086451,Bearish (<49%),0.9749279121818236,-0.2225209339563143,0.4999999999999999,0.8660254037844387,9572.217685138381,9547.084666844014,-0.0822137263301283,37.65172311905223,1.0138557844273923,-0.056955679788403435,0.1326702701086451
2020-02-27 00:00:00+00:00,8823.21,72483.578762,20.27221093760873,0.1326702701086451,0.4885246437440522,-0.5243195634648921,Bearish (<49%),0.4338837391175582,-0.900968867902419,0.4999999999999999,0.8660254037844387,9456.98573357863,9493.464321151863,-0.06701667438582486,38.42147936901476,1.0249295839796286,0.00432087874562459,-0.5243195634648921
2020-02-28 00:00:00+00:00,8692.91,71155.208977,20.23821324517642,-0.5243195634648921,0.4960368558036116,-0.6863500791938112,Neutral,-0.433883739117558,-0.9009688679024191,0.4999999999999999,0.8660254037844387,9339.435620720378,9434.16400106654,-0.0692253415491192,36.74451371481005,0.9792119828410707,-0.014767867930152279,-0.6863500791938112
2020-02-29 00:00:00+00:00,8523.61,36748.183035,19.57940286152564,-0.6863500791938112,0.5147697925903726,0.0173493654779355,Bullish (>51%),-0.9749279121818236,-0.2225209339563146,0.4999999999999999,0.8660254037844387,9213.923986763397,9366.715556543093,-0.07492073819526755,34.629590212843496,0.9622976034643915,-0.01947564164359228,0.0173493654779355
2020-03-01 00:00:00+00:00,8531.88,43892.201779,19.74437953585809,0.0173493654779355,0.4975455315720447,1.5304321553650424,Neutral,-0.7818314824680299,0.6234898018587334,0.8660254037844386,0.5000000000000001,9108.994142645952,9304.875885688049,-0.06335651704330927,34.82692497948665,0.7316960445110096,0.0009702461750360492,1.5304321553650424
2020-03-02 00:00:00+00:00,8915.24,60401.31773,20.086322470582,1.5304321553650424,0.5167615836052721,-0.6150844130491957,Bullish (>51%),0.0,1.0,0.8660254037844386,0.5000000000000001,9079.185813008113,9276.013968229674,-0.018057325445770836,43.36215261206588,1.1145479959225701,0.04493265259239476,-0.6150844130491957
2020-03-03 00:00:00+00:00,8760.07,55154.997282,19.9979695606548,-0.6150844130491957,0.4886996840410795,-0.0521903326997634,Bearish (<49%),0.7818314824680298,0.6234898018587336,0.8660254037844386,0.5000000000000001,9030.091072545325,9237.795896508958,-0.029902364259235988,41.02044376327819,1.0604447573917093,-0.017405027795101446,-0.0521903326997634
2020-03-04 00:00:00+00:00,8750.87,38696.482578,19.64106777068235,-0.0521903326997634,0.4982192154322786,1.178857163110522,Neutral,0.9749279121818236,-0.2225209339563143,0.8660254037844386,0.5000000000000001,8987.133984461429,9201.727311582368,-0.026289135654361376,40.87948495173641,0.7617516197720269,-0.0010502199183338723,1.178857163110522
2020-03-05 00:00:00+00:00,9054.68,58201.866355,20.07719693555422,1.178857163110522,0.523730321379657,0.2773999019953137,Bullish (>51%),0.4338837391175582,-0.900968867902419,0.8660254037844386,0.5000000000000001,8997.52567915967,9190.834918131823,0.006352226476298191,47.31756848276311,0.8903529698857637,0.034717690926730604,0.2773999019953137
2020-03-06 00:00:00+00:00,9131.88,43782.948044,19.80095320079912,0.2773999019953137,0.5092521518558528,-0.9402675589006656,Neutral,-0.433883739117558,-0.9009688679024191,0.8660254037844386,0.5000000000000001,9018.195574673566,9186.467887159095,0.012606116643300736,48.84208165667574,0.8438190901953944,0.008525977726435263,-0.9402675589006656
2020-03-07 00:00:00+00:00,8886.66,45422.204525,19.831626896802977,-0.9402675589006656,0.490546773059778,-3.321032046843163,Neutral,-0.9749279121818236,-0.2225209339563146,0.8660254037844386,0.5000000000000001,8997.959332416094,9164.25989551768,-0.012369397138207415,44.442723621701084,0.8940296398317243,-0.026853178096952535,-3.321032046843163
2020-03-08 00:00:00+00:00,8033.31,77537.315166,20.30309037738589,-3.321032046843163,0.4493785704909069,-0.4592191954961245,Bearish (<49%),-0.7818314824680299,0.6234898018587334,0.8660254037844386,0.5000000000000001,8849.551742813617,9080.485829183037,-0.09223537717336423,33.22671109163021,1.610620198949084,-0.09602595350784204,-0.4592191954961245
2020-03-09 00:00:00+00:00,7929.87,116968.863268,20.638565673319533,-0.4592191954961245,0.49603763177609,-0.1692986055489121,Neutral,0.0,1.0,0.8660254037844386,0.5000000000000001,8708.062243919214,8995.25502702133,-0.08936457068420943,32.166983698009545,1.4002265839269525,-0.012876385948008995,-0.1692986055489121
2020-03-10 00:00:00+00:00,7894.56,86783.443875,20.35176750088822,-0.1692986055489121,0.5032478785574123,0.1581680585687416,Neutral,0.7818314824680298,0.6234898018587336,0.8660254037844386,0.5000000000000001,8582.908052547027,8913.722062056788,-0.08019986330189749,31.794207055159717,1.4075096383766392,-0.004452784219665551,0.1581680585687416
2020-03-11 00:00:00+00:00,7934.52,79942.411172,20.25240610913656,0.1581680585687416,0.5065883320790364,-6.899574559931965,Neutral,0.9749279121818236,-0.2225209339563143,0.8660254037844386,0.5000000000000001,8483.15604446287,8841.188575978507,-0.06467357686069866,32.74411407478057,1.4207963757152595,0.005061713382379818,-6.899574559931965
2020-03-12 00:00:00+00:00,4800.0,261505.608653,21.210980510730664,-6.899574559931965,0.4561967401444925,5.566785682440015,Bearish (<49%),0.4338837391175582,-0.900968867902419,0.8660254037844386,0.5000000000000001,7916.516653007044,8541.841274054173,-0.39367272117380725,15.044424249623788,2.6281609886596433,-0.3950484717412017,5.566785682440015
2020-03-13 00:00:00+00:00,5578.6,402201.673764,21.447824248882387,5.566785682440015,0.4910769078223532,-2.5242276630291043,Neutral,-0.433883739117558,-0.9009688679024191,0.8660254037844386,0.5000000000000001,7556.837167929037,8322.341920420531,-0.26178110285670947,25.776891835356253,3.77529765816889,0.1622083333333335,-2.5242276630291043
2020-03-14 00:00:00+00:00,5172.06,136910.135974,20.41762599245868,-2.5242276630291043,0.4828277998464155,1.2432598774354569,Bearish (<49%),-0.9749279121818236,-0.2225209339563146,0.8660254037844386,0.5000000000000001,7189.948372863031,8088.987704093084,-0.28065408375936773,24.06724045282901,3.8275735525124746,-0.07287491485318898,1.2432598774354569
2020-03-15 00:00:00+00:00,5361.3,139916.146534,20.4405788766926,1.2432598774354569,0.5041637630640323,-2.14948540480488,Neutral,-0.7818314824680299,0.6234898018587334,0.8660254037844386,0.5000000000000001,6908.617853961026,7886.9367630491515,-0.22396923475422484,26.510647235133575,3.773071201205403,0.03658890268094339,-2.14948540480488
2020-03-16 00:00:00+00:00,5028.97,227276.92276,20.830944940791472,-2.14948540480488,0.479159811051289,1.9253583330258577,Bearish (<49%),0.0,1.0,0.8660254037844386,0.5000000000000001,6619.441261043946,7675.235521341807,-0.24027273576759767,24.98984927935892,3.8281466958887784,-0.06198683155204898,1.9253583330258577
2020-03-17 00:00:00+00:00,5312.64,150089.926318,20.491520279569464,1.9253583330258577,0.4976907916906716,0.5048228334765662,Neutral,0.7818314824680298,0.6234898018587336,0.8660254037844386,0.5000000000000001,6418.394913191031,7500.228445686858,-0.17227903987623022,28.74719945789502,3.9546833473535052,0.05640717681751939,0.5048228334765662
2020-03-18 00:00:00+00:00,5393.04,137127.634894,20.39441187884325,0.5048228334765662,0.4747844431819097,4.893715747536263,Bearish (<49%),0.9749279121818236,-0.2225209339563143,0.8660254037844386,0.5000000000000001,6260.648003469334,7344.140412673017,-0.13858118248918477,29.82020278052363,3.9647445168227993,0.015133718829056564,4.893715747536263
2020-03-19 00:00:00+00:00,6162.37,199020.873439,20.87576347197413,4.893715747536263,0.4974952893136971,0.2408160044967134,Neutral,0.4338837391175582,-0.900968867902419,0.8660254037844386,0.5000000000000001,6245.5283106278985,7256.6018635861265,-0.013314856084534856,39.247826697464596,3.126552441952412,0.14265238158812088,0.2408160044967134
2020-03-20 00:00:00+00:00,6208.36,219298.329514,21.06097588799858,0.2408160044967134,0.4775213719688398,-0.1345697969063905,Bearish (<49%),-0.433883739117558,-0.9009688679024191,0.8660254037844386,0.5000000000000001,6239.810108992837,7178.954318135303,-0.005040234950020538,39.768718673587266,2.5187389642829907,0.0074630377598228215,-0.1345697969063905
2020-03-21 00:00:00+00:00,6186.98,128913.668363,20.493805044614493,-0.1345697969063905,0.4912287242783594,-2.0787179500608555,Neutral,-0.9749279121818236,-0.2225209339563146,0.8660254037844386,0.5000000000000001,6231.682399917016,7105.474739014169,-0.007173407925540508,39.5987393160966,2.163029289034906,-0.0034437435973430075,-2.0787179500608555
2020-03-22 00:00:00+00:00,5816.19,119115.990527,20.39877544537818,-2.0787179500608555,0.4801194037507229,3.8369972537967474,Bearish (<49%),-0.7818314824680299,0.6234898018587334,0.8660254037844386,0.5000000000000001,6167.760492237474,7009.972165753861,-0.05700132044361136,36.67131257782858,2.4311564682830036,-0.05993069316532462,3.8369972537967474
2020-03-23 00:00:00+00:00,6467.31,164674.215785,20.73867221889598,3.8369972537967474,0.5109240164097618,1.4602729326084096,Bullish (>51%),0.0,1.0,0.8660254037844386,0.5000000000000001,6213.845031893247,6969.774968290612,0.04079035875626381,44.43901089263554,2.414159860873292,0.11194957523739779,1.4602729326084096
2020-03-24 00:00:00+00:00,6744.72,151138.009878,20.72515456741154,1.4602729326084096,0.4815586587831225,-0.3594185695735095,Bearish (<49%),0.7818314824680298,0.6234898018587336,0.8660254037844386,0.5000000000000001,6295.518103909671,6953.104229898715,0.07135264940487811,47.399267863333606,2.400849517943496,0.04289418630002273,-0.3594185695735095
2020-03-25 00:00:00+00:00,6677.43,132155.734989,20.595717353156697,-0.3594185695735095,0.4806084908482155,0.2928545330881067,Bearish (<49%),0.9749279121818236,-0.2225209339563143,0.8660254037844386,0.5000000000000001,6354.2737802312595,6932.683916572884,0.050856514992178976,46.7486268996379,2.466648329835529,-0.009976692879763771,0.2928545330881067
2020-03-26 00:00:00+00:00,6737.36,83026.555211,20.13003130036572,0.2928545330881067,0.495304308380503,-1.9483258259866376,Neutral,0.4338837391175582,-0.900968867902419,0.8660254037844386,0.5000000000000001,6413.210121734143,6918.215478308227,0.05054409135408239,47.44061476471088,1.8234799902846575,0.0089750098466026,-1.9483258259866376
2020-03-27 00:00:00+00:00,6359.11,82914.968354,20.12783705021463,-1.9483258259866376,0.4635987081594973,-0.6788391207193388,Bearish (<49%),-0.433883739117558,-0.9009688679024191,0.8660254037844386,0.5000000000000001,6404.887026082737,6876.800257692802,-0.007147202736959885,43.590457758561776,2.0429456458385804,-0.05614216844580078,-0.6788391207193388
2020-03-28 00:00:00+00:00,6236.65,93159.693429,20.175061426595228,-0.6788391207193388,0.4826177693711053,-1.976420777152055,Bearish (<49%),-0.9749279121818236,-0.2225209339563146,0.8660254037844386,0.5000000000000001,6379.004406685393,6829.3817200859285,-0.022316085333974993,42.39095477674891,2.0659302323066684,-0.01925741180762719,-1.976420777152055
2020-03-29 00:00:00+00:00,5881.42,63311.627714,19.765390117726582,-1.976420777152055,0.4593305996391145,2.985761217552855,Bearish (<49%),-0.7818314824680299,0.6234898018587334,0.8660254037844386,0.5000000000000001,6302.452959503025,6759.162333412897,-0.06680461753676072,39.035369636846255,2.048444236983526,-0.05695846327756082,2.985761217552855
2020-03-30 00:00:00+00:00,6394.38,118889.549992,20.432338138416537,2.985761217552855,0.4951092252175307,0.0703984727219639,Neutral,0.0,1.0,0.8660254037844386,0.5000000000000001,6316.595581117945,6732.141419826757,0.012314294604292005,45.71747957697343,1.7989799116480256,0.0872170326213737,0.0703984727219639
2020-03-31 00:00:00+00:00,6410.44,72337.595259,19.959225043826205,0.0703984727219639,0.4801224343945675,1.23214086495738,Bearish (<49%),0.7818314824680298,0.6234898018587336,0.8660254037844386,0.5000000000000001,6331.033184022876,6708.311685024774,0.012542473506143648,45.91734625264554,1.679561894100227,0.002511580481610265,1.23214086495738
2020-04-01 00:00:00+00:00,6642.92,97500.7524,20.2428521608303,1.23214086495738,0.5042152904965685,0.7671830863576939,Neutral,0.9749279121818236,-0.2225209339563143,1.0,6.123233995736766e-17,6379.01577109628,6703.4678565044205,0.041370681367411934,48.85313079105463,1.7647768588896648,0.03626584134630395,0.7671830863576939
2020-04-02 00:00:00+00:00,6794.09,149299.906871,20.7376565545176,0.7671830863576939,0.5004836594611033,-0.3199429005376982,Neutral,0.4338837391175582,-0.900968867902419,1.0,6.123233995736766e-17,6442.873344773776,6710.180607874464,0.05451242581248604,50.726171399896565,1.7870053652536606,0.022756558862668808,-0.3199429005376982
2020-04-03 00:00:00+00:00,6734.1,104080.276939,20.381133234578773,-0.3199429005376982,0.4907552148514754,0.6120404755576744,Neutral,-0.433883739117558,-0.9009688679024191,1.0,6.123233995736766e-17,6487.67744557781,6711.952414698578,0.037983169861528596,49.94451857488047,1.5746781701278079,-0.008829732900211718,0.6120404755576744
2020-04-04 00:00:00+00:00,6856.99,72990.861139,20.02022241678257,0.6120404755576744,0.4989536513981585,-0.4387239249541489,Neutral,-0.9749279121818236,-0.2225209339563146,1.0,6.123233995736766e-17,6544.494761642763,6722.69593953572,0.04774932974028333,51.590169596909945,1.5158128330189653,0.018248912252565308,-0.4387239249541489
2020-04-05 00:00:00+00:00,6772.78,49685.356983,19.63577769390769,-0.4387239249541489,0.4805355090870959,2.8151066552896,Bearish (<49%),-0.7818314824680299,0.6234898018587334,1.0,6.123233995736766e-17,6579.615567543876,6726.405869940481,0.029358011949660277,50.36816171157333,1.172852026916754,-0.012280898761701575,2.8151066552896
2020-04-06 00:00:00+00:00,7329.9,118052.000832,20.545761854565484,2.8151066552896,0.5025091354226308,-0.6385755403394547,Neutral,0.0,1.0,1.0,6.123233995736766e-17,6695.043941767895,6771.109138833779,0.09482477841130703,57.534722438302104,1.1179396617556479,0.08225868845584827,-0.6385755403394547
2020-04-07 00:00:00+00:00,7197.32,103585.168918,20.44514033690794,-0.6385755403394547,0.471218691815234,0.7680140263168086,Bearish (<49%),0.7818314824680298,0.6234898018587336,1.0,6.123233995736766e-17,6772.317181495911,6802.680313734981,0.06275589390073591,55.481606836596576,1.210340193758302,-0.018087559175432144,0.7680140263168086
2020-04-08 00:00:00+00:00,7361.28,76059.145838,20.13469954871203,0.7680140263168086,0.5127661129414747,-0.3795174622373247,Bullish (>51%),0.9749279121818236,-0.2225209339563143,1.0,6.123233995736766e-17,6862.926845881156,6844.05806827313,0.07261525079754201,57.50138084281409,1.1807305631842813,0.022780701705634954,-0.3795174622373247
2020-04-09 00:00:00+00:00,7283.54,61094.872417,19.91300284137233,-0.3795174622373247,0.4714289712304188,-2.0225442616247435,Bearish (<49%),0.4338837391175582,-0.900968867902419,1.0,6.123233995736766e-17,6927.636561899439,6876.612285438084,0.051374438442391195,56.19945363944759,1.2179487787529473,-0.010560663362893408,-2.0225442616247435
2020-04-10 00:00:00+00:00,6858.92,104674.623375,20.40482429306503,-2.0225442616247435,0.4581718019006916,0.0738270828701448,Bearish (<49%),-0.433883739117558,-0.9009688679024191,1.0,6.123233995736766e-17,6917.064783145678,6875.301745776003,-0.008405990831162276,49.59432870299367,1.5083680535655568,-0.05829857459422205,0.0738270828701448
2020-04-11 00:00:00+00:00,6876.83,45470.293206,19.557550376487267,0.0738270828701448,0.4652956224660593,0.1188871108560598,Bearish (<49%),-0.9749279121818236,-0.2225209339563146,1.0,6.123233995736766e-17,6910.874816507881,6875.4149497925955,-0.004926267283348737,49.86199630276776,1.4916764828165703,0.0026111982644496656,0.1188871108560598
2020-04-12 00:00:00+00:00,6903.79,73868.666501,20.06207271428719,0.1188871108560598,0.4824502779743228,-0.3444775813448684,Bearish (<49%),-0.7818314824680299,0.6234898018587334,1.0,6.123233995736766e-17,6909.784844737438,6877.516805363514,-0.0008675877573820374,50.289923430775076,1.4775845503019414,0.003920411003325741,-0.3444775813448684
2020-04-13 00:00:00+00:00,6837.91,96415.476573,20.29154506774334,-0.3444775813448684,0.4630842866103021,0.1389328753648462,Bearish (<49%),0.0,1.0,1.0,6.123233995736766e-17,6898.7271763162935,6874.58296792918,-0.008815709733395793,49.1851949164649,0.8689963644434426,-0.00954258458035373,0.1389328753648462
2020-04-14 00:00:00+00:00,6868.7,69068.623285,19.978393218516494,0.1389328753648462,0.4635870937354243,-1.2560157055048158,Bearish (<49%),0.7818314824680298,0.6234898018587336,1.0,6.123233995736766e-17,6894.107610729172,6874.147192527019,-0.0036854096518062363,49.7408819138776,0.8750864535989265,0.0045028378554266,-1.2560157055048158
2020-04-15 00:00:00+00:00,6621.24,61571.384994,19.84847085004936,-1.2560157055048158,0.4850774796264606,2.4826667597058774,Bearish (<49%),0.9749279121818236,-0.2225209339563143,1.0,6.123233995736766e-17,6852.1279783093,6855.413326413906,-0.03369580647649686,45.43999296246265,0.8210527030599111,-0.03602719583036096,2.4826667597058774
2020-04-16 00:00:00+00:00,7101.94,125009.857539,20.57856087284761,2.4826667597058774,0.5059697337169365,-0.3765554568091722,Neutral,0.4338837391175582,-0.900968867902419,1.0,6.123233995736766e-17,6890.560597030945,6873.6745614943575,0.03067666265936839,53.79729254934641,1.4080727536398847,0.07259969431707658,-0.3765554568091722
2020-04-17 00:00:00+00:00,7027.55,54126.509763,19.76180574780761,-0.3765554568091722,0.4798752180905516,1.0665552395311353,Bearish (<49%),-0.433883739117558,-0.9009688679024191,1.0,6.123233995736766e-17,6911.635889795415,6885.0727421244055,0.016770864677018764,52.45814147803315,1.1503920162640955,-0.010474602714187875,1.0665552395311353
2020-04-18 00:00:00+00:00,7248.6,49488.542819,19.687191868467558,1.0665552395311353,0.4845696269277336,-0.6231464202030573,Bearish (<49%),-0.9749279121818236,-0.2225209339563146,1.0,6.123233995736766e-17,6963.476522134582,6912.000687152227,0.040945564612604776,55.96581945624732,1.2037603806498918,0.03145477442351896,-0.6231464202030573
2020-04-19 00:00:00+00:00,7120.74,45664.86393,19.60389636154631,-0.6231464202030573,0.4712382590033921,-1.4366398412587416,Bearish (<49%),-0.7818314824680299,0.6234898018587334,1.0,6.123233995736766e-17,6987.670903344646,6927.462858474285,0.019043412103403493,53.506694769950464,1.250181895460529,-0.01763926827249407,-1.4366398412587416
2020-04-20 00:00:00+00:00,6826.83,90149.49137,20.26061490028061,-1.4366398412587416,0.4484497396338444,0.0572595814589383,Bearish (<49%),0.0,1.0,1.0,6.123233995736766e-17,6962.926148983931,6920.008572661375,-0.01954582686530302,48.25756365712766,1.3839610482565605,-0.04127520454334799,0.0572595814589383
2020-04-21 00:00:00+00:00,6841.37,60109.710808,19.836049824343178,0.0572595814589383,0.4613591385688238,1.4115495141839431,Bearish (<49%),0.7818314824680298,0.6234898018587336,1.0,6.123233995736766e-17,6944.225202986403,6914.183493204977,-0.014811616844190145,48.52659132845275,1.3829325371893733,0.002129831854609021,1.4115495141839431
2020-04-22 00:00:00+00:00,7125.14,61486.377334,19.88224871908054,1.4115495141839431,0.4595954607716619,1.709634992760633,Bearish (<49%),0.9749279121818236,-0.2225209339563143,1.0,6.123233995736766e-17,6972.058248680803,6929.809901115719,0.021956464771097084,53.59742027718163,1.3502348259105579,0.04147853427018289,1.709634992760633
2020-04-23 00:00:00+00:00,7482.39,102773.569561,20.443975407410598,1.709634992760633,0.5105942973971898,0.0879577143544365,Bullish (>51%),0.4338837391175582,-0.900968867902419,1.0,6.123233995736766e-17,7050.570825806833,6970.741760292332,0.06124598771671109,59.06484610525248,1.1678228853362675,0.050139365682639214,0.0879577143544365
2020-04-24 00:00:00+00:00,7505.0,60182.119939,19.929454070447044,0.0879577143544365,0.4887250428002906,0.1383651418468822,Bearish (<49%),-0.433883739117558,-0.9009688679024191,1.0,6.123233995736766e-17,7120.4830064519365,7010.316444715123,0.05400153236790946,59.390965365277104,1.1385618228404941,0.0030217617632868343,0.1383651418468822
2020-04-25 00:00:00+00:00,7538.67,43874.427726,19.61851087293449,0.1383651418468822,0.4811718816674053,0.689002940032837,Bearish (<49%),-0.9749279121818236,-0.2225209339563146,1.0,6.123233995736766e-17,7184.819466997793,7049.453745106595,0.049249745888196285,59.90325594110388,1.0908180986391038,0.004486342438374535,0.689002940032837
2020-04-26 00:00:00+00:00,7693.1,50522.616209,19.766681052610625,0.689002940032837,0.4890382976762524,0.3486627109479818,Bearish (<49%),-0.7818314824680299,0.6234898018587334,1.0,6.123233995736766e-17,7263.016472075055,7097.13124546907,0.05921555177226101,62.25518511539158,1.038871426626,0.020485045770673116,0.3486627109479818
2020-04-27 00:00:00+00:00,7774.62,65441.339576,20.038138038318028,0.3486627109479818,0.4827851446914275,-0.1738197997608244,Bearish (<49%),0.0,1.0,1.0,6.123233995736766e-17,7341.724707140431,7147.315597656547,0.0589637054135989,63.47317650965956,0.6736046529010583,0.010596508559618245,-0.1738197997608244
2020-04-28 00:00:00+00:00,7738.98,46302.752638,19.69434316358903,-0.1738197997608244,0.4601346603855012,4.607335916522905,Bearish (<49%),0.7818314824680298,0.6234898018587336,1.0,6.123233995736766e-17,7402.840906041903,7191.142590422729,0.04540676994473212,62.523257185634854,0.7112274719041716,-0.004584146877918194,4.607335916522905
2020-04-29 00:00:00+00:00,8778.57,183546.887514,21.152701460927528,4.607335916522905,0.4983032229845017,-0.6377408180809526,Neutral,0.9749279121818236,-0.2225209339563143,1.0,6.123233995736766e-17,7614.491535881611,7308.729805946971,0.15287671653884258,74.50763888323152,1.6815579073107076,0.13433165610971987,-0.6377408180809526
2020-04-30 00:00:00+00:00,8620.0,206277.214124,21.332642152089942,-0.6377408180809526,0.4822853401403638,0.8102988316340369,Bearish (<49%),0.4338837391175582,-0.900968867902419,1.0,6.123233995736766e-17,7769.185145745978,7405.86093143238,0.10951146591221168,70.78916935526969,1.7621165043445417,-0.018063306438292348,0.8102988316340369
2020-05-01 00:00:00+00:00,8826.96,91468.815059,20.507147707749407,0.8102988316340369,0.4893837801673319,0.5496836178274239,Bearish (<49%),-0.433883739117558,-0.9009688679024191,0.8660254037844387,-0.4999999999999998,7931.919738708135,7511.127529104056,0.11284030736267116,72.70392641333106,1.7397502422914048,0.024009280742459227,0.5496836178274239
2020-05-02 00:00:00+00:00,8972.05,59002.08755,20.07669467503764,0.5496836178274239,0.5152419975520002,-0.3148378035726199,Bullish (>51%),-0.9749279121818236,-0.2225209339563146,0.8660254037844387,-0.4999999999999998,8091.9397789068835,7619.344008429682,0.10876381252703876,73.99107285028106,1.7194821489626884,0.016437142572301333,-0.3148378035726199
2020-05-03 00:00:00+00:00,8894.16,90126.065643,20.51060106090847,-0.3148378035726199,0.4917708332632891,-0.1019513714591971,Neutral,-0.7818314824680299,0.6234898018587334,0.8660254037844387,-0.4999999999999998,8215.35827445967,7713.774822620076,0.08262594312540501,72.02746475598448,1.7793491449584595,-0.008681405030065537,-0.1019513714591971
2020-05-04 00:00:00+00:00,8871.96,84418.512331,20.41992015306588,-0.1019513714591971,0.4633862779838993,0.5653575638072339,Bearish (<49%),0.0,1.0,0.8660254037844387,-0.4999999999999998,8316.373924542797,7799.56631724081,0.06680628847358451,71.44548718821159,1.8039061170295851,-0.0024960198602229644,0.5653575638072339
2020-05-05 00:00:00+00:00,9021.83,76480.765342,20.34212696048221,0.5653575638072339,0.4897246805979799,0.4459056675387965,Bearish (<49%),0.7818314824680298,0.6234898018587336,0.8660254037844387,-0.4999999999999998,8424.90562845929,7890.104367815565,0.07085235109629033,73.02979230107464,1.7670590102451549,0.016892546855486357,0.4459056675387965
2020-05-06 00:00:00+00:00,9142.92,105925.30242,20.69568239611208,0.4459056675387965,0.4832631082801112,3.1591559053594387,Bearish (<49%),0.9749279121818236,-0.2225209339563143,0.8660254037844387,-0.4999999999999998,8535.36937792709,7982.905525755153,0.07118035496437529,74.27187486043711,0.5394056018053763,0.013421888907239499,3.1591559053594387
2020-05-07 00:00:00+00:00,9986.4,147154.611378,21.06670195649781,3.1591559053594387,0.5069646979690452,-0.6584284811288702,Neutral,0.4338837391175582,-0.900968867902419,0.8660254037844387,-0.4999999999999998,8758.604858245999,8131.312523847364,0.1401815884636083,80.87804390880058,1.1424684014702047,0.09225499074693855,-0.6584284811288702
2020-05-08 00:00:00+00:00,9800.01,100683.7964,20.720267189233383,-0.6584284811288702,0.4589381732332055,-0.9313069890431224,Bearish (<49%),-0.433883739117558,-0.9009688679024191,0.8660254037844387,-0.4999999999999998,8918.82103390046,8254.919744303115,0.09880105932725176,76.22061237368948,1.254727077319907,-0.018664383561643794,-0.9313069890431224
2020-05-09 00:00:00+00:00,9539.4,81950.679567,20.4938543728432,-0.9313069890431224,0.448302313514847,-2.9624021627151893,Bearish (<49%),-0.9749279121818236,-0.2225209339563146,0.8660254037844387,-0.4999999999999998,9014.294720992697,8350.066429910292,0.05825250840583517,70.1388733864237,1.3687089330775444,-0.02659283000731638,-2.9624021627151893
2020-05-10 00:00:00+00:00,8722.77,183865.182028,21.190137364388075,-2.9624021627151893,0.4589046161069836,-0.6522923855392367,Bearish (<49%),-0.7818314824680299,0.6234898018587334,0.8660254037844387,-0.4999999999999998,8969.444763916898,8377.67410176879,-0.02750167601335178,55.259592046761405,1.8507831223670026,-0.0856060129567896,-0.6522923855392367
2020-05-11 00:00:00+00:00,8561.52,168807.251832,21.10743432041728,-0.6522923855392367,0.4826486669428454,0.9860311062341788,Bearish (<49%),0.0,1.0,0.8660254037844387,-0.4999999999999998,8906.687107929683,8391.292316452584,-0.03875370311621011,52.87437716197323,1.8640529315598973,-0.018486100172307673,0.9860311062341788
2020-05-12 00:00:00+00:00,8810.79,86522.780066,20.449086138509667,0.9860311062341788,0.4688975246756144,1.931562371265271,Bearish (<49%),0.7818314824680298,0.6234898018587336,0.8660254037844387,-0.4999999999999998,8891.933706709733,8422.366218937577,-0.009125541123693069,56.03370490176175,1.8973572655638467,0.029115157121632596,1.931562371265271
2020-05-13 00:00:00+00:00,9309.37,92466.274018,20.548585872624216,1.931562371265271,0.4720462148880701,1.7682121557459312,Bearish (<49%),0.9749279121818236,-0.2225209339563143,0.8660254037844387,-0.4999999999999998,8956.154674908235,8488.070202719979,0.03943827880522669,61.58157916901292,2.044379425227417,0.0565874342709336,1.7682121557459312
2020-05-14 00:00:00+00:00,9791.98,129565.37747,20.94437275397919,1.7682121557459312,0.4896254866211366,-1.687581387347448,Bearish (<49%),0.4338837391175582,-0.900968867902419,0.8660254037844387,-0.4999999999999998,9084.743186460815,8584.65611362961,0.07784885043235942,66.04762381460544,1.7461153552037887,0.051841316866769516,-1.687581387347448
2020-05-15 00:00:00+00:00,9316.42,115890.761516,20.81832269002251,-1.687581387347448,0.4780115576887621,0.2235311342862535,Bearish (<49%),-0.433883739117558,-0.9009688679024191,0.8660254037844387,-0.4999999999999998,9120.38577315915,8638.860845953343,0.021494071820708352,58.79466581977715,1.8440946148820059,-0.048566275666412695,0.2235311342862535
2020-05-16 00:00:00+00:00,9381.27,59587.627862,20.14442365962909,0.2235311342862535,0.4843516890257913,1.080071945100268,Bearish (<49%),-0.9749279121818236,-0.2225209339563146,0.8660254037844387,-0.4999999999999998,9160.521808057743,8693.854116623465,0.024097774839429282,59.44862834011263,1.821488241715953,0.006960828300999866,1.080071945100268
2020-05-17 00:00:00+00:00,9680.04,68647.764323,20.312419477062523,1.080071945100268,0.5059747441966232,0.1755631655739051,Neutral,-0.7818314824680299,0.6234898018587334,0.8660254037844387,-0.4999999999999998,9240.447683741168,8766.904922799504,0.04757262107898826,62.40867616925214,1.317635085346469,0.031847500391738004,0.1755631655739051
2020-05-18 00:00:00+00:00,9733.93,82006.603583,20.49714573174544,0.1755631655739051,0.4907268589080106,0.1310468539375628,Neutral,0.0,1.0,0.8660254037844387,-0.4999999999999998,9316.36804008868,8838.53640999954,0.04482025163824947,62.934235822976824,1.2289005182006545,0.005567125755678637,0.1310468539375628
2020-05-19 00:00:00+00:00,9775.53,78539.760454,20.44976795292495,0.1310468539375628,0.4815614293877535,-0.9458865808017451,Bearish (<49%),0.7818314824680298,0.6234898018587336,0.8660254037844387,-0.4999999999999998,9387.008341613498,8907.943342592167,0.04138929510312128,63.36008778492845,1.2312195126642462,0.00427371061842452,-0.9458865808017451
2020-05-20 00:00:00+00:00,9511.43,74923.73809,20.39641429652688,-0.9458865808017451,0.4468783529964955,-1.618268900002113,Bearish (<49%),0.9749279121818236,-0.2225209339563143,0.8660254037844387,-0.4999999999999998,9406.150135211421,8952.646057955712,0.011192662595770158,58.74562668524592,1.1586230098635093,-0.027016437983413688,-1.618268900002113
2020-05-21 00:00:00+00:00,9068.65,108928.780969,20.72531001213719,-1.618268900002113,0.4582267486515343,0.3686027682319975,Bearish (<49%),0.4338837391175582,-0.900968867902419,0.8660254037844387,-0.4999999999999998,9354.227037486588,8961.238942551585,-0.030529196730221798,51.91858791776127,1.0511213885706996,-0.04655241115163555,0.3686027682319975
2020-05-22 00:00:00+00:00,9170.0,58943.131024,20.103086242612576,0.3686027682319975,0.4917844605879041,0.0182983564993704,Neutral,-0.433883739117558,-0.9009688679024191,0.8660254037844387,-0.4999999999999998,9325.884416334806,8976.7027245848,-0.01671524215566789,53.257611330433676,0.9004568163469013,0.011175864103256883,0.0182983564993704
2020-05-23 00:00:00+00:00,9179.15,43526.296966,19.807992576345065,0.0182983564993704,0.4911425465092711,-1.7363737538876172,Neutral,-0.9749279121818236,-0.2225209339563146,0.8660254037844387,-0.4999999999999998,9303.309890744835,8991.698819059999,-0.013345776095059728,53.383831730981996,0.8920914760725938,0.000997818974918241,-1.7363737538876172
2020-05-24 00:00:00+00:00,8720.34,70379.86645,20.27194615519151,-1.7363737538876172,0.4553349283032065,0.6944236507599433,Bearish (<49%),-0.7818314824680299,0.6234898018587334,0.8660254037844387,-0.4999999999999998,9213.62221524563,8971.598165796295,-0.05353835915145339,46.59009501594686,0.8994474033447774,-0.04998393097400078,0.6944236507599433
2020-05-25 00:00:00+00:00,8900.35,62833.910949,20.1318541241356,0.6944236507599433,0.48973378036227,-0.2448546074432811,Bearish (<49%),0.0,1.0,0.8660254037844387,-0.4999999999999998,9165.426489823225,8966.320523885457,-0.028921348081025,49.31544956120955,0.9833362925628846,0.020642543754027853,-0.2448546074432811
2020-05-26 00:00:00+00:00,8841.18,58299.770138,20.06249896741744,-0.2448546074432811,0.4844302132949861,1.396642946782465,Bearish (<49%),0.7818314824680298,0.6234898018587336,0.8660254037844387,-0.4999999999999998,9115.542414465806,8957.050855449497,-0.030098309238341073,48.440467499442185,0.956785127680899,-0.006648053166448564,1.396642946782465
2020-05-27 00:00:00+00:00,9204.07,68910.355514,20.252719429671387,1.396642946782465,0.4866122082070441,1.3743375514407017,Bearish (<49%),0.9749279121818236,-0.2225209339563143,0.8660254037844387,-0.4999999999999998,9129.162043009528,8975.348569860646,0.008205348600185144,53.848731800917705,1.1606815954507883,0.04104542606303685,1.3743375514407017
2020-05-28 00:00:00+00:00,9575.89,74110.787662,20.357881801845124,1.3743375514407017,0.5124071785904317,-0.5509328840186919,Bullish (>51%),0.4338837391175582,-0.900968867902419,0.8660254037844387,-0.4999999999999998,9197.889421008062,9019.83312024134,0.041096447422881724,58.63625822464414,1.0826400731522354,0.04039734595673439,-0.5509328840186919
2020-05-29 00:00:00+00:00,9427.07,57374.362961,20.11217426593268,-0.5509328840186919,0.4674424518182495,0.972082242545208,Bearish (<49%),-0.433883739117558,-0.9009688679024191,0.8660254037844387,-0.4999999999999998,9233.147971622206,9049.998815038278,0.021002807382033452,56.126628018949425,1.123321091268536,-0.015541114194085326,0.972082242545208
2020-05-30 00:00:00+00:00,9697.72,55665.27254,20.0895165308964,0.972082242545208,0.5255104047677047,-0.9013536840642744,Bullish (>51%),-0.9749279121818236,-0.2225209339563146,0.8660254037844387,-0.4999999999999998,9304.620591372635,9097.978162072479,0.042247763330817686,59.51988417154947,1.1637904180874332,0.02870987486037535,-0.9013536840642744
2020-05-31 00:00:00+00:00,9448.27,48333.786403,19.94949909654617,-0.9013536840642744,0.4712645721376011,2.7251224464818864,Bearish (<49%),-0.7818314824680299,0.6234898018587334,0.8660254037844387,-0.4999999999999998,9326.72050039223,9123.925705622667,0.013032394355835879,55.27646392441908,0.9460195599464051,-0.025722540968392438,2.7251224464818864
2020-06-01 00:00:00+00:00,10200.77,76649.12696,20.435193817354268,2.7251224464818864,0.5418249882829456,-2.3195922275182688,Bullish (>51%),0.0,1.0,0.4999999999999999,-0.8660254037844387,9461.18965417804,9203.691949650616,0.07816991021793572,63.68700153926378,1.2996623577995028,0.07964420999823241,-2.3195922275182688
2020-06-02 00:00:00+00:00,9518.04,108970.773151,20.790980780219016,-2.3195922275182688,0.4529187647462982,0.51985349481718,Bearish (<49%),0.7818314824680298,0.6234898018587336,0.4999999999999999,-0.8660254037844387,9469.935861227572,9226.976990417239,0.0050796689098370875,53.80129875698257,1.716029521101097,-0.06692926122243703,0.51985349481718
2020-06-03 00:00:00+00:00,9666.24,46252.644939,19.906659381921266,0.51985349481718,0.4898381093639105,0.4212691391966616,Bearish (<49%),0.9749279121818236,-0.2225209339563143,0.4999999999999999,-0.8660254037844387,9500.136497961792,9259.514991127073,0.017484327943482127,55.418971725743454,1.6610143669068869,0.015570432568049686,0.4212691391966616
2020-06-04 00:00:00+00:00,9789.06,57456.100969,20.138497514426547,0.4212691391966616,0.5008734822874089,-0.6063689094416368,Neutral,0.4338837391175582,-0.900968867902419,0.4999999999999999,-0.8660254037844387,9544.58626750613,9298.740547339883,0.025613863780158,56.76996178689652,1.5920729468246255,0.01270607806137658,-0.6063689094416368
2020-06-05 00:00:00+00:00,9621.16,47788.05005,19.95797967294018,-0.6063689094416368,0.4672529449441304,0.1454345107603926,Bearish (<49%),-0.433883739117558,-0.9009688679024191,0.4999999999999999,-0.8660254037844387,9556.366841735957,9322.62346975915,0.006780103708563068,54.345411261849534,1.5961212547195878,-0.01715180007069117,0.1454345107603926
2020-06-06 00:00:00+00:00,9666.3,32752.950893,19.570001568984846,0.1454345107603926,0.4833974751381495,0.2712591143753353,Bearish (<49%),-0.9749279121818236,-0.2225209339563146,0.4999999999999999,-0.8660254037844387,9573.27963531504,9348.08099051773,0.009716666411980086,54.903053061386,1.5521895173224303,0.004691741952113748,0.2712591143753353
2020-06-07 00:00:00+00:00,9746.99,57952.848385,20.137931449577152,0.2712591143753353,0.4905124755931356,0.1076150911653569,Neutral,-0.7818314824680299,0.6234898018587334,0.4999999999999999,-0.8660254037844387,9600.004306805035,9377.629806034935,0.015311002838902205,55.93907124158778,1.50142729849749,0.00834755801082121,0.1076150911653569
2020-06-08 00:00:00+00:00,9782.01,40664.664125,19.79555867446875,0.1076150911653569,0.4855330678081679,-0.0497511160984228,Bearish (<49%),0.0,1.0,0.4999999999999999,-0.8660254037844387,9628.005182681183,9407.583894476793,0.015995506275364314,56.40714752078987,0.9997904021499351,0.0035929040657680655,-0.0497511160984228
2020-06-09 00:00:00+00:00,9772.43,46024.001289,19.918536371912097,-0.0497511160984228,0.475864556244798,0.380417556115421,Bearish (<49%),0.7818314824680298,0.6234898018587336,0.4999999999999999,-0.8660254037844387,9650.224385345617,9434.609531922955,0.012663499808352588,56.23116314859432,0.3720703838978949,-0.0009793488250369187,0.380417556115421
2020-06-10 00:00:00+00:00,9885.0,47130.762982,19.951906933031875,0.380417556115421,0.490723246742961,-2.121144096789177,Neutral,0.9749279121818236,-0.2225209339563143,0.4999999999999999,-0.8660254037844387,9686.34371067706,9467.971788817551,0.020508903592174353,57.893543878760184,0.34989346603602545,0.011519141093873309,-2.121144096789177
2020-06-11 00:00:00+00:00,9280.4,94418.98473,20.62020894207716,-2.121144096789177,0.4339388404372646,0.669052618783194,Bearish (<49%),0.4338837391175582,-0.900968867902419,0.4999999999999999,-0.8660254037844387,9623.890832111358,9454.077582238473,-0.035691472202205,47.46607363292916,0.8774516070440643,-0.061163378856853856,0.669052618783194
2020-06-12 00:00:00+00:00,9465.13,50119.066932,19.972506268782155,0.669052618783194,0.4857396168813416,0.0138094461592469,Bearish (<49%),-0.433883739117558,-0.9009688679024191,0.4999999999999999,-0.8660254037844387,9599.46608870961,9454.896279850438,-0.01399412086757726,50.40533212174735,0.9264137551132715,0.019905392008965128,0.0138094461592469
2020-06-13 00:00:00+00:00,9473.34,27759.784851,19.382606810688195,0.0138094461592469,0.4874319915167702,-0.4928531059760471,Bearish (<49%),-0.9749279121818236,-0.2225209339563146,0.4999999999999999,-0.8660254037844387,9580.062075061978,9456.262481342997,-0.01114001915914388,50.53778514938918,0.9222764684472773,0.0008673943199934975,-0.4928531059760471
2020-06-14 00:00:00+00:00,9342.1,30055.506608,19.45788302548245,-0.4928531059760471,0.4812900457698383,0.293129224830964,Bearish (<49%),-0.7818314824680299,0.6234898018587334,0.4999999999999999,-0.8660254037844387,9543.452525052442,9447.806001243516,-0.021098499156764577,48.31637381074695,0.9156399530794918,-0.013853614459103047,0.293129224830964
2020-06-15 00:00:00+00:00,9426.02,86107.924707,20.491987843774808,0.293129224830964,0.4834717323714074,0.3475201991856073,Bearish (<49%),0.0,1.0,0.4999999999999999,-0.8660254037844387,9525.385982736681,9446.192223373626,-0.010431701446720032,49.83481893193113,0.9290616814042228,0.008982990976333038,0.3475201991856073
2020-06-16 00:00:00+00:00,9525.59,52052.446927,20.01897331545547,0.3475201991856073,0.4935952321517652,-0.2344608358598475,Neutral,0.7818314824680298,0.6234898018587336,0.4999999999999999,-0.8660254037844387,9525.417370007961,9452.073540160765,1.8123089554350422e-05,51.649880619779466,0.9507079289970621,0.010563313041983768,-0.2344608358598475
2020-06-17 00:00:00+00:00,9465.14,48046.411152,19.931865737867376,-0.2344608358598475,0.475432622922329,-0.302653756907088,Bearish (<49%),0.9749279121818236,-0.2225209339563143,0.4999999999999999,-0.8660254037844387,9516.143928468275,9453.041426074782,-0.0053597264660629074,50.456286230079314,0.9237096072874317,-0.006346063603409391,-0.302653756907088
2020-06-18 00:00:00+00:00,9386.32,37381.953765,19.678145655460963,-0.302653756907088,0.4799215516070018,-0.2950501778630012,Bearish (<49%),0.4338837391175582,-0.900968867902419,0.4999999999999999,-0.8660254037844387,9496.171016396233,9448.099098217392,-0.011567927347407959,48.87044908769613,0.4146650847124673,-0.00832739927777082,-0.2950501778630012
2020-06-19 00:00:00+00:00,9310.23,45330.983673,19.86308830735172,-0.2950501778630012,0.4865539474083143,0.16406173883019,Bearish (<49%),-0.433883739117558,-0.9009688679024191,0.4999999999999999,-0.8660254037844387,9467.564706181427,9437.886572423511,-0.016618286863009528,47.32412081994237,0.32124240013642463,-0.008106478364257819,0.16406173883019
2020-06-20 00:00:00+00:00,9358.95,30329.065384,19.45784434832964,0.16406173883019,0.4986992371014238,-0.2523611554575171,Neutral,-0.9749279121818236,-0.2225209339563146,0.4999999999999999,-0.8660254037844387,9450.854751384284,9432.03941891066,-0.009724490937798183,48.44887569836916,0.33453128984703445,0.005232953428647935,-0.2523611554575171
2020-06-21 00:00:00+00:00,9294.69,24316.926234,19.242519866030392,-0.2523611554575171,0.4844278865118015,1.431804143841283,Bearish (<49%),-0.7818314824680299,0.6234898018587334,0.4999999999999999,-0.8660254037844387,9426.82940501747,9421.86538788024,-0.014017375231924502,47.02270399047659,0.29431786666852366,-0.006866154857115392,1.431804143841283
2020-06-22 00:00:00+00:00,9685.69,57895.468343,20.127237742894785,1.431804143841283,0.5309258436755782,-0.2320942186527027,Bullish (>51%),0.0,1.0,0.4999999999999999,-0.8660254037844387,9466.65411193786,9441.407951740963,0.02313762449458536,55.58910430214868,0.6310948604371792,0.04206702966962861,-0.2320942186527027
2020-06-23 00:00:00+00:00,9624.89,41031.02938,19.795630033584125,-0.2320942186527027,0.4658085966840542,-1.190370045348876,Bearish (<49%),0.7818314824680298,0.6234898018587336,0.4999999999999999,-0.8660254037844387,9490.99809471665,9454.999214574966,0.014107252361359486,54.12353540364495,0.6346940584324148,-0.006277301875240782,-1.190370045348876
2020-06-24 00:00:00+00:00,9296.49,61571.561464,20.177549729218363,-1.190370045348876,0.4369475683466321,-0.1900485716410911,Bearish (<49%),0.9749279121818236,-0.2225209339563143,0.4999999999999999,-0.8660254037844387,9461.07377245255,9443.257791273116,-0.017395887233409204,46.926997973956134,0.787904128588866,-0.03411987046085718,-0.1900485716410911
2020-06-25 00:00:00+00:00,9249.49,55831.619156,20.05850540778212,-0.1900485716410911,0.4754724287831649,-0.3408159342369247,Bearish (<49%),0.4338837391175582,-0.900968867902419,0.4999999999999999,-0.8660254037844387,9428.522422844466,9428.90462154918,-0.01898838596498286,45.98461085864478,0.7841381120769306,-0.005055671549154539,-0.3408159342369247
2020-06-26 00:00:00+00:00,9162.21,50292.298277,19.94966116983465,-0.3408159342369247,0.463448763996123,-0.5803049759532022,Bearish (<49%),-0.433883739117558,-0.9009688679024191,0.4999999999999999,-0.8660254037844387,9387.551280868394,9409.14946439739,-0.024004266301866743,44.209113868922564,0.7864118476378427,-0.009436195941614156,-0.5803049759532022
2020-06-27 00:00:00+00:00,9012.0,46290.930113,19.854828645597152,-0.5803049759532022,0.454881265262945,0.3824779576875566,Bearish (<49%),-0.9749279121818236,-0.2225209339563146,0.4999999999999999,-0.8660254037844387,9329.774160734794,9379.730985553137,-0.034060220028923734,41.256741446731965,0.7970413591563855,-0.01639451617022525,0.3824779576875566
2020-06-28 00:00:00+00:00,9116.35,30688.176421,19.44572426094629,0.3824779576875566,0.4882272678068687,0.2716771977640353,Bearish (<49%),-0.7818314824680299,0.6234898018587334,0.4999999999999999,-0.8660254037844387,9296.939674467903,9360.22128291957,-0.01942463657840598,44.0520012371887,0.8248540340046111,0.011579005770084416,0.2716771977640353
2020-06-29 00:00:00+00:00,9192.56,42120.293261,19.766690274770863,0.2716771977640353,0.4854927687536833,-0.218261823376778,Bearish (<49%),0.0,1.0,0.4999999999999999,-0.8660254037844387,9280.881263011303,9347.801928629231,-0.009516473760234923,46.07034876445589,0.528415876579256,0.008359705364537229,-0.218261823376778
2020-06-30 00:00:00+00:00,9138.55,31463.162801,19.4777114945708,-0.218261823376778,0.4852578732648817,0.3359076171204705,Bearish (<49%),0.7818314824680298,0.6234898018587336,0.4999999999999999,-0.8660254037844387,9258.984145624949,9332.301785767806,-0.01300727420317022,44.83586926129274,0.5286005276503982,-0.005875403587248806,0.3359076171204705
2020-07-01 00:00:00+00:00,9232.0,38488.528699,19.685054974844043,0.3359076171204705,0.4954419498372626,-0.5583310155055338,Neutral,0.9749279121818236,-0.2225209339563143,1.2246467991473532e-16,-1.0,9254.832738605726,9324.87202385908,-0.0024671152089525603,47.459175999914805,0.3770819681623093,0.010225911112813346,-0.5583310155055338
2020-07-02 00:00:00+00:00,9086.54,45725.168076,19.850332607802788,-0.5583310155055338,0.4732105183962583,-0.1231621410213726,Bearish (<49%),0.4338837391175582,-0.900968867902419,1.2246467991473532e-16,-1.0,9228.941548051,9307.217799869519,-0.015429889474277978,43.95527177822213,0.42301977296470483,-0.01575606585788547,-0.1231621410213726
2020-07-03 00:00:00+00:00,9058.26,28943.420177,19.388135013571297,-0.1231621410213726,0.4740118629070061,0.277283927184436,Bearish (<49%),-0.433883739117558,-0.9009688679024191,1.2246467991473532e-16,-1.0,9202.682848350845,9288.776481360666,-0.01569355922949427,43.2861555640974,0.410269572760102,-0.0031122957693467956,0.277283927184436
2020-07-04 00:00:00+00:00,9135.46,26441.968484,19.29854683417363,0.277283927184436,0.5139110429022172,-0.2648862025010965,Bullish (>51%),-0.9749279121818236,-0.2225209339563146,1.2246467991473532e-16,-1.0,9192.340871681485,9277.419704963579,-0.006187854919166069,45.71549952220932,0.35708436655548464,0.00852260809471117,-0.2648862025010965
2020-07-05 00:00:00+00:00,9069.41,34073.653627,19.546942063085314,-0.2648862025010965,0.4776779868743719,1.0267608149986784,Bearish (<49%),-0.7818314824680299,0.6234898018587334,1.2246467991473532e-16,-1.0,9173.428429884334,9262.011578669979,-0.011339100825758088,43.97972759160799,0.3408451164264197,-0.007230068327155892,1.0267608149986784
2020-07-06 00:00:00+00:00,9344.2,54463.132277,20.03520246432735,1.0267608149986784,0.516550206457381,-0.3357929869067477,Bullish (>51%),0.0,1.0,1.2246467991473532e-16,-1.0,9199.700979132898,9268.09960987961,0.01570692582235667,52.12412090279039,0.5254187292953532,0.03029855304810347,-0.3357929869067477
2020-07-07 00:00:00+00:00,9257.39,34587.336678,19.585631574483735,-0.3357929869067477,0.4708326967643715,0.6482252699798244,Bearish (<49%),0.7818314824680298,0.6234898018587336,1.2246467991473532e-16,-1.0,9208.576213112452,9267.306305444083,0.005300904912752911,49.66749355698166,0.5378189739800742,-0.009290254917489027,0.6482252699798244
2020-07-08 00:00:00+00:00,9436.06,56140.517781,20.079565512886138,0.6482252699798244,0.4999540750851273,-0.7587765144810855,Neutral,0.9749279121818236,-0.2225209339563143,1.2246467991473532e-16,-1.0,9243.573718787458,9279.806579114891,0.02082379467816814,54.42811943921239,0.5769166527644827,0.019300256335749166,-0.7587765144810855
2020-07-09 00:00:00+00:00,9232.43,48044.450645,19.91950099846092,-0.7587765144810855,0.4713325929840071,0.19238311897719,Bearish (<49%),0.4338837391175582,-0.900968867902419,1.2246467991473532e-16,-1.0,9241.859300512466,9276.297202884158,-0.0010202817642920217,48.76683619467262,0.6182828423949802,-0.021579981475319032,0.19238311897719
2020-07-10 00:00:00+00:00,9288.34,38295.494006,19.67982019304271,0.19238311897719,0.479445784538602,-0.2172882257634189,Bearish (<49%),-0.433883739117558,-0.9009688679024191,1.2246467991473532e-16,-1.0,9249.010177356702,9277.189261929774,0.004252327750658633,50.29552628037176,0.6135848777636312,0.006055827122436908,-0.2172882257634189
2020-07-11 00:00:00+00:00,9234.03,22561.366,19.15501905334016,-0.2172882257634189,0.4793802508677887,0.2400932340530187,Bearish (<49%),-0.9749279121818236,-0.2225209339563146,1.2246467991473532e-16,-1.0,9246.70553468644,9273.992279564605,-0.0013708163019672834,48.773142984845556,0.6198462831797008,-0.00584711584631914,0.2400932340530187
2020-07-12 00:00:00+00:00,9302.75,30872.702286,19.470072611123992,0.2400932340530187,0.4852243760596603,-0.2385089192821087,Bearish (<49%),-0.7818314824680299,0.6234898018587334,1.2246467991473532e-16,-1.0,9255.327760119295,9276.122481078339,0.005123777472802741,50.80235308729669,0.6075052819655619,0.007442037766825393,-0.2385089192821087
2020-07-13 00:00:00+00:00,9242.62,42740.069115,19.798474292320524,-0.2385089192821087,0.4606787902944644,0.0332216206988705,Bearish (<49%),0.0,1.0,1.2246467991473532e-16,-1.0,9253.372720100942,9273.640815813278,-0.001162032528699902,48.97429401514718,0.46114698604747933,-0.006463680094595636,0.0332216206988705
2020-07-14 00:00:00+00:00,9255.85,45772.552509,19.860015951930613,0.0332216206988705,0.4733521676935064,-0.2326454285004738,Bearish (<49%),0.7818314824680298,0.6234898018587336,1.2246467991473532e-16,-1.0,9253.753840085412,9272.322977604887,0.00022651995620505397,49.4056755211544,0.446159717966613,0.0014314123051688554,-0.2326454285004738
2020-07-15 00:00:00+00:00,9197.6,39053.579665,19.702174664473123,-0.2326454285004738,0.4603337235974729,-0.2550848038432594,Bearish (<49%),0.9749279121818236,-0.2225209339563143,1.2246467991473532e-16,-1.0,9245.11478776458,9266.787942226747,-0.005139448114528857,47.501526915938314,0.33963211248972314,-0.006293317199392856,-0.2550848038432594
2020-07-16 00:00:00+00:00,9133.72,43375.571191,19.79663095592046,-0.2550848038432594,0.4705443513153067,0.0615806183203555,Bearish (<49%),0.4338837391175582,-0.900968867902419,1.2246467991473532e-16,-1.0,9227.97712810849,9256.931057617358,-0.010214278470780247,45.433510631588604,0.2184930413741082,-0.006945290075672017,0.0615806183203555
2020-07-17 00:00:00+00:00,9154.32,28054.358741,19.362094612613,0.0615806183203555,0.4775563729218372,0.0439608524031258,Bearish (<49%),-0.433883739117558,-0.9009688679024191,1.2246467991473532e-16,-1.0,9216.645262245645,9249.33023853459,-0.006762250306079384,46.24623313277122,0.19702557750690836,0.0022553789693575688,0.0439608524031258
2020-07-18 00:00:00+00:00,9170.28,22554.541457,19.146431142971544,0.0439608524031258,0.5099950646715558,0.129241115818577,Neutral,-0.9749279121818236,-0.2225209339563146,1.2246467991473532e-16,-1.0,9209.512144977085,9243.474665309806,-0.004259959090067733,46.90603235782273,0.19292164308275683,0.0017434391631492296,0.129241115818577
2020-07-19 00:00:00+00:00,9208.99,26052.019417,19.28997205704662,0.129241115818577,0.494141098505385,-0.1962241390427873,Neutral,-0.7818314824680299,0.6234898018587334,1.2246467991473532e-16,-1.0,9209.43181498061,9240.920245657227,-4.7974184454140125e-05,48.55540069906093,0.16813352361387424,0.00422124515281963,-0.1962241390427873
2020-07-20 00:00:00+00:00,9160.78,35458.764082,19.600250058401357,-0.1962241390427873,0.4661102357594574,0.845150353583868,Bearish (<49%),0.0,1.0,1.2246467991473532e-16,-1.0,9201.94692036821,9234.983931164099,-0.004473718521141103,46.613260407931534,0.16150922252915054,-0.005235101786406404,0.845150353583868
2020-07-21 00:00:00+00:00,9390.0,60413.582486,20.149430344923104,0.845150353583868,0.487812687781417,0.4537072334207605,Bearish (<49%),0.7818314824680298,0.6234898018587336,1.2246467991473532e-16,-1.0,9230.878163388485,9246.46660292972,0.017237995540080306,55.68852546018182,0.38122681778456574,0.02502188678256645,0.4537072334207605
2020-07-22 00:00:00+00:00,9518.16,48815.004107,19.94189077018344,0.4537072334207605,0.4785863325708477,0.2917133973092837,Bearish (<49%),0.9749279121818236,-0.2225209339563143,1.2246467991473532e-16,-1.0,9275.075369021026,9266.592039749741,0.0262083725800097,59.80291281852204,0.3827054654801767,0.013648562300319522,0.2917133973092837
2020-07-23 00:00:00+00:00,9603.27,51856.2335,20.01861868189761,0.2917133973092837,0.4717131156083675,-0.250685518630004,Bearish (<49%),0.4338837391175582,-0.900968867902419,1.2246467991473532e-16,-1.0,9325.566850710098,9291.531147916427,0.029778688388122646,62.30598919047786,0.3383800064924883,0.00894185430797556,-0.250685518630004
2020-07-24 00:00:00+00:00,9537.8,43931.136205,19.85395473483639,-0.250685518630004,0.4647341666222675,0.5707785716484873,Bearish (<49%),-0.433883739117558,-0.9009688679024191,1.2246467991473532e-16,-1.0,9358.218104447005,9309.773285107802,0.019189753171883976,59.249581807607065,0.3824213076373167,-0.006817469466129933,0.5707785716484873
2020-07-25 00:00:00+00:00,9700.42,40679.545416,19.785321590017528,0.5707785716484873,0.4824687368625437,0.8039829086055275,Bearish (<49%),-0.9749279121818236,-0.2225209339563146,1.2246467991473532e-16,-1.0,9410.864549916696,9338.71007880352,0.030768209291235332,63.976553532536805,0.4007223530911163,0.01705005347145061,0.8039829086055275
2020-07-26 00:00:00+00:00,9931.54,65279.269319,20.28415237102629,0.8039829086055275,0.5169839086599167,3.79051919665887,Bullish (>51%),-0.7818314824680299,0.6234898018587334,1.2246467991473532e-16,-1.0,9490.968465314127,9382.623406299557,0.046420082028087575,69.4079103316672,0.442094473470828,0.023825772492325203,3.79051919665887
2020-07-27 00:00:00+00:00,11029.96,150188.933144,21.1809155777449,3.79051919665887,0.5103612393165345,-0.4020038641432157,Bullish (>51%),0.0,1.0,1.2246467991473532e-16,-1.0,9727.736393727337,9504.648339166257,0.13386707385619181,82.73274730184954,1.3142151917531566,0.11059916186210783,-0.4020038641432157
2020-07-28 00:00:00+00:00,10906.27,97267.734187,20.78659315630252,-0.4020038641432157,0.478837416367255,0.5969951516297091,Bearish (<49%),0.7818314824680298,0.6234898018587336,1.2246467991473532e-16,-1.0,9909.049256230825,9608.472165894684,0.1006373788224054,78.58199650345682,1.4086685624996138,-0.011214002589311156,0.5969951516297091
2020-07-29 00:00:00+00:00,11100.53,76838.094233,20.56455406702933,0.5969951516297091,0.4713609496244519,-0.0188967273825017,Bearish (<49%),0.9749279121818236,-0.2225209339563143,1.2246467991473532e-16,-1.0,10092.353986041468,9718.994968421004,0.09989503096630589,80.25728486495565,1.4046614496878609,0.017811772494170874,-0.0188967273825017
2020-07-30 00:00:00+00:00,11099.61,60794.826456,20.322459174243825,-0.0188967273825017,0.4650510645911991,0.7152790461367251,Bearish (<49%),0.4338837391175582,-0.900968867902419,1.2246467991473532e-16,-1.0,10247.316449727396,9821.262748537967,0.08317236560946434,80.22528037162976,1.4270752637487572,-8.287892560088217e-05,0.7152790461367251
2020-07-31 00:00:00+00:00,11335.46,70063.660974,20.482905328074416,0.7152790461367251,0.4862455499954875,1.397982598913278,Bearish (<49%),-0.433883739117558,-0.9009688679024191,1.2246467991473532e-16,-1.0,10414.723149769336,9933.425507905526,0.08840723243335143,82.18642782032983,1.3619695721405138,0.021248494316466804,1.397982598913278
2020-08-01 00:00:00+00:00,11801.17,85087.485126,20.711008033416466,1.397982598913278,0.476259622246342,-2.144535771262163,Bearish (<49%),-0.9749279121818236,-0.2225209339563146,-0.4999999999999997,-0.8660254037844388,10628.022665189437,10071.776951764376,0.11038246452494296,85.28890903053562,1.3680355476022559,0.04108434946618855,-2.144535771262163
2020-08-02 00:00:00+00:00,11071.35,97553.077604,20.823796308675025,-2.144535771262163,0.4712797129950811,0.4454753291407792,Bearish (<49%),-0.7818314824680299,0.6234898018587334,-0.4999999999999997,-0.8660254037844388,10696.226870544908,10145.819399781829,0.03507060330667634,65.91465444520692,1.813789877494928,-0.06184302064964742,0.4454753291407792
2020-08-03 00:00:00+00:00,11219.81,56931.841475,20.27873904852644,0.4454753291407792,0.4765880469177287,-0.1014456240688424,Bearish (<49%),0.0,1.0,-0.4999999999999997,-0.8660254037844388,10776.778121230305,10225.374259057247,0.041109863614703104,67.53045241974112,1.1351982475058326,0.013409385485961378,-0.1014456240688424
2020-08-04 00:00:00+00:00,11191.97,58629.113709,20.30484350948329,-0.1014456240688424,0.4752180938516053,1.684362071272345,Bearish (<49%),0.7818314824680298,0.6234898018587336,-0.4999999999999997,-0.8660254037844388,10840.653794887181,10296.973943571526,0.03240728942736931,66.89009035117928,1.1193106887711886,-0.0024813254413399433,1.684362071272345
2020-08-05 00:00:00+00:00,11744.91,74970.256852,20.57410858882364,1.684362071272345,0.4819295820517939,0.0353848395840048,Bearish (<49%),0.9749279121818236,-0.2225209339563143,-0.4999999999999997,-0.8660254037844388,10979.770134135306,10404.228466269931,0.06968632826710369,72.47318899611668,1.2617536834561796,0.04940506452393989,0.0353848395840048
2020-08-06 00:00:00+00:00,11762.46,63529.08502,20.43087832688744,0.0353848395840048,0.4729204471863807,-0.5082951307792698,Bearish (<49%),0.4338837391175582,-0.900968867902419,-0.4999999999999997,-0.8660254037844388,11100.183959652952,10504.838209509195,0.05966351933934558,72.63093597377008,1.2597571163910204,0.0014942643238644582,-0.5082951307792698
2020-08-07 00:00:00+00:00,11594.23,65755.926022,20.458004568278323,-0.5082951307792698,0.4561264744407252,0.4802321945965348,Bearish (<49%),-0.433883739117558,-0.9009688679024191,-0.4999999999999997,-0.8660254037844388,11176.191042783266,10585.533897693698,0.03740442120365069,68.57419858824726,1.27575725238817,-0.014302280305310222,0.4802321945965348
2020-08-08 00:00:00+00:00,11761.41,41858.16104,20.008051486242497,0.4802321945965348,0.4885153124252016,-0.2493597388647345,Bearish (<49%),-0.9749279121818236,-0.2225209339563146,-0.4999999999999997,-0.8660254037844388,11266.224728508918,10672.63583119787,0.04395307952965177,70.34672793818294,1.1642877638851115,0.014419241295023477,-0.2493597388647345
2020-08-09 00:00:00+00:00,11681.68,41493.067342,19.996993223238483,-0.2493597388647345,0.4586603144361001,0.6063306974266255,Bearish (<49%),-0.7818314824680299,0.6234898018587334,-0.4999999999999997,-0.8660254037844388,11330.14092412293,10747.37984370173,0.031026893507441766,68.36624579068445,0.7236906067590917,-0.006778949122596689,0.6063306974266255
2020-08-10 00:00:00+00:00,11892.92,84952.337887,20.7323931196668,0.6063306974266255,0.4950861094716985,-1.465455867050078,Neutral,0.0,1.0,-0.4999999999999997,-0.8660254037844388,11416.72232041171,10832.234670094194,0.04171054232762635,70.71837553954173,0.7332305683924184,0.018083015456680895,-1.465455867050078
2020-08-11 00:00:00+00:00,11392.08,90748.284634,20.77168993139473,-1.465455867050078,0.4542450711355448,0.5043559518900647,Bearish (<49%),0.7818314824680298,0.6234898018587336,-0.4999999999999997,-0.8660254037844388,11412.931194194525,10873.704694531662,-0.001826979751278251,59.43453501403891,0.9879358895500024,-0.04211245009635989,0.5043559518900647
2020-08-12 00:00:00+00:00,11564.33,64909.613644,20.42661514384758,0.5043559518900647,0.4767194006686299,0.6258308236322587,Bearish (<49%),0.9749279121818236,-0.2225209339563143,-0.4999999999999997,-0.8660254037844388,11436.223318164599,10924.862124566353,0.011201834580470658,61.698084849408396,0.7383663657612922,0.015120153650606483,0.6258308236322587
2020-08-13 00:00:00+00:00,11780.0,70132.491502,20.51206458443345,0.6258308236322587,0.4967995554671888,-0.0729005537688608,Neutral,0.4338837391175582,-0.900968867902419,-0.4999999999999997,-0.8660254037844388,11489.112038446969,10988.205670894771,0.02531857645565722,64.37826428371659,0.786595868128281,0.0186495888650704,-0.0729005537688608
2020-08-14 00:00:00+00:00,11760.54,59818.852697,20.369833089541387,-0.0729005537688608,0.4758478016484516,0.2527874297681388,Bearish (<49%),-0.433883739117558,-0.9009688679024191,-0.4999999999999997,-0.8660254037844388,11530.870186378204,11045.415621198861,0.01991782145749182,63.9434764275967,0.7564234937152802,-0.0016519524617996106,0.2527874297681388
2020-08-15 00:00:00+00:00,11852.4,56237.90505,20.318970280741908,0.2527874297681388,0.485508240335848,0.1541216768253373,Bearish (<49%),-0.9749279121818236,-0.2225209339563146,-0.4999999999999997,-0.8660254037844388,11580.33631155079,11105.192241850798,0.023493591302511743,65.14029984414974,0.740138250831896,0.007810865827589497,0.1541216768253373
2020-08-16 00:00:00+00:00,11911.0,41368.236906,20.009367890007816,0.1541216768253373,0.4675578839859779,1.053471798331637,Bearish (<49%),-0.7818314824680299,0.6234898018587334,-0.4999999999999997,-0.8660254037844388,11631.207648235284,11164.881705417405,0.024055313964510532,65.91750113563967,0.730514089726159,0.004944146333232036,1.053471798331637
2020-08-17 00:00:00+00:00,12281.13,84734.21154,20.749794278390603,1.053471798331637,0.4991028467767813,-0.9580146403805264,Neutral,0.0,1.0,-0.4999999999999997,-0.8660254037844388,11731.195702352932,11247.566764275374,0.04687794079991066,70.40558515242549,0.7998133390996205,0.031074636890269458,-0.9580146403805264
2020-08-18 00:00:00+00:00,11945.01,75923.835527,20.64032142283335,-0.9580146403805264,0.4735581352737893,-0.5647092558511767,Bearish (<49%),0.7818314824680298,0.6234898018587336,-0.4999999999999997,-0.8660254037844388,11764.09020968325,11299.229226180902,0.015378986992791933,62.373072171461274,0.6349673515815333,-0.02736881703882288,-0.5647092558511767
2020-08-19 00:00:00+00:00,11754.59,73940.169606,20.5847078912353,-0.5647092558511767,0.47147763055944,0.2737124365192149,Bearish (<49%),0.9749279121818236,-0.2225209339563143,-0.4999999999999997,-0.8660254037844388,11762.628638962751,11332.959653871205,-0.000683404977704025,58.31405878709205,0.6827326029643651,-0.015941384728853314,0.2737124365192149
2020-08-20 00:00:00+00:00,11853.55,46085.254351,20.11368013523721,0.2737124365192149,0.4772222232624561,-0.951604592238113,Bearish (<49%),0.4338837391175582,-0.900968867902419,-0.4999999999999997,-0.8660254037844388,11776.616540660789,11371.521901732596,0.006532730268798724,59.77896037204453,0.646998235277353,0.008418838938661244,-0.951604592238113
2020-08-21 00:00:00+00:00,11531.34,64448.306142,20.44282680311742,-0.951604592238113,0.473739880746112,0.3768026826347462,Bearish (<49%),-0.433883739117558,-0.9009688679024191,-0.4999999999999997,-0.8660254037844388,11738.881688251437,11383.360279382034,-0.01767985177490538,53.221039103660104,0.7456918378671709,-0.027182573996819448,0.3768026826347462
2020-08-22 00:00:00+00:00,11662.96,43678.701646,20.038692696845487,0.3768026826347462,0.4946362897208173,-0.0598078857886146,Neutral,-0.9749279121818236,-0.2225209339563146,-0.4999999999999997,-0.8660254037844388,11727.201428520448,11404.07136979818,-0.0054779845738996205,55.37464901091818,0.7570169821091735,0.01141411145625737,-0.0598078857886146
2020-08-23 00:00:00+00:00,11648.13,37900.00469,19.90320762904975,-0.0598078857886146,0.488512539152406,0.279640520081773,Bearish (<49%),-0.7818314824680299,0.6234898018587334,-0.4999999999999997,-0.8660254037844388,11715.036593363457,11422.149786850166,-0.005711172374942463,55.06703077474534,0.7498965190737175,-0.001271546845740712,0.279640520081773
2020-08-24 00:00:00+00:00,11748.2,46212.391867,20.11132797844836,0.279640520081773,0.4929504526310261,-1.2751322877580142,Neutral,0.0,1.0,-0.4999999999999997,-0.8660254037844388,11720.138655922925,11446.301654490895,0.002394284308479116,56.810547901777845,0.587846088695837,0.008591078567976362,-1.2751322877580142
2020-08-25 00:00:00+00:00,11318.42,69590.923272,20.49640873849997,-1.2751322877580142,0.4760168484979487,0.41882816117619,Bearish (<49%),0.7818314824680298,0.6234898018587336,-0.4999999999999997,-0.8660254037844388,11658.335785780937,11436.828939343422,-0.029156458694174377,48.16622983259109,0.6610412837757957,-0.03658262542346913,0.41882816117619
2020-08-26 00:00:00+00:00,11461.43,53998.231231,20.23786879872557,0.41882816117619,0.4745069635779159,-0.4095756865561058,Bearish (<49%),0.9749279121818236,-0.2225209339563143,-0.4999999999999997,-0.8660254037844388,11628.042587968484,11438.651240132798,-0.014328515458042604,50.8463977251969,0.6928240369206562,0.012635155790295949,-0.4095756865561058
2020-08-27 00:00:00+00:00,11330.38,63246.036383,20.391248636229165,-0.4095756865561058,0.4868792169287141,0.5809437868358172,Bearish (<49%),0.4338837391175582,-0.900968867902419,-0.4999999999999997,-0.8660254037844388,11582.24834366564,11430.63114827111,-0.021746066583297575,48.37779841109411,0.6736878100943352,-0.011434000818397072,0.5809437868358172
2020-08-28 00:00:00+00:00,11526.91,45953.908365,20.08006287752686,0.5809437868358172,0.4725213508833613,-0.1983902342127488,Bearish (<49%),-0.433883739117558,-0.9009688679024191,-0.4999999999999997,-0.8660254037844388,11573.734752332464,11437.762915065843,-0.004045777213187626,52.13115538546088,0.649264906432394,0.017345402360732898,-0.1983902342127488
2020-08-29 00:00:00+00:00,11465.84,32973.7992,19.75364889115261,-0.1983902342127488,0.4764179550471696,0.7203465019842101,Bearish (<49%),-0.9749279121818236,-0.2225209339563146,-0.4999999999999997,-0.8660254037844388,11557.135559665932,11439.84269913504,-0.007899497171647878,50.89286083252878,0.6278100405264933,-0.005298037375150777,0.7203465019842101
2020-08-30 00:00:00+00:00,11711.16,43177.879054,20.03286556604337,0.7203465019842101,0.5154981298215946,-0.1972259589889713,Bullish (>51%),-0.7818314824680299,0.6234898018587334,-0.4999999999999997,-0.8660254037844388,11580.831627409634,11459.94027697689,0.01125380083084043,55.46880465964452,0.7001356591367995,0.021395728529266078,-0.1972259589889713
2020-08-31 00:00:00+00:00,11649.51,55353.617744,20.28742995389397,-0.1972259589889713,0.4801843378499159,0.7889195303967695,Bearish (<49%),0.0,1.0,-0.4999999999999997,-0.8660254037844388,11591.397530885075,11473.982478682305,0.005013413521543508,54.10436858991545,0.6934512362011019,-0.005264209523223928,0.7889195303967695
2020-09-01 00:00:00+00:00,11921.97,78148.193668,20.64859327381393,0.7889195303967695,0.4795506795871805,-1.556008507199944,Bearish (<49%),0.7818314824680298,0.6234898018587336,-0.8660254037844384,-0.5000000000000004,11642.254833825833,11507.166739520651,0.024025858406867346,58.91440456767696,0.4975753653593507,0.023388108169356325,-1.556008507199944
2020-09-02 00:00:00+00:00,11388.54,87221.845602,20.728642369590464,-1.556008507199944,0.4582832386899577,-3.786725966520387,Bearish (<49%),0.9749279121818236,-0.2225209339563143,-0.8660254037844384,-0.5000000000000004,11603.221782468014,11498.379573630233,-0.01850191149430481,48.25207026545395,0.8302077483113471,-0.044743444246210906,-3.786725966520387
2020-09-03 00:00:00+00:00,10140.85,121950.106015,21.004758597549703,-3.786725966520387,0.4449920925310645,1.02047152764381,Bearish (<49%),0.4338837391175582,-0.900968867902419,-0.8660254037844384,-0.5000000000000004,11378.241508242165,11397.8218274354,-0.10875068061666852,33.14302821501191,1.6540972173420228,-0.1095566244663495,1.02047152764381
2020-09-04 00:00:00+00:00,10446.25,92733.599113,20.682366462715,1.02047152764381,0.4605432666746668,-0.93712104605129,Bearish (<49%),-0.433883739117558,-0.9009688679024191,-0.8660254037844384,-0.5000000000000004,11234.858199281833,11327.335025403148,-0.07019298199351043,38.240683683282086,1.7102936126890247,0.03011581869369917,-0.93712104605129
2020-09-05 00:00:00+00:00,10166.69,90001.605568,20.63724859350709,-0.93712104605129,0.4830817411379449,0.2869771078805119,Bearish (<49%),-0.9749279121818236,-0.2225209339563146,-0.8660254037844384,-0.5000000000000004,11070.524630161552,11241.36131981773,-0.08164334215011466,35.56727672374596,1.7143644691798576,-0.02676175661122404,0.2869771078805119
2020-09-06 00:00:00+00:00,10256.2,56368.788815,20.169711889287807,0.2869771078805119,0.4973220006377035,0.3773885702574252,Neutral,-0.7818314824680299,0.6234898018587334,-0.8660254037844384,-0.5000000000000004,10945.243917829004,11168.386407238639,-0.06295372885263902,37.08391606728513,1.6674401875472773,0.008804242088624736,0.3773885702574252
2020-09-07 00:00:00+00:00,10373.44,62620.230676,20.267998750015767,0.3773885702574252,0.4882878958272332,-0.8348596128489995,Bearish (<49%),0.0,1.0,-0.8660254037844384,-0.5000000000000004,10857.274084316849,11109.501488183923,-0.04456312703901786,39.10573004538602,1.7057599498761085,0.011431134338253823,-0.8348596128489995
2020-09-08 00:00:00+00:00,10126.65,73491.878418,20.42613648174615,-0.8348596128489995,0.4682260844427121,0.2985073410147292,Bearish (<49%),0.7818314824680298,0.6234898018587336,-0.8660254037844384,-0.5000000000000004,10744.870379037335,11036.697674244373,-0.05753632731051366,36.45040152622683,1.6015535892006905,-0.02379056513557709,0.2985073410147292
2020-09-09 00:00:00+00:00,10219.2,49347.113776,20.03626497941456,0.2985073410147292,0.4826100374401763,0.3802612612506237,Bearish (<49%),0.9749279121818236,-0.2225209339563143,-0.8660254037844384,-0.5000000000000004,10663.998013031593,10976.142290967013,-0.041710249053688954,38.14659361228624,1.6043458329803804,0.009139251381256486,0.3802612612506237
2020-09-10 00:00:00+00:00,10336.87,58253.75375,20.216415764347992,0.3802612612506237,0.4753361065251524,0.1538320085139232,Bearish (<49%),0.4338837391175582,-0.900968867902419,-0.8660254037844384,-0.5000000000000004,10613.670626411347,10928.788787932419,-0.026079632217203746,40.327371349171756,0.7100503406171373,0.011514599968686312,0.1538320085139232
2020-09-11 00:00:00+00:00,10387.89,43830.254467,19.92751212870973,0.1538320085139232,0.4844053721610349,0.1596572910461833,Bearish (<49%),-0.433883739117558,-0.9009688679024191,-0.8660254037844384,-0.5000000000000004,10578.935145424986,10888.722211048536,-0.018059014711665676,41.29384672004088,0.5840275774438975,0.004935730061420784,0.1596572910461833
2020-09-12 00:00:00+00:00,10440.92,35379.153096,19.720634425234252,0.1596572910461833,0.4963592214135119,-0.3723542065911892,Neutral,-0.9749279121818236,-0.2225209339563146,-0.8660254037844384,-0.5000000000000004,10557.702046128836,10855.551676896794,-0.0110613129276229,42.33919776657935,0.42975917748317616,0.005104982821342974,-0.3723542065911892
2020-09-13 00:00:00+00:00,10332.83,43837.609865,19.93655188768157,-0.3723542065911892,0.4741480521408441,1.1129319418184316,Bearish (<49%),-0.7818314824680299,0.6234898018587334,-0.8660254037844384,-0.5000000000000004,10523.1063467244,10816.831552682217,-0.018081766016137334,40.746556305348314,0.45773922032342723,-0.01035253598341912,1.1129319418184316
2020-09-14 00:00:00+00:00,10671.77,67059.291361,20.37537447754576,1.1129319418184316,0.4754056076342736,0.3501349675593516,Bearish (<49%),0.0,1.0,-0.8660254037844384,-0.5000000000000004,10545.97767799757,10806.086252483536,0.011927990542297099,47.425019059382386,0.6112720769457121,0.03280224294796308,0.3501349675593516
2020-09-15 00:00:00+00:00,10785.31,61822.452786,20.317486421172475,0.3501349675593516,0.4811211127445867,0.5223044906552311,Bearish (<49%),0.7818314824680298,0.6234898018587336,-0.8660254037844384,-0.5000000000000004,10582.798035228712,10804.547270818088,0.019135956681508248,49.479223563247466,0.4402453602417599,0.010639284767194113,0.5223044906552311
2020-09-16 00:00:00+00:00,10954.01,64991.51244,20.378865239042167,0.5223044906552311,0.4883793359987238,-0.060095264233934,Bearish (<49%),0.9749279121818236,-0.2225209339563143,-0.8660254037844384,-0.5000000000000004,10639.907568270448,10815.618584090822,0.02952116169375809,52.45190615854335,0.44837610564749464,0.015641645905402957,-0.060095264233934
2020-09-17 00:00:00+00:00,10939.99,55601.614529,20.22075602209832,-0.060095264233934,0.4861356502678904,-0.0368080967178281,Bearish (<49%),0.4338837391175582,-0.900968867902419,-0.8660254037844384,-0.5000000000000004,10686.07409622884,10824.831281565575,0.023761383412152056,52.17713171332027,0.4704229060838537,-0.001279896585816509,-0.0368080967178281
2020-09-18 00:00:00+00:00,10933.39,47266.728275,20.061903979389484,-0.0368080967178281,0.487550560976499,0.4475213602721996,Bearish (<49%),-0.433883739117558,-0.9009688679024191,-0.8660254037844384,-0.5000000000000004,10724.122696809018,10832.872668116273,0.019513699078923218,52.03892663558278,0.48338143531369926,-0.0006032912278713942,0.4475213602721996
2020-09-19 00:00:00+00:00,11080.65,38440.036858,19.86442268816561,0.4475213602721996,0.5182892862615371,-0.5141701331559118,Bullish (>51%),-0.9749279121818236,-0.2225209339563146,-0.8660254037844384,-0.5000000000000004,10778.973051146093,10851.226544552104,0.027987540874483432,54.90879007134538,0.4876928144622907,0.013468832631050365,-0.5141701331559118
2020-09-20 00:00:00+00:00,10920.28,39157.922565,19.87186171582784,-0.5141701331559118,0.4963923796195902,-1.60154788318162,Neutral,-0.7818314824680299,0.6234898018587334,-0.8660254037844384,-0.5000000000000004,10800.712581739002,10856.341615326022,0.011070326828542169,51.30813451507209,0.5211333902885352,-0.014472977668277487,-1.60154788318162
2020-09-21 00:00:00+00:00,10417.22,70683.431179,20.436943899406145,-1.60154788318162,0.4757682250008136,0.355283233141088,Bearish (<49%),0.0,1.0,-0.8660254037844384,-0.5000000000000004,10741.713723009925,10823.814088264837,-0.0302087480059001,42.003373608993215,0.7434301102445524,-0.04606658437329458,0.355283233141088
2020-09-22 00:00:00+00:00,10529.61,43991.235476,19.94752478216469,0.355283233141088,0.4886760136738651,-0.9579068742310642,Bearish (<49%),0.7818314824680298,0.6234898018587336,-0.8660254037844384,-0.5000000000000004,10709.082381008398,10802.021192837812,-0.01675889442466855,44.428121760740616,0.743983748777532,0.010788866895390603,-0.9579068742310642
2020-09-23 00:00:00+00:00,10241.46,51876.568079,20.10589754564421,-0.9579068742310642,0.4821580868824921,1.6469920073220392,Bearish (<49%),0.9749279121818236,-0.2225209339563143,-0.8660254037844384,-0.5000000000000004,10637.140476237875,10760.498141516493,-0.03719801173273775,39.83029062872751,0.7390879887584516,-0.027365685908595005,1.6469920073220392
2020-09-24 00:00:00+00:00,10736.32,57676.619427,20.219946751915536,1.6469920073220392,0.4845430367216935,-0.1752083009318445,Bearish (<49%),0.4338837391175582,-0.900968867902419,-0.8660254037844384,-0.5000000000000004,10652.39886450897,10758.707168070827,0.007878144308943676,49.496663508636786,1.0586943646039473,0.04831928260228535,-0.1752083009318445
2020-09-25 00:00:00+00:00,10686.67,48101.117008,20.055098543122977,-0.1752083009318445,0.4899331201202777,0.118996165211716,Bearish (<49%),-0.433883739117558,-0.9009688679024191,-0.8660254037844384,-0.5000000000000004,10657.671346892204,10753.37108154706,0.002720918309819316,48.65214493127735,1.0587324021366342,-0.004624489583022862,0.118996165211716
2020-09-26 00:00:00+00:00,10728.6,28420.836659,19.534219337937028,0.118996165211716,0.5036632635678243,0.1304022592409703,Neutral,-0.9749279121818236,-0.2225209339563146,-0.8660254037844384,-0.5000000000000004,10668.583447370325,10751.53618661765,0.005625540909507382,49.436763248383,1.0367377578663592,0.003923579562202351,0.1304022592409703
2020-09-27 00:00:00+00:00,10774.25,30549.483253,19.60598817739312,0.1304022592409703,0.4943140820071665,-0.2656255110239989,Neutral,-0.7818314824680299,0.6234898018587334,-0.8660254037844384,-0.5000000000000004,10684.839840082583,10753.218691312639,0.00836794573017449,50.326701226973015,1.0287441614830652,0.004254982010700292,-0.2656255110239989
2020-09-28 00:00:00+00:00,10696.12,50095.251734,20.115310949107748,-0.2656255110239989,0.5034224291138484,0.448473015420679,Neutral,0.0,1.0,-0.8660254037844384,-0.5000000000000004,10686.575249300648,10748.989158622813,0.0008931533701573732,48.74538014373359,0.7942382425473077,-0.007251548831705201,0.448473015420679
2020-09-29 00:00:00+00:00,10840.48,41874.898399,19.923303355174944,0.448473015420679,0.4751313309329756,-0.2188898380817538,Bearish (<49%),0.7818314824680298,0.6234898018587336,-0.8660254037844384,-0.5000000000000004,10710.252903254395,10755.766257984085,0.012159105664632228,51.76137273060472,0.7995663063246501,0.013496482836766965,-0.2188898380817538
2020-09-30 00:00:00+00:00,10776.59,39596.027322,19.86825761933649,-0.2188898380817538,0.4725741690910333,-0.5189308966246184,Bearish (<49%),0.9749279121818236,-0.2225209339563143,-0.8660254037844384,-0.5000000000000004,10720.458610446027,10757.308757392671,0.00523591308857616,50.34928633114862,0.6693743720525736,-0.005893650465662037,-0.5189308966246184
2020-10-01 00:00:00+00:00,10619.13,60866.332893,20.295814272598967,-0.5189308966246184,0.4674172691332275,-0.1739829837941208,Bearish (<49%),0.4338837391175582,-0.900968867902419,-1.0,-1.8369701987210294e-16,10704.86959345433,10747.073293882102,-0.008009401021265867,46.94981478574051,0.3208654985076189,-0.01461130097739649,-0.1739829837941208
2020-10-02 00:00:00+00:00,10570.4,50130.393705,20.082453728622777,-0.1739829837941208,0.4812230816889412,-0.1083204202490783,Bearish (<49%),-0.433883739117558,-0.9009688679024191,-1.0,-1.8369701987210294e-16,10684.181963692126,10733.986383224168,-0.010649571869778149,45.91658127290474,0.3207980262551588,-0.004588888166921379,-0.1083204202490783
2020-10-03 00:00:00+00:00,10542.06,22298.221341,19.27578045322172,-0.1083204202490783,0.4822116848499176,0.3906511286669375,Bearish (<49%),-0.9749279121818236,-0.2225209339563146,-1.0,-1.8369701987210294e-16,10662.31704620103,10719.769614096453,-0.011278697273767273,45.29230455627403,0.30997674903000066,-0.0026810716718383976,0.3906511286669375
2020-10-04 00:00:00+00:00,10666.63,23212.001595,19.321866166537365,0.3906511286669375,0.5222848016954911,0.3891604786130618,Bullish (>51%),-0.7818314824680299,0.6234898018587334,-1.0,-1.8369701987210294e-16,10662.980577554717,10715.833346385603,0.0003422516264320764,48.600311277193065,0.35473049773913184,0.011816476096702111,0.3891604786130618
2020-10-05 00:00:00+00:00,10792.21,34025.761653,19.71309979849924,0.3891604786130618,0.4570532335351511,-0.6301092657214952,Bearish (<49%),0.0,1.0,-1.0,-1.8369701987210294e-16,10682.862027161684,10721.490876282965,0.010235831237012421,51.766648047602764,0.37819693819132116,0.011773165470256197,-0.6301092657214952
2020-10-06 00:00:00+00:00,10599.66,48674.740471,20.069437934070947,-0.6301092657214952,0.4764214390381028,0.200631578585481,Bearish (<49%),0.7818314824680298,0.6234898018587336,-1.0,-1.8369701987210294e-16,10670.061715290656,10712.466366928671,-0.006598060739402061,46.98713842972651,0.3983432051209276,-0.0178415727640584,0.200631578585481
2020-10-07 00:00:00+00:00,10666.39,32811.990279,19.668570609163098,0.200631578585481,0.4810240265766964,0.8202618643612621,Bearish (<49%),0.9749279121818236,-0.2225209339563143,-1.0,-1.8369701987210294e-16,10669.49683601517,10709.053302711733,-0.000291188615819633,48.753028976342414,0.41303613978892917,0.006295484949517149,0.8202618643612621
2020-10-08 00:00:00+00:00,10925.57,51959.691572,20.14221758664295,0.8202618643612621,0.5096758415569757,0.3779503807020455,Neutral,0.4338837391175582,-0.900968867902419,-1.0,-1.8369701987210294e-16,10708.892707397452,10725.091576584937,0.020233398402887372,55.02011832989777,0.47319032139397416,0.024298755248964188,0.3779503807020455
2020-10-09 00:00:00+00:00,11050.64,48240.073237,20.089937912130896,0.3779503807020455,0.5318945365182386,0.73948069386259,Bullish (>51%),-0.433883739117558,-0.9009688679024191,-1.0,-1.8369701987210294e-16,10761.46921395169,10749.206274615683,0.026870939301988087,57.707895901637436,0.4605128975254519,0.011447457661247773,0.73948069386259
2020-10-10 00:00:00+00:00,11293.22,43648.036943,20.01963431167964,0.73948069386259,0.5225253241236013,0.2149667661678828,Bullish (>51%),-0.9749279121818236,-0.2225209339563146,-1.0,-1.8369701987210294e-16,10843.277027189892,10789.503587607114,0.04149510998214471,62.40078527774244,0.47539210331976656,0.021951669767542814,0.2149667661678828
2020-10-11 00:00:00+00:00,11369.02,29043.851339,19.6143842643304,0.2149667661678828,0.4982274595783076,0.4659957945204872,Neutral,-0.7818314824680299,0.6234898018587334,-1.0,-1.8369701987210294e-16,10924.16056146837,10832.430729265847,0.040722528383621115,63.754220173174744,0.47610008722533576,0.006711991796848116,0.4659957945204872
2020-10-12 00:00:00+00:00,11528.25,52825.28371,20.220375058517764,0.4659957945204872,0.5085808808616809,-0.3375532968113651,Neutral,0.0,1.0,-1.0,-1.8369701987210294e-16,11017.097398165544,10883.972897468375,0.04639630415898544,66.48355557500193,0.479325643688681,0.014005604704715013,-0.3375532968113651
2020-10-13 00:00:00+00:00,11420.56,42205.283709,19.994830055044837,-0.3375532968113651,0.4583823849731534,-0.024090693830755,Bearish (<49%),0.7818314824680298,0.6234898018587336,-1.0,-1.8369701987210294e-16,11079.168567678536,10923.720090248495,0.030813813350345675,63.02686631533914,0.3873431411042607,-0.009341400472751782,-0.024090693830755
2020-10-14 00:00:00+00:00,11417.89,41415.106015,19.972504407254903,-0.024090693830755,0.4604613905876054,0.2468985519508939,Bearish (<49%),0.9749279121818236,-0.2225209339563143,-1.0,-1.8369701987210294e-16,11131.279557266455,10960.325268748606,0.025748202734378976,62.939490770845296,0.41082526423500554,-0.00023378888600911196,0.2468985519508939
2020-10-15 00:00:00+00:00,11505.12,48760.717679,20.13706351830839,0.2468985519508939,0.4925940144507855,-0.5718663048740271,Neutral,0.4338837391175582,-0.900968867902419,-1.0,-1.8369701987210294e-16,11188.793471533154,11000.680434026486,0.02827172824948944,64.6630739333178,0.3472677705856187,0.007639765315658353,-0.5718663048740271
2020-10-16 00:00:00+00:00,11319.32,48797.749502,20.13125004478102,-0.5718663048740271,0.4676771719372969,0.1082559582133015,Bearish (<49%),-0.433883739117558,-0.9009688679024191,-1.0,-1.8369701987210294e-16,11208.87447591267,11024.283364839339,0.009853400029117325,58.42975373250366,0.4538313252422455,-0.01614933177576605,0.1082559582133015
2020-10-17 00:00:00+00:00,11360.2,22368.915241,19.35120086009247,0.1082559582133015,0.4612662036953891,0.4170167314395912,Bearish (<49%),-0.9749279121818236,-0.2225209339563146,-1.0,-1.8369701987210294e-16,11232.155325772259,11049.166078554943,0.011399831155641374,59.35805184844316,0.35965045006726026,0.003611524367188146,0.4170167314395912
2020-10-18 00:00:00+00:00,11503.14,23284.041191,19.39957371488465,0.4170167314395912,0.5323872689158222,0.7269646738220106,Bullish (>51%),-0.7818314824680299,0.6234898018587334,-1.0,-1.8369701987210294e-16,11273.84527565345,11082.793776439763,0.020338643891248485,62.51046077318923,0.3855791212969269,0.012582524955546459,0.7269646738220106
2020-10-19 00:00:00+00:00,11751.47,47414.534692,20.12675283894724,0.7269646738220106,0.5212830895959475,0.4482284224539634,Bullish (>51%),0.0,1.0,-1.0,-1.8369701987210294e-16,11347.326002475997,11132.325348555336,0.03561579154734941,67.26148362623104,0.44175933848390475,0.021588018575797507,0.4482284224539634
2020-10-20 00:00:00+00:00,11909.99,62134.750663,20.41867574899606,0.4482284224539634,0.5135887485101438,2.5008967638376203,Bullish (>51%),0.7818314824680298,0.6234898018587336,-1.0,-1.8369701987210294e-16,11433.889694402766,11189.930137551237,0.04163939991744889,69.88508704128964,0.41686903078780757,0.013489376222719507,2.5008967638376203
2020-10-21 00:00:00+00:00,12780.96,114584.456767,21.0859084694014,2.5008967638376203,0.5151979022428942,0.4890332251953613,Bullish (>51%),0.9749279121818236,-0.2225209339563143,-1.0,-1.8369701987210294e-16,11641.131279879264,11307.78420143633,0.09791391340898585,79.57174976110404,0.9496358467372287,0.07312936450828245,0.4890332251953613
2020-10-22 00:00:00+00:00,12968.52,70038.824144,20.624305782202168,0.4890332251953613,0.4748722647830066,-0.1366657241819164,Bearish (<49%),0.4338837391175582,-0.900968867902419,-1.0,-1.8369701987210294e-16,11845.344929128609,11430.801667996602,0.09481995480852722,80.98982839764267,0.9409653094016583,0.014674953994066264,-0.1366657241819164
2020-10-23 00:00:00+00:00,12923.07,50386.999841,20.293528895339787,-0.1366657241819164,0.4899264804989047,0.486408683174507,Bearish (<49%),-0.433883739117558,-0.9009688679024191,-1.0,-1.8369701987210294e-16,12011.148786185746,11541.340062959818,0.0759228971389541,79.54877201939101,0.862648368661823,-0.003504640467840603,0.486408683174507
2020-10-24 00:00:00+00:00,13111.73,35952.20907,19.96461865294818,0.486408683174507,0.5113105718541039,-0.2336526854848682,Bullish (>51%),-0.9749279121818236,-0.2225209339563146,-1.0,-1.8369701987210294e-16,12180.4689729264,11657.665243481313,0.07645526860612016,81.05559452994396,0.8344076995073787,0.01459869829692173,-0.2336526854848682
2020-10-25 00:00:00+00:00,13028.83,38481.579504,20.03544852582209,-0.2336526854848682,0.4674643642974723,0.045664791495482,Bearish (<49%),-0.7818314824680299,0.6234898018587334,-1.0,-1.8369701987210294e-16,12310.986054014646,11759.233003223439,0.05830921608032068,78.32472487684427,0.9050313731704878,-0.006322582908586449,0.045664791495482
2020-10-26 00:00:00+00:00,13052.19,60951.672986,20.49309228605504,0.045664791495482,0.4857946180542267,1.5238674798419662,Bearish (<49%),0.0,1.0,-1.0,-1.8369701987210294e-16,12425.017430320084,11855.007595577259,0.050476594757079545,78.54409016276239,0.9269265557364363,0.0017929468724360298,1.5238674798419662
2020-10-27 00:00:00+00:00,13636.17,80811.01945,20.80521801561251,1.5238674798419662,0.4929264698318318,-0.9493425860138904,Neutral,0.7818314824680298,0.6234898018587336,-1.0,-1.8369701987210294e-16,12611.348594886225,11986.945551460425,0.08126184106347908,83.13833020527068,1.0003990686074409,0.04474191687371998,-0.9493425860138904
2020-10-28 00:00:00+00:00,13266.4,94440.561226,20.9571419501172,-0.9493425860138904,0.4594179843041332,0.4750657520542572,Bearish (<49%),0.9749279121818236,-0.2225209339563143,-1.0,-1.8369701987210294e-16,12712.125734134499,12081.719955055949,0.043602012555395656,72.54584909317633,0.770285887026523,-0.027116851725961233,0.4750657520542572
2020-10-29 00:00:00+00:00,13455.7,74872.602132,20.721131509750663,0.4750657520542572,0.4968873072210162,0.2509952284247165,Neutral,0.4338837391175582,-0.900968867902419,-1.0,-1.8369701987210294e-16,12826.521775036885,12183.496254681435,0.049052910523851405,74.34772900614797,0.7693544973249296,0.014269131037809801,0.2509952284247165
2020-10-30 00:00:00+00:00,13560.1,70657.778881,20.66861831030891,0.2509952284247165,0.4873998225729763,0.5700160331879957,Bearish (<49%),-0.433883739117558,-0.9009688679024191,-1.0,-1.8369701987210294e-16,12939.379963492749,12285.46690248281,0.047971389530144015,75.31016228331431,0.7572011448866441,0.007758793671083675,0.5700160331879957
2020-10-31 00:00:00+00:00,13791.0,67339.238515,20.64751639675109,0.5700160331879957,0.5319814485579648,-0.0896662092159577,Bullish (>51%),-0.9749279121818236,-0.2225209339563146,-1.0,-1.8369701987210294e-16,13070.39843064771,12396.987872669268,0.05513233381337555,77.33550694100032,0.7625888955043453,0.017027898024350785,-0.0896662092159577
2020-11-01 00:00:00+00:00,13761.5,36285.648526,20.028365859285405,-0.0896662092159577,0.4916418883134282,-0.5465835198098246,Neutral,-0.7818314824680299,0.6234898018587334,-0.8660254037844386,0.5000000000000001,13176.7217490096,12498.062845064136,0.0443796463285227,76.47239296281344,0.7495014584254936,-0.002139076209121904,-0.5465835198098246
2020-11-02 00:00:00+00:00,13549.37,64566.421908,20.588167495963734,-0.5465835198098246,0.4529170550238693,1.1884009741596746,Bearish (<49%),0.0,1.0,-0.8660254037844386,0.5000000000000001,13234.05224916197,12575.93744913346,0.023826243459028017,70.38883371379032,0.808925275626807,-0.015414744032263838,1.1884009741596746
2020-11-03 00:00:00+00:00,14023.53,74115.630787,20.732624000137037,1.1884009741596746,0.5172014718482787,0.2796472741823382,Bullish (>51%),0.7818314824680298,0.6234898018587336,-0.8660254037844386,0.5000000000000001,13355.510364675512,12683.166526975427,0.05001827837978834,75.14791752983041,0.7209389969505128,0.034994985006682855,0.2796472741823382
2020-11-04 00:00:00+00:00,14144.01,93016.988262,20.98090562433304,0.2796472741823382,0.4873696992672902,3.502637422156913,Bearish (<49%),0.9749279121818236,-0.2225209339563143,-0.8660254037844386,0.5000000000000001,13476.818000879279,12791.377154606877,0.04950664163285364,76.19483804198372,0.5422270545069117,0.008591274807412841,3.502637422156913
2020-11-05 00:00:00+00:00,15590.02,143741.522673,21.48026330622142,3.502637422156913,0.5022635476197103,-0.0383417172521512,Neutral,0.4338837391175582,-0.900968867902419,-0.8660254037844386,0.5000000000000001,13801.926000744004,12998.684032043404,0.1295539476997346,84.58706587916558,1.3327122007318917,0.1022347976281126,-0.0383417172521512
2020-11-06 00:00:00+00:00,15579.92,122618.197695,21.370191434338548,-0.0383417172521512,0.4773252391018191,-1.698541434238185,Bearish (<49%),-0.433883739117558,-0.9009688679024191,-0.8660254037844386,0.5000000000000001,14075.46353909108,13189.886696336485,0.10688503840251283,84.36335108304876,1.354586769038008,-0.0006478503555480408,-1.698541434238185
2020-11-07 00:00:00+00:00,14818.3,101431.206553,21.15277956306737,-1.698541434238185,0.4555291432608263,1.5094690619772215,Bearish (<49%),-0.9749279121818236,-0.2225209339563146,-0.8660254037844386,0.5000000000000001,14189.746071538606,13310.509904015264,0.04429634789040581,69.44747242847083,1.632399962985117,-0.048884718278399464,1.5094690619772215
2020-11-08 00:00:00+00:00,15475.1,65547.178574,20.72129527049482,1.5094690619772215,0.4756217059259689,-0.3422925457797387,Bearish (<49%),-0.7818314824680299,0.6234898018587334,-0.8660254037844386,0.5000000000000001,14387.492829763436,13470.849911125244,0.07559393308517445,73.75664478707995,1.6686673639131282,0.04432357287948019,-0.3422925457797387
2020-11-09 00:00:00+00:00,15328.41,108976.334134,21.23635765226801,-0.3422925457797387,0.47120732266382,-0.0860991621320237,Bearish (<49%),0.0,1.0,-0.8660254037844386,0.5000000000000001,14532.249317492138,13608.446954745596,0.05478578471328186,71.33666590475445,1.6469262937233187,-0.009479098681107079,-0.0860991621320237
2020-11-10 00:00:00+00:00,15297.21,61681.919606,20.66522893556129,-0.0860991621320237,0.469274736452663,0.8547461774303908,Bearish (<49%),0.7818314824680298,0.6234898018587336,-0.8660254037844386,0.5000000000000001,14649.9355763395,13733.54051365333,0.04418274881057398,70.80454499009252,1.645187358034418,-0.002035436160697679,0.8547461774303908
2020-11-11 00:00:00+00:00,15684.24,78469.746458,20.927369674902856,0.8547461774303908,0.5101329363212048,1.3173231188006376,Bullish (>51%),0.9749279121818236,-0.2225209339563143,-0.8660254037844386,0.5000000000000001,14809.059333825731,13878.036771901232,0.059097654107931566,73.45020156426831,1.6498113290149725,0.025300692086988485,1.3173231188006376
2020-11-12 00:00:00+00:00,16291.86,102196.356592,21.21108206854601,1.3173231188006376,0.493608388363513,0.044882213240504,Neutral,0.4338837391175582,-0.900968867902419,-0.8660254037844386,0.5000000000000001,15037.182513237158,14056.83849250114,0.08343833598204693,76.97750429910502,1.112585726411531,0.03874079968171884,0.044882213240504
2020-11-13 00:00:00+00:00,16320.7,75691.881014,20.930571517597272,0.044882213240504,0.4663872857575118,-0.5437800082547594,Bearish (<49%),-0.433883739117558,-0.9009688679024191,-0.8660254037844386,0.5000000000000001,15234.646741969902,14224.531937501055,0.07128837815701577,77.13279394194443,1.1098485437600842,0.0017702091719422608,-0.5437800082547594
2020-11-14 00:00:00+00:00,16070.45,59116.347179,20.66644769667564,-0.5437800082547594,0.4689864838409488,-0.2590170509368872,Bearish (<49%),-0.9749279121818236,-0.2225209339563146,-0.8660254037844386,0.5000000000000001,15363.231858589917,14361.266608797272,0.046033162027341416,72.55931406532366,0.824926090746559,-0.015333288400620093,-0.2590170509368872
2020-11-15 00:00:00+00:00,15957.0,43596.841513,20.36179617346812,-0.2590170509368872,0.4783206792579648,1.6158015255047002,Bearish (<49%),-0.7818314824680299,0.6234898018587334,-0.8660254037844386,0.5000000000000001,15454.58080342224,14479.469082219697,0.03250940306750384,70.51794077138932,0.6851388072085883,-0.007059540958716193,1.6158015255047002
2020-11-16 00:00:00+00:00,16713.57,81300.675924,21.012742308929287,1.6158015255047002,0.508854486002957,1.9316281774991584,Neutral,0.0,1.0,-0.8660254037844386,0.5000000000000001,15648.271449049587,14644.958039092313,0.06807771416919754,75.47351391910502,0.8377467753196498,0.04741304756533182,1.9316281774991584
2020-11-17 00:00:00+00:00,17659.38,115221.403102,21.40775165166326,1.9316281774991584,0.505653125447738,0.2114788577118131,Neutral,0.7818314824680298,0.6234898018587336,-0.8660254037844386,0.5000000000000001,15957.67276458042,14868.248554715105,0.10663881008994511,79.999527059046,0.9709080406573536,0.05658934626175016,0.2114788577118131
2020-11-18 00:00:00+00:00,17776.12,149019.788134,21.70284603602757,0.2114788577118131,0.4926375026918342,0.0356516018203392,Neutral,0.9749279121818236,-0.2225209339563143,-0.8660254037844386,0.5000000000000001,16237.433877721895,15083.646439551023,0.09476165592823227,80.47837423791496,0.985129974194908,0.006610651110061427,0.0356516018203392
2020-11-19 00:00:00+00:00,17802.82,93009.561008,21.22815038473065,0.0356516018203392,0.4878700357170489,1.6327447945945914,Bearish (<49%),0.4338837391175582,-0.900968867902419,-0.8660254037844386,0.5000000000000001,16478.262511918525,15285.066703287983,0.08038210867944594,80.5928188583261,0.9517948725136857,0.0015020150629045936,1.6327447945945914
2020-11-20 00:00:00+00:00,18655.67,88423.018489,21.207625386702063,1.6327447945945914,0.4925132936444331,0.0727503072849409,Neutral,-0.433883739117558,-0.9009688679024191,-0.8660254037844386,0.5000000000000001,16813.248279315674,15534.741021562948,0.10958154486726664,83.84972596414167,1.0296832114727377,0.04790533185192003,0.0727503072849409
2020-11-21 00:00:00+00:00,18703.8,75577.458394,21.069434900780973,0.0727503072849409,0.4867601461432653,-0.5485261773778954,Bearish (<49%),-0.9749279121818236,-0.2225209339563146,-0.8660254037844386,0.5000000000000001,17104.102390190186,15769.486131076805,0.09352713011863731,84.01278453500979,0.9311431630414845,0.0025799127021437496,-0.5485261773778954
2020-11-22 00:00:00+00:00,18414.43,81645.737778,21.1271714296784,-0.5485261773778954,0.4796873351367169,-0.1028246274945516,Bearish (<49%),-0.7818314824680299,0.6234898018587334,-0.8660254037844386,0.5000000000000001,17305.69125323785,15965.40789914519,0.06406786822541458,78.85776265478441,0.988054099887957,-0.015471187673093079,-0.1028246274945516
2020-11-23 00:00:00+00:00,18368.0,82961.506093,21.147921829502643,-0.1028246274945516,0.4774667491281509,1.4680108819679092,Bearish (<49%),0.0,1.0,-0.8660254037844386,0.5000000000000001,17469.123368124332,16143.377684393694,0.051455165375718606,78.03043220479664,0.9368999697465443,-0.0025213921907981662,1.4680108819679092
2020-11-24 00:00:00+00:00,19160.01,113581.509241,21.486545915796118,1.4680108819679092,0.5122242279643772,-0.808044996284721,Bullish (>51%),0.7818314824680298,0.6234898018587336,-0.8660254037844386,0.5000000000000001,17729.25977302828,16366.831929994161,0.08069994152538365,81.58044800145103,0.8254381723350629,0.043119011324041834,-0.808044996284721
2020-11-25 00:00:00+00:00,18719.11,93266.576887,21.29699346640088,-0.808044996284721,0.4779319478188452,-2.9020426951385963,Bearish (<49%),0.9749279121818236,-0.2225209339563143,-0.8660254037844386,0.5000000000000001,17881.544423331623,16541.074749994594,0.04683966646502481,74.37547070274303,0.9446767387772894,-0.023011470244535204,-2.9020426951385963
2020-11-26 00:00:00+00:00,17149.47,181005.246693,21.8634403718743,-2.9020426951385963,0.4667202231672495,-0.0360131050447955,Bearish (<49%),0.4338837391175582,-0.900968867902419,-0.8660254037844386,0.5000000000000001,17768.917588972912,16586.14106480981,-0.03486130125097376,55.56199606356029,1.528116970212157,-0.08385227716488652,-0.0360131050447955
2020-11-27 00:00:00+00:00,17139.52,85297.024787,21.09253044346232,-0.0360131050447955,0.4983451479010847,1.149309046756622,Neutral,-0.433883739117558,-0.9009688679024191,-0.8660254037844386,0.5000000000000001,17672.087190669386,16627.13209704612,-0.030136066267858502,55.46621590989312,1.3154261950586188,-0.000580192857272066,1.149309046756622
2020-11-28 00:00:00+00:00,17719.85,64910.69997,20.843766602987724,1.149309046756622,0.489683625545411,0.887407351165427,Bearish (<49%),-0.9749279121818236,-0.2225209339563146,-0.8660254037844386,0.5000000000000001,17679.43531518179,16708.074163931593,0.0022859714746378125,59.817082622343875,1.4382171272764668,0.033859174585985974,0.887407351165427
2020-11-29 00:00:00+00:00,18184.99,55329.016303,20.720004322851903,0.887407351165427,0.503966763900122,2.843508705695431,Neutral,-0.7818314824680299,0.6234898018587334,-0.8660254037844386,0.5000000000000001,17757.212958999975,16817.475336973697,0.024090325547580616,62.94215241255594,1.490704128167855,0.02624965786956457,2.843508705695431
2020-11-30 00:00:00+00:00,19695.87,115463.466888,21.51441462648425,2.843508705695431,0.5285950313808145,-1.6427678064674032,Bullish (>51%),0.0,1.0,-0.8660254037844386,0.5000000000000001,18055.467888384595,17030.689756457126,0.09085348115906226,70.86762423814152,1.8465185795379113,0.08308390601259585,-1.6427678064674032
2020-12-01 00:00:00+00:00,18764.96,127698.762652,21.617748628838367,-1.6427678064674032,0.4996555297241221,0.7893837262366725,Neutral,0.7818314824680298,0.6234898018587336,-0.5000000000000004,0.8660254037844384,18164.62052094081,17159.15421894178,0.03304993233231027,62.06070440894623,1.911881997629288,-0.047264223413334916,0.7893837262366725
2020-12-02 00:00:00+00:00,19204.09,75911.013478,21.085750612460004,0.7893837262366725,0.479794547974985,0.374315777589752,Bearish (<49%),0.9749279121818236,-0.2225209339563143,-0.5000000000000004,0.8660254037844384,18324.53890233453,17310.630943464614,0.04799853913668821,64.31363873665437,1.9047990211805395,0.023401595313818913,0.374315777589752
2020-12-03 00:00:00+00:00,19421.9,66689.391279,20.97522874111992,0.374315777589752,0.5078520143677617,-1.3830108048484098,Neutral,0.4338837391175582,-0.900968867902419,-0.5000000000000004,0.8660254037844384,18493.363686590757,17467.02124394872,0.05020916308927136,65.41079684470594,1.3500060698324337,0.011341854781976135,-1.3830108048484098
2020-12-04 00:00:00+00:00,18650.52,71283.6682,21.029337756120217,-1.3830108048484098,0.4540093759512785,0.9013774479996716,Bearish (<49%),-0.433883739117558,-0.9009688679024191,-0.5000000000000004,0.8660254037844384,18517.54158096141,17554.687818471037,0.007181213470329721,58.54583402746899,1.54203727450842,-0.03971702047688441,0.9013774479996716
2020-12-05 00:00:00+00:00,19147.66,42922.748573,20.51678940693525,0.9013774479996716,0.4976442793422692,0.3645554658682186,Neutral,-0.9749279121818236,-0.2225209339563146,-0.5000000000000004,0.8660254037844384,18614.482876198115,17672.685757843552,0.02864313380865633,61.36042993480757,1.5255523880834831,0.026655557056854073,0.3645554658682186
2020-12-06 00:00:00+00:00,19359.4,37043.091861,20.380154114656584,0.3645554658682186,0.5131701137240554,-0.3582758038799177,Bullish (>51%),-0.7818314824680299,0.6234898018587334,-0.5000000000000004,0.8660254037844384,18729.085510629175,17797.627553558847,0.03365431211326945,62.52742831479922,1.5101902705835095,0.011058270305614348,-0.3582758038799177
2020-12-07 00:00:00+00:00,19166.9,41372.296293,20.491986364455297,-0.3582758038799177,0.4563876725690644,-1.5294268127193111,Bearish (<49%),0.0,1.0,-0.5000000000000004,0.8660254037844384,18796.441585916993,17899.055142184116,0.01970896525226189,60.73159845641971,1.0261786591252875,-0.009943489984193699,-1.5294268127193111
2020-12-08 00:00:00+00:00,18324.11,61626.947614,20.87225298931374,-1.5294268127193111,0.4512859972263496,0.3918599694706041,Bearish (<49%),0.7818314824680298,0.6234898018587336,-0.5000000000000004,0.8660254037844384,18723.775188083608,17930.540687207515,-0.02134533148731493,53.48844161429947,0.9989818288016619,-0.04397111687335986,0.3918599694706041
2020-12-09 00:00:00+00:00,18541.28,79585.553801,21.094919502466936,0.3918599694706041,0.4625086781332103,-0.5481444860217086,Bearish (<49%),0.9749279121818236,-0.2225209339563143,-0.5000000000000004,0.8660254037844384,18695.699005301514,17975.780636303254,-0.008259600524041762,54.97848337114711,0.9486931567847023,0.01185159879524833,-0.5481444860217086
2020-12-10 00:00:00+00:00,18254.63,52890.675094,20.688829172123853,-0.5481444860217086,0.4841043912465513,-0.4272544169143358,Bearish (<49%),0.4338837391175582,-0.900968867902419,-0.5000000000000004,0.8660254037844384,18627.842235255128,17996.436144725234,-0.020035183385265307,52.58391488461012,0.9230794204125937,-0.015460097684733665,-0.4272544169143358
2020-12-11 00:00:00+00:00,18036.53,72610.724259,20.9864617918542,-0.4272544169143358,0.4709357855876445,1.45740625693506,Bearish (<49%),-0.433883739117558,-0.9009688679024191,-0.5000000000000004,0.8660254037844384,18536.871122138953,17999.40605993077,-0.026991670754045807,50.77196217772471,0.8001993973453352,-0.011947653828097482,1.45740625693506
2020-12-12 00:00:00+00:00,18808.69,49519.978432,20.63503863303634,1.45740625693506,0.5261781905616157,0.6542409313708079,Bullish (>51%),-0.9749279121818236,-0.2225209339563146,-0.5000000000000004,0.8660254037844384,18578.68941104065,18059.353018454414,0.012379806985882837,56.488514355102005,0.9399273989673044,0.04281089544385752,0.6542409313708079
2020-12-13 00:00:00+00:00,19174.99,56560.821744,20.80348136269668,0.6542409313708079,0.523214907201013,0.1601275709435382,Bullish (>51%),-0.7818314824680299,0.6234898018587334,-0.5000000000000004,0.8660254037844384,18670.427963188242,18141.992794865197,0.027024663698474675,58.92526303267076,0.9693350370844839,0.019475040526480303,0.1601275709435382
2020-12-14 00:00:00+00:00,19273.14,47257.201294,20.6246620958322,0.1601275709435382,0.4794499627695198,0.2576984934775445,Bearish (<49%),0.0,1.0,-0.5000000000000004,0.8660254037844384,18763.152891928512,18225.781476727032,0.02718024582589595,59.578480117317234,0.9617528665672526,0.005118646737234167,0.2576984934775445
2020-12-15 00:00:00+00:00,19426.43,61834.366011,20.90255072767161,0.2576984934775445,0.5044793512308468,3.366275352417832,Neutral,0.7818314824680298,0.6234898018587336,-0.5000000000000004,0.8660254037844384,18865.19552393951,18314.71840437688,0.02974973014980397,60.631507660903075,0.675737253477998,0.007953556088940328,3.366275352417832
2020-12-16 00:00:00+00:00,21335.52,114306.33557,21.567044351111228,3.366275352417832,0.5357993681592045,2.3418179816840494,Bullish (>51%),0.9749279121818236,-0.2225209339563143,-0.5000000000000004,0.8660254037844384,19245.24544333343,18538.481485534146,0.10861251745639033,70.82521251232188,1.3540299890486154,0.098272816981813,2.3418179816840494
2020-12-17 00:00:00+00:00,22797.16,184882.476748,22.157551368702983,2.3418179816840494,0.4998278187551361,0.4523206051848232,Neutral,0.4338837391175582,-0.900968867902419,-0.5000000000000004,0.8660254037844384,19791.69383666675,18853.939153272357,0.15185492399671344,75.95799299772166,1.3495774598457542,0.06850735299631783,0.4523206051848232
2020-12-18 00:00:00+00:00,23107.39,79646.134315,21.322583190151487,0.4523206051848232,0.48162164413767,1.047761555830656,Bearish (<49%),-0.433883739117558,-0.9009688679024191,-0.5000000000000004,0.8660254037844384,20301.800938718017,19169.009586363292,0.13819409764438093,76.88743273117213,1.2163397608291204,0.013608274013078736,1.047761555830656
2020-12-19 00:00:00+00:00,23821.61,86045.064677,21.42585325733812,1.047761555830656,0.4963574803310737,-0.5449739740034252,Neutral,-0.9749279121818236,-0.2225209339563146,-0.5000000000000004,0.8660254037844384,20843.31002506909,19513.646654040087,0.14288997147520174,78.9089676649817,1.2140681713916959,0.030908726602182357,-0.5449739740034252
2020-12-20 00:00:00+00:00,23455.52,76690.145685,21.317068853218128,-0.5449739740034252,0.4840793432638007,-1.095741130700074,Bearish (<49%),-0.7818314824680299,0.6234898018587334,-0.5000000000000004,0.8660254037844384,21245.188482750767,19805.63727225934,0.10403915780948843,75.27465427607552,1.3750377149338395,-0.015367978906547508,-1.095741130700074
2020-12-21 00:00:00+00:00,22719.71,88030.297243,21.43398094085226,-1.095741130700074,0.4769158734873909,1.6368118750755656,Bearish (<49%),0.0,1.0,-0.5000000000000004,0.8660254037844384,21472.037946942957,20021.49451135124,0.0581068297354922,68.45069569825124,1.572411980160916,-0.03137044073207507,1.6368118750755656
2020-12-22 00:00:00+00:00,23810.79,87033.12616,21.42177791081798,1.6368118750755656,0.4904032359993077,-0.8515660741021664,Neutral,0.7818314824680298,0.6234898018587336,-0.5000000000000004,0.8660254037844384,21831.84595510558,20302.183066065965,0.0906448336509826,72.44036313326309,1.5748339718845001,0.04802350029995983,-0.8515660741021664
2020-12-23 00:00:00+00:00,23232.76,119047.259733,21.7520592012798,-0.8515660741021664,0.4759471329964073,0.7193956833205226,Bearish (<49%),0.9749279121818236,-0.2225209339563143,-0.5000000000000004,0.8660254037844384,22047.371192781644,20519.262838949966,0.053765539521847996,67.5656262140062,1.317469983115887,-0.024275969003968445,0.7193956833205226
2020-12-24 00:00:00+00:00,23729.2,69013.834252,21.194764750245508,0.7193956833205226,0.5185787995536973,1.4101245559254678,Bullish (>51%),0.4338837391175582,-0.900968867902419,-0.5000000000000004,0.8660254037844384,22306.114086199854,20757.03596199071,0.06379802005408773,69.46606716900618,1.0373124759418044,0.021368102627496777,1.4101245559254678
2020-12-25 00:00:00+00:00,24712.47,79519.943569,21.37546930550994,1.4101245559254678,0.5183490620593049,2.4642859108704744,Bullish (>51%),-0.433883739117558,-0.9009688679024191,-0.5000000000000004,0.8660254037844384,22676.322688322954,21050.031075917326,0.08979177707351771,72.85823724658486,1.1354611884770847,0.04143713230955948,2.4642859108704744
2020-12-26 00:00:00+00:00,26493.39,97806.513386,21.63816883242992,2.4642859108704744,0.5095676386633566,-0.2911033812944746,Neutral,-0.9749279121818236,-0.2225209339563146,-0.5000000000000004,0.8660254037844384,23263.563813196346,21453.242848071597,0.13883625968655422,77.69224227499755,1.3834858055872299,0.07206564135434457,-0.2911033812944746
2020-12-27 00:00:00+00:00,26281.66,148455.586214,22.116766342299535,-0.2911033812944746,0.4893675094130533,1.0286645753770538,Bearish (<49%),-0.7818314824680299,0.6234898018587334,-0.5000000000000004,0.8660254037844384,23727.88630347383,21810.90337784407,0.10762752585139826,75.96012462860999,1.3534879006537717,-0.007991804748278653,1.0286645753770538
2020-12-28 00:00:00+00:00,27079.41,79721.742496,21.48957370224881,1.0286645753770538,0.4753451747859297,0.3723575182293003,Bearish (<49%),0.0,1.0,-0.5000000000000004,0.8660254037844384,24243.50533370863,22201.1631276334,0.1169758509446353,77.95442369338117,1.1387996817247092,0.03035386653658856,0.3723575182293003
2020-12-29 00:00:00+00:00,27385.0,69411.592606,21.339325267017784,0.3723575182293003,0.4938212957533706,1.857276438653333,Neutral,0.7818314824680298,0.6234898018587336,-0.5000000000000004,0.8660254037844384,24726.81220544576,22585.151044105,0.10750224381810158,78.68391890657968,1.097120783205755,0.011284957833276321,1.857276438653333
2020-12-30 00:00:00+00:00,28875.54,95356.057826,21.710556633199253,1.857276438653333,0.5039837789193549,0.041275733039302,Neutral,0.9749279121818236,-0.2225209339563143,-0.5000000000000004,0.8660254037844384,25365.078019992565,23051.105781578703,0.13839744459845604,81.84035824212248,0.9258096805453432,0.05442906700748584,0.041275733039302
2020-12-31 00:00:00+00:00,28923.63,75508.505152,21.499650673777957,0.041275733039302,0.4824836885151213,0.469526459121378,Bearish (<49%),0.4338837391175582,-0.900968867902419,-0.5000000000000004,0.8660254037844384,25912.547555378325,23486.107575535836,0.11620171417675623,81.9333114679038,1.0021772661525739,0.0016654233998740775,0.469526459121378
2021-01-01 00:00:00+00:00,29331.69,54182.925011,21.18228876659981,0.469526459121378,0.5067242442047201,3.324188259791182,Neutral,-0.433883739117558,-0.9009688679024191,0.0,1.0,26438.569469935508,23919.1136810517,0.10942802837174638,82.74061426212597,0.998456448056037,0.014108187665241134,3.324188259791182
2021-01-02 00:00:00+00:00,32178.33,129993.873362,22.12785241165186,3.324188259791182,0.5188421846480344,0.862860074096191,Bullish (>51%),-0.9749279121818236,-0.2225209339563146,0.0,1.0,27321.609551483893,24530.907482455274,0.17776113956113287,87.07839476855072,1.2512289268501988,0.09704998245924479,0.862860074096191
2021-01-03 00:00:00+00:00,33000.05,120957.56675,22.12385711472782,0.862860074096191,0.4939776359299159,-1.0708289288829578,Neutral,-0.7818314824680299,0.6234898018587334,0.0,1.0,28195.215774332526,25158.251372643772,0.17041310356069525,88.01479937036703,1.126964170965097,0.025536440206810118,-1.0708289288829578
2021-01-04 00:00:00+00:00,31988.71,140899.88569,22.21144199868658,-1.0708289288829578,0.4903372979450428,2.0936632178184174,Neutral,0.0,1.0,0.0,1.0,28778.83027058906,25664.211270966458,0.11153614303397598,80.3016855152393,1.405445076548553,-0.03064662023239373,2.0936632178184174
2021-01-05 00:00:00+00:00,33949.53,116049.997038,22.04331813195879,2.0936632178184174,0.5143623979193573,2.8426677074106945,Bullish (>51%),0.7818314824680298,0.6234898018587336,0.0,1.0,29574.322536652282,26277.9385842282,0.1479393976962752,83.34853923415714,1.4601853487139738,0.061297251436522426,2.8426677074106945
2021-01-06 00:00:00+00:00,36769.36,127139.20131,22.21210646335066,2.8426677074106945,0.4959360606510326,2.476559746826684,Neutral,0.9749279121818236,-0.2225209339563143,0.0,1.0,30681.251377167315,27055.080911322406,0.1984309097432511,86.56650510632765,1.5891253241374887,0.08305947092640165,2.476559746826684
2021-01-07 00:00:00+00:00,39432.28,132825.700437,22.345140085260592,2.476559746826684,0.4897780092404332,0.988172132329634,Bearish (<49%),0.4338837391175582,-0.900968867902419,0.0,1.0,32027.563472987727,27971.910473446675,0.2311982468868561,88.77304147478745,1.5533828112361914,0.0724222559217782,0.988172132329634
2021-01-08 00:00:00+00:00,40582.81,139789.957499,22.44038135607996,0.988172132329634,0.481437697099818,-0.4354983364610218,Bearish (<49%),-0.433883739117558,-0.9009688679024191,0.0,1.0,33343.75524637423,28906.05117911729,0.21710376351244762,89.57016226853038,1.5036490715972055,0.029177364331963496,-0.4354983364610218
2021-01-09 00:00:00+00:00,40088.22,75785.979675,21.839973096074026,-0.4354983364610218,0.4883135649588738,-1.6800815060098553,Bearish (<49%),-0.9749279121818236,-0.2225209339563146,0.0,1.0,34381.3652084705,29734.359980664158,0.16598685819850767,86.71972187597893,1.4752228288270053,-0.012187179744330034,-1.6800815060098553
2021-01-10 00:00:00+00:00,38150.02,118209.544503,22.250198871111017,-1.6800815060098553,0.4690936328884401,-2.4929861417439603,Bearish (<49%),-0.7818314824680299,0.6234898018587334,0.0,1.0,34961.15825332119,30357.742204318663,0.09121155894129665,76.45197292889227,1.8188075509167032,-0.04834836767509265,-2.4929861417439603
2021-01-11 00:00:00+00:00,35404.47,251156.138287,22.863064908058863,-2.4929861417439603,0.4906971003080559,-1.3315560488311244,Neutral,0.0,1.0,0.0,1.0,35029.36006050255,30731.573892887653,0.010708443969560492,64.75562415479638,2.1113428350255705,-0.07196719687171849,-1.3315560488311244
2021-01-12 00:00:00+00:00,34051.24,133948.151996,22.260413108399348,-1.3315560488311244,0.485996329370367,3.3398224573484523,Bearish (<49%),0.7818314824680298,0.6234898018587336,0.0,1.0,34878.880051194465,30977.475086007085,-0.02372897438162219,59.89202728950773,2.08852722108527,-0.03822200981966406,3.3398224573484523
2021-01-13 00:00:00+00:00,37371.38,124477.914938,22.18718689871762,3.3398224573484523,0.5139950997561913,1.6169333726779165,Bullish (>51%),0.9749279121818236,-0.2225209339563143,0.0,1.0,35262.34158177993,31451.09767222878,0.059809936709075674,66.53344183962263,2.2044595498563835,0.09750423185763579,1.6169333726779165
2021-01-14 00:00:00+00:00,39144.5,102950.389421,22.103246971056368,1.6169333726779165,0.4979531148965521,-2.128239715660641,Neutral,0.4338837391175582,-0.900968867902419,0.0,1.0,35859.59672304455,32020.97932613776,0.09160457944705386,69.44348918571502,2.071461743304278,0.04744593322483692,-2.128239715660641
2021-01-15 00:00:00+00:00,36742.22,118300.920916,22.19839237234588,-2.128239715660641,0.4880607333648493,-0.7160086305892436,Bearish (<49%),-0.433883739117558,-0.9009688679024191,0.0,1.0,35995.384919499236,32370.70085753496,0.020748078737621533,61.62510738988665,2.1569843931709145,-0.06136954105940806,-0.7160086305892436
2021-01-16 00:00:00+00:00,35994.98,86348.431508,21.87978229306181,-0.7160086305892436,0.491270344986751,-0.1751237650787371,Neutral,-0.9749279121818236,-0.2225209339563146,0.0,1.0,35995.32262419166,32639.165979199035,-9.518575378184382e-06,59.385425278754916,2.159393301800605,-0.020337366658846334,-0.1751237650787371
2021-01-17 00:00:00+00:00,35828.61,80157.727384,21.768161912448,-0.1751237650787371,0.4929485883713711,0.7550063995763885,Neutral,-0.7818314824680299,0.6234898018587334,0.0,1.0,35969.67452816218,32875.421091850956,-0.003921762707408738,58.87239852915521,2.094472218467823,-0.004622033405769388,0.7550063995763885
2021-01-18 00:00:00+00:00,36631.27,70698.11875,21.66125671254592,0.7550063995763885,0.503853662273015,-0.7111195117840218,Neutral,0.0,1.0,0.0,1.0,36071.45844690646,33153.63212208422,0.015519515350828558,60.63911275530657,1.8672685919096006,0.02240276695076915,-0.7111195117840218
2021-01-19 00:00:00+00:00,35891.49,79611.307769,21.800092022306742,-0.7111195117840218,0.4861706547053017,-0.4219235962980699,Bearish (<49%),0.7818314824680298,0.6234898018587336,0.0,1.0,36043.770993536236,33356.43640933724,-0.004224890718663901,58.15936104337348,1.7961337184577086,-0.02019531400358221,-0.4219235962980699
2021-01-20 00:00:00+00:00,35468.23,89368.422918,21.863250718454346,-0.4219235962980699,0.476081290099957,-4.49735488676991,Bearish (<49%),0.9749279121818236,-0.2225209339563143,0.0,1.0,35955.22622529989,33512.86556420115,-0.013544518458827374,56.72995015012444,1.189403860004519,-0.011792767589197228,-4.49735488676991
2021-01-21 00:00:00+00:00,30850.13,135004.076658,22.201862127278687,-4.49735488676991,0.4685503728027726,2.321267053201607,Bearish (<49%),0.4338837391175582,-0.900968867902419,0.0,1.0,35169.82680602298,33315.625892778844,-0.12282394308757912,44.01808234135275,1.7150698703527802,-0.13020384721763678,2.321267053201607
2021-01-22 00:00:00+00:00,32945.17,142971.684049,22.22362429860848,2.321267053201607,0.4906579153880411,-0.921972320935207,Neutral,-0.433883739117558,-0.9009688679024191,0.0,1.0,34827.57191278868,33288.184715535965,-0.054049186015676876,49.54192516183678,2.0702607925139698,0.06791024867642359,-0.921972320935207
2021-01-23 00:00:00+00:00,32078.0,64595.287675,21.459998372391063,-0.921972320935207,0.5059312730740927,0.1791228893695197,Neutral,-0.9749279121818236,-0.2225209339563146,0.0,1.0,34404.56084928273,33198.541403274045,-0.06762361709759289,47.45469962778634,2.075429301324214,-0.026321612545936124,0.1791228893695197
2021-01-24 00:00:00+00:00,32259.9,57978.037966,21.34631757342692,0.1791228893695197,0.4799424087672308,-0.022125482415558,Bearish (<49%),-0.7818314824680299,0.6234898018587334,0.0,1.0,34074.613026316154,33129.01241043893,-0.053257039923377325,47.95006972801946,2.0895566651480646,0.005670553026996705,-0.022125482415558
2021-01-25 00:00:00+00:00,32254.2,88499.226921,21.808035858141512,-0.022125482415558,0.5027108787256883,0.2118509862224971,Neutral,0.0,1.0,0.0,1.0,33794.549483805975,33064.21149114716,-0.04557982004003619,47.93481958741525,2.033453895898486,-0.00017668994634212343,0.2118509862224971
2021-01-26 00:00:00+00:00,32467.77,84972.20691,21.719677561858514,0.2118509862224971,0.4990139065343008,-2.2438789425966026,Neutral,0.7818314824680298,0.6234898018587336,0.0,1.0,33590.42956322044,33020.030639951074,-0.03342200673877907,48.594516015409354,2.053511933750615,0.0066214632512975324,-2.2438789425966026
2021-01-27 00:00:00+00:00,30366.15,95911.961711,21.807806726766117,-2.2438789425966026,0.486533491814172,3.382758588465241,Bearish (<49%),0.9749279121818236,-0.2225209339563143,0.0,1.0,33094.386553494216,32823.44688884359,-0.08243804577203014,42.84191494148931,2.1619386594002394,-0.06472942243954538,3.382758588465241
2021-01-28 00:00:00+00:00,33364.86,92621.145617,21.80627476183914,3.382758588465241,0.4973786711351642,0.8992948134666627,Neutral,0.4338837391175582,-0.900968867902419,0.0,1.0,33135.99785295664,32863.55156374406,0.006906752832944684,51.63897321080679,1.8967763429848559,0.09875173507342883,0.8992948134666627
2021-01-29 00:00:00+00:00,34252.2,231827.005626,22.82686244874563,0.8992948134666627,0.5026905624403667,-0.0053126407741288,Neutral,-0.433883739117558,-0.9009688679024191,0.0,1.0,33307.721260194085,32966.41441087413,0.028356149987800425,53.89997662726907,1.7271949466667136,0.0265950464051099,-0.0053126407741288
2021-01-30 00:00:00+00:00,34262.88,84889.68134,21.782617433480624,-0.0053126407741288,0.4996893194722411,-1.1912288802003443,Neutral,-0.9749279121818236,-0.2225209339563146,0.0,1.0,33454.66875862576,33062.44889895753,0.02415839915216173,53.92789625515326,1.6603329421166428,0.00031180478918146903,-1.1912288802003443
2021-01-31 00:00:00+00:00,33092.98,68742.280384,21.55166089364893,-1.1912288802003443,0.4724959250196759,0.4346938440534832,Bearish (<49%),-0.7818314824680299,0.6234898018587334,0.0,1.0,33399.0243342218,33064.71046199772,-0.009163271691988169,50.331940602309466,1.7606460560590818,-0.03414482378597461,0.4346938440534832
2021-02-01 00:00:00+00:00,33526.37,82718.276882,21.74994402509588,0.4346938440534832,0.5060047557048191,1.975396237068593,Neutral,0.0,1.0,0.4999999999999999,0.8660254037844387,33418.615975110755,33098.9074648127,0.0032243712597044578,51.61897669757018,1.7617837418694762,0.013096130961913977,1.975396237068593
2021-02-02 00:00:00+00:00,35466.24,78056.65988,21.72254455814646,1.975396237068593,0.5024114939876928,2.072941506822491,Neutral,0.7818314824680298,0.6234898018587336,0.4999999999999999,0.8660254037844387,33733.63505586294,33274.26543038213,0.05136134725083318,56.991147526322,1.8835451546151372,0.057861021041049066,2.072941506822491
2021-02-03 00:00:00+00:00,37618.87,80784.333663,21.8054888143044,2.072941506822491,0.4934505646390901,-0.6402008330853655,Neutral,0.9749279121818236,-0.2225209339563143,0.4999999999999999,0.8660254037844387,34331.3635088071,33596.087991094566,0.09575811022913637,62.029643176479205,1.5207351566832656,0.06069518505485805,-0.6402008330853655
2021-02-04 00:00:00+00:00,36936.66,92080.735898,21.962413398502196,-0.6402008330853655,0.4943076664854132,1.2452242481603562,Neutral,0.4338837391175582,-0.900968867902419,0.4999999999999999,0.8660254037844387,34732.17835360601,33843.537769532006,0.06347087199513694,59.64485718594508,1.240295486876734,-0.018134781826248392,1.2452242481603562
2021-02-05 00:00:00+00:00,38290.24,66681.334275,21.643261015577817,1.2452242481603562,0.4912376962330962,0.7899655589243879,Neutral,-0.433883739117558,-0.9009688679024191,0.4999999999999999,0.8660254037844387,35279.57245305124,34172.92311993704,0.08533741589287246,62.708319972372024,1.2651956041397292,0.03664597719447271,0.7899655589243879
2021-02-06 00:00:00+00:00,39186.94,98757.311183,22.08989182473433,0.7899655589243879,0.5267003803456519,-0.3596767306567596,Bullish (>51%),-0.9749279121818236,-0.2225209339563146,0.4999999999999999,0.8660254037844387,35880.70592181259,34544.33177771948,0.09214517923343003,64.62419834574955,1.2418900623902098,0.023418500380253615,-0.3596767306567596
2021-02-07 00:00:00+00:00,38795.69,84363.679763,21.903925402562244,-0.3596767306567596,0.4831983274498933,6.707836105076168,Bearish (<49%),-0.7818314824680299,0.6234898018587334,0.4999999999999999,0.8660254037844387,36329.1650107645,34859.247201592116,0.06789379795832531,63.100905366126476,1.0608005097599547,-0.009984193713517775,6.707836105076168
2021-02-08 00:00:00+00:00,46374.87,138597.536914,22.49508395528468,6.707836105076168,0.5219854059375583,0.0177612353519176,Bullish (>51%),0.0,1.0,0.4999999999999999,0.8660254037844387,37874.65808603149,35712.25629777048,0.22443006335952803,75.26449213685777,2.451035854879472,0.1953613919484356,0.0177612353519176
2021-02-09 00:00:00+00:00,46420.42,115499.861712,22.40711624907849,0.0177612353519176,0.4972262606703475,-1.2118577375751085,Neutral,0.7818314824680298,0.6234898018587336,0.4999999999999999,0.8660254037844387,39189.390688180494,36505.45360904674,0.18451497165023237,75.31715349229498,2.522940542348922,0.0009822129959609072,-1.2118577375751085
2021-02-10 00:00:00+00:00,44807.58,97154.1822,22.212037841544984,-1.2118577375751085,0.4937717002469916,2.412701203640359,Neutral,0.9749279121818236,-0.2225209339563143,0.4999999999999999,0.8660254037844387,40053.72750538349,37120.42593430253,0.11868689359754502,69.66187557164193,2.678640171871443,-0.03474419231881132,2.412701203640359
2021-02-11 00:00:00+00:00,47969.51,89561.081454,22.15492329043517,2.412701203640359,0.5151605584809444,-0.505307947918301,Bullish (>51%),0.4338837391175582,-0.900968867902419,0.4999999999999999,0.8660254037844387,41271.54019686295,37924.06179102087,0.16229027972273646,73.81321204138752,2.627357013504288,0.07056685498301851,-0.505307947918301
2021-02-12 00:00:00+00:00,47287.6,85870.035697,22.12950298930564,-0.505307947918301,0.4872600645310059,-0.1135088444878069,Bearish (<49%),-0.433883739117558,-0.9009688679024191,0.4999999999999999,0.8660254037844387,42197.087858884035,38617.65721390821,0.12063657468827493,71.53965659915691,2.722971807613844,-0.014215488129855847,-0.1135088444878069
2021-02-13 00:00:00+00:00,47153.69,63768.097399,21.82444487782525,-0.1135088444878069,0.4860786368621699,1.023411595138798,Bearish (<49%),-0.9749279121818236,-0.2225209339563146,0.4999999999999999,0.8660254037844387,42959.64203444034,39249.955938803905,0.0976276283260772,71.07666922608202,2.7624389297203,-0.0028318206041328953,1.023411595138798
2021-02-14 00:00:00+00:00,48577.79,73735.475533,21.999970850387616,1.023411595138798,0.5255564760500749,-0.4883980392365908,Bullish (>51%),-0.7818314824680299,0.6234898018587334,0.4999999999999999,0.8660254037844387,43823.97249068028,39940.906610003614,0.1084752759538328,73.07252898761493,2.698318418265765,0.03020124193885998,-0.4883980392365908
2021-02-15 00:00:00+00:00,47911.1,79398.156784,22.05357672741556,-0.4883980392365908,0.4808217999928827,0.8620490829654099,Bearish (<49%),0.0,1.0,0.4999999999999999,0.8660254037844387,44452.76133826793,40531.2913055589,0.07779806152907989,70.6158301242414,1.2014018400085085,-0.013724173125208128,0.8620490829654099
2021-02-16 00:00:00+00:00,49133.45,88813.266298,22.193437952773927,0.8620490829654099,0.5135336840891198,2.0758108392914107,Bullish (>51%),0.7818314824680298,0.6234898018587336,0.4999999999999999,0.8660254037844387,45172.867286226705,41168.48824588787,0.08767614171307832,72.44500189909107,1.2266103117255258,0.025512876974229215,2.0758108392914107
2021-02-17 00:00:00+00:00,52119.71,85743.637818,22.197074504044448,2.0758108392914107,0.5254669312799042,-0.3905396828155486,Bullish (>51%),0.9749279121818236,-0.2225209339563143,0.4999999999999999,0.8660254037844387,46241.61231911491,41979.68985730359,0.12711705725830108,76.32282254042879,1.1877635655296037,0.060778553103842725,-0.3905396828155486
2021-02-18 00:00:00+00:00,51552.6,60758.046954,21.87065974291805,-0.3905396828155486,0.4755478503921497,2.890381531963909,Bearish (<49%),0.4338837391175582,-0.900968867902419,0.4999999999999999,0.8660254037844387,47058.687346943385,42688.79431231813,0.09549592023094346,74.18760057080829,0.9909403631754241,-0.01088091242257494,2.890381531963909
2021-02-19 00:00:00+00:00,55906.0,79659.77802,22.17045956512133,2.890381531963909,0.5091154062194059,-0.0559434889276746,Neutral,-0.433883739117558,-0.9009688679024191,0.4999999999999999,0.8660254037844387,48419.81237049056,43667.84658547975,0.15461000906463437,79.03609354359364,1.2879832713311836,0.08444578934913083,-0.0559434889276746
2021-02-20 00:00:00+00:00,55841.19,80948.205314,22.238808557176167,-0.0559434889276746,0.4772936734561289,0.9500085865923982,Bearish (<49%),-0.9749279121818236,-0.2225209339563146,0.4999999999999999,0.8660254037844387,49561.56277503047,44569.57572729606,0.1267035757825873,78.79879443944621,1.2810678919383356,-0.0011592673416090937,0.9500085865923982
2021-02-21 00:00:00+00:00,57408.57,58166.708511,21.92262750531124,0.9500085865923982,0.5072676422703213,-2.006994001759498,Neutral,-0.7818314824680299,0.6234898018587334,0.4999999999999999,0.8660254037844387,50768.79465579501,45520.61234008894,0.13078457720380582,80.33641866816328,1.2796661813074426,0.02806852790923675,-2.006994001759498
2021-02-22 00:00:00+00:00,54087.67,134019.434944,22.69920440339881,-2.006994001759498,0.4751375202082272,-3.322845535753144,Bearish (<49%),0.0,1.0,0.4999999999999999,0.8660254037844387,51279.39086259578,46155.20920378606,0.054764284250744415,68.92966629725206,1.6238157396836663,-0.05784676399359889,-3.322845535753144
2021-02-23 00:00:00+00:00,48891.0,169375.025051,22.829329729444684,-3.322845535753144,0.4868730969466688,0.5367106759629602,Bearish (<49%),0.7818314824680298,0.6234898018587336,0.4999999999999999,0.8660254037844387,50911.94611450411,46357.86037387598,-0.03969492955462517,55.620806443369695,2.19043357651539,-0.09607864417158285,0.5367106759629602
2021-02-24 00:00:00+00:00,49676.2,91881.209252,22.243661147514317,0.5367106759629602,0.4979333119737334,-1.8191391902906784,Neutral,0.9749279121818236,-0.2225209339563143,0.4999999999999999,0.8660254037844387,50721.831327657324,46603.663309144424,-0.0206150152762164,56.97262789390635,2.0203204988156167,0.016060215581599868,-1.8191391902906784
2021-02-25 00:00:00+00:00,47073.73,83310.673121,22.14690143653169,-1.8191391902906784,0.4874605286169909,-0.5986632378275475,Bearish (<49%),0.4338837391175582,-0.900968867902419,0.4999999999999999,0.8660254037844387,50160.5849695562,46638.483064022614,-0.06153945316685782,51.38570855751747,2.112827363040861,-0.05238866902057715,-0.5986632378275475
2021-02-26 00:00:00+00:00,46276.87,109423.200663,22.34983114117501,-0.5986632378275475,0.4900871505957806,-0.1428061419344461,Neutral,-0.433883739117558,-0.9009688679024191,0.4999999999999999,0.8660254037844387,49563.09035885525,46611.69691113205,-0.06630378241271445,49.77614408084687,1.5400377158716416,-0.016927912871998907,-0.1428061419344461
2021-02-27 00:00:00+00:00,46106.43,66060.834292,21.85656854069983,-0.1428061419344461,0.4842055052712776,-0.7407072253100091,Bearish (<49%),-0.9749279121818236,-0.2225209339563146,0.4999999999999999,0.8660254037844387,49031.2964574929,46574.269732529676,-0.059653051597943714,49.41957863908044,1.5324115898812958,-0.0036830494370082567,-0.7407072253100091
2021-02-28 00:00:00+00:00,45135.66,83055.369042,22.03385555800044,-0.7407072253100091,0.4898921324330583,3.378294128289941,Bearish (<49%),-0.7818314824680299,0.6234898018587334,0.4999999999999999,0.8660254037844387,48431.96777172476,46467.70604863859,-0.06806057906342569,47.3395393857521,1.3060172714847473,-0.021054980834560366,3.378294128289941
2021-03-01 00:00:00+00:00,49587.03,85086.111648,22.12383675010348,3.378294128289941,0.5008689847916177,-0.8117302686973207,Neutral,0.0,1.0,0.8660254037844386,0.5000000000000001,48609.66965299787,46698.76708207277,0.02010629477589651,56.40122189208921,2.0788792541451984,0.09862202081458427,-0.8117302686973207
2021-03-02 00:00:00+00:00,48440.65,64221.06214,21.861250131780597,-0.8117302686973207,0.4885786225179364,1.3401237836827962,Bearish (<49%),0.7818314824680298,0.6234898018587336,0.8660254037844386,0.5000000000000001,48583.66662945974,46827.79544636368,-0.0029437183189672104,53.83209779848252,1.6628759496742682,-0.02311854531315949,1.3401237836827962
2021-03-03 00:00:00+00:00,50349.37,81035.913705,22.13657237631976,1.3401237836827962,0.5053977493002959,-1.3662994352970157,Neutral,0.9749279121818236,-0.2225209339563143,0.8660254037844386,0.5000000000000001,48855.31330185055,47088.65282070711,0.030581253034209152,57.31818135478891,1.7345537982284873,0.03940326977445596,-1.3662994352970157
2021-03-04 00:00:00+00:00,48374.09,82649.716829,22.129322932619903,-1.3662994352970157,0.4872367315101331,0.2526283930201544,Bearish (<49%),0.4338837391175582,-0.900968867902419,0.8660254037844386,0.5000000000000001,48781.27894771969,47183.87038954362,-0.00834723804917236,52.86909672283906,1.6584103078541008,-0.0392314739985824,0.2526283930201544
2021-03-05 00:00:00+00:00,48751.71,78192.496372,22.038905170472923,0.2526283930201544,0.4900509915261055,0.0760788851442842,Neutral,-0.433883739117558,-0.9009688679024191,0.8660254037844386,0.5000000000000001,48776.72987883974,47300.006656984835,-0.000512947032363343,53.610423483343936,1.6251389148792617,0.007806245037374371,0.0760788851442842
2021-03-06 00:00:00+00:00,48882.2,44399.234242,21.485897430636285,0.0760788851442842,0.4842564513570198,1.455194872180959,Bearish (<49%),-0.9749279121818236,-0.2225209339563146,0.8660254037844386,0.5000000000000001,48792.956051325935,47417.20616387485,0.001829033448602405,53.88038169675924,1.617899428274854,0.0026766240609816805,1.455194872180959
2021-03-07 00:00:00+00:00,50971.75,55235.028032,21.74531233375879,1.455194872180959,0.5048534952828246,0.9315869718605038,Neutral,-0.7818314824680299,0.6234898018587334,0.8660254037844386,0.5000000000000001,49128.15512035272,47680.50570729152,0.03752623877552282,58.08657747164307,1.5942777396127132,0.04274664397265271,0.9315869718605038
2021-03-08 00:00:00+00:00,52375.17,66987.359664,21.94729062895684,0.9315869718605038,0.5015189393717018,1.632928858842002,Neutral,0.0,1.0,0.8660254037844386,0.5000000000000001,49627.695871067684,48028.25861786252,0.055361710446324715,60.68035623425687,1.070284267628665,0.027533290499148988,1.632928858842002
2021-03-09 00:00:00+00:00,54884.5,71656.737076,22.074308847370347,1.632928858842002,0.4886008282635913,0.5904105390183907,Bearish (<49%),0.7818314824680298,0.6234898018587336,0.8660254037844386,0.5000000000000001,50436.4349678265,48536.128349872706,0.08819150352341379,64.86686073596609,1.0579376579045627,0.04791067981259056,0.5904105390183907
2021-03-10 00:00:00+00:00,55851.59,84749.238943,22.27087037953627,0.5904105390183907,0.5032716274146896,1.1680926391607185,Neutral,0.9749279121818236,-0.2225209339563143,0.8660254037844386,0.5000000000000001,51269.535742007036,49078.01439803028,0.08937186950648966,66.35372976028822,1.0094214789658174,0.017620457506217546,1.1680926391607185
2021-03-11 00:00:00+00:00,57773.16,81914.812859,22.25200683797952,1.1680926391607185,0.4956789651450554,-0.3445578476077066,Neutral,0.4338837391175582,-0.900968867902419,0.8660254037844386,0.5000000000000001,52270.093320159795,49722.099257435446,0.1052813632096149,69.14767361439439,0.5925585005514719,0.034404929206133694,-0.3445578476077066
2021-03-12 00:00:00+00:00,57221.72,73405.406047,22.149274713889277,-0.3445578476077066,0.4877425708819879,2.369823694208136,Bearish (<49%),-0.433883739117558,-0.9009688679024191,0.8660254037844386,0.5000000000000001,53031.882040135206,50277.626719847634,0.07900602050468193,67.41753711711911,0.7248788802880982,-0.009544916705265916,2.369823694208136
2021-03-13 00:00:00+00:00,61188.39,83245.091346,22.31929088843852,2.369823694208136,0.5332114026220339,-1.2648095602189244,Bullish (>51%),-0.9749279121818236,-0.2225209339563146,0.8660254037844386,0.5000000000000001,54286.72941857594,51085.83140726633,0.12713347544312437,72.70756099332534,0.8564001603184606,0.06932105501197783,-1.2648095602189244
2021-03-14 00:00:00+00:00,58968.31,52601.05275,21.879013553191008,-1.2648095602189244,0.4814593192718941,-1.9789688655178084,Bearish (<49%),-0.7818314824680299,0.6234898018587334,0.8660254037844386,0.5000000000000001,55006.97258494887,51669.718710431785,0.0720151869644075,66.22668140656637,1.2172502617494205,-0.03628270003508838,-1.9789688655178084
2021-03-15 00:00:00+00:00,55605.2,102771.427298,22.493842706009435,-1.9789688655178084,0.4848180049355959,0.7858553878859975,Bearish (<49%),0.0,1.0,0.8660254037844386,0.5000000000000001,55099.00757187981,51961.2358429924,0.009186960898702747,57.818901343765056,1.578808403041114,-0.05703249762457163,0.7858553878859975
2021-03-16 00:00:00+00:00,56900.75,77986.694355,22.182870882817056,0.7858553878859975,0.485025064927308,1.2010906415650235,Bearish (<49%),0.7818314824680298,0.6234898018587336,0.8660254037844386,0.5000000000000001,55376.19871466753,52327.12578054852,0.027530804221284694,59.92933954553162,1.4905432575100792,0.023299079942163736,1.2010906415650235
2021-03-17 00:00:00+00:00,58912.97,70421.620841,22.09976058132415,1.2010906415650235,0.4938646023715426,-0.7549611433897468,Neutral,0.9749279121818236,-0.2225209339563143,0.8660254037844386,0.5000000000000001,55920.31737394945,52814.966093100484,0.053516374129963,63.02378723447897,1.5351297421817456,0.03536368149804714,-0.7549611433897468
2021-03-18 00:00:00+00:00,57648.16,66580.406675,22.08446948255426,-0.7549611433897468,0.4849381600897228,0.2119314819506372,Bearish (<49%),0.4338837391175582,-0.900968867902419,0.8660254037844386,0.5000000000000001,56186.13931641877,53172.98045657452,0.02602102051090743,59.89290634624153,1.5210179302709086,-0.021469126407987926,0.2119314819506372
2021-03-19 00:00:00+00:00,58030.01,52392.652961,21.839295933689503,0.2119314819506372,0.4877117263372931,0.026819173267258,Bearish (<49%),-0.433883739117558,-0.9009688679024191,0.8660254037844386,0.5000000000000001,56469.81172927742,53532.76042275419,0.027628890958630217,60.530401582261106,1.5144188103462446,0.0066238020432916045,0.026819173267258
2021-03-20 00:00:00+00:00,58102.28,44476.941776,21.685116795898168,0.026819173267258,0.4994148841183581,-0.4607431198435452,Neutral,-0.9749279121818236,-0.2225209339563146,0.8660254037844386,0.5000000000000001,56720.96069400397,53871.243354402024,0.024352889815246956,60.65785858158883,1.1359835435741168,0.0012453901007425383,-0.4607431198435452
2021-03-21 00:00:00+00:00,57351.56,48564.470274,21.74363659166185,-0.4607431198435452,0.4869597370788363,-1.9774129362419617,Bearish (<49%),-0.7818314824680299,0.6234898018587334,0.8660254037844386,0.5000000000000001,56817.975971849504,54129.044587409284,0.009391112918468935,58.54300357731046,1.054376529680929,-0.012920663354346829,-1.9774129362419617
2021-03-22 00:00:00+00:00,54083.25,62581.626169,21.983849434254296,-1.9774129362419617,0.4913432409851893,0.1479134427488459,Neutral,0.0,1.0,0.8660254037844386,0.5000000000000001,56397.24889925727,54125.652395749334,-0.041030350671728305,50.317825200812756,1.0539239189490124,-0.05698729031956584,0.1479134427488459
2021-03-23 00:00:00+00:00,54340.89,59789.365427,21.90641863371448,0.1479134427488459,0.4944593328406459,-1.306362011322663,Neutral,0.7818314824680298,0.6234898018587336,0.8660254037844386,0.5000000000000001,56080.88599167923,54141.59592199012,-0.031026542482538406,50.90341878169283,0.9861012459728459,0.004763766970365069,-1.306362011322663
2021-03-24 00:00:00+00:00,52303.65,83537.465021,22.245654469282705,-1.306362011322663,0.4707244834053174,-0.6805744079646903,Bearish (<49%),0.9749279121818236,-0.2225209339563143,0.8660254037844386,0.5000000000000001,55499.772762190114,54005.45177962048,-0.05758803330394011,46.26022278304416,0.8215881735431843,-0.03749000062383956,-0.6805744079646903
2021-03-25 00:00:00+00:00,51293.78,87400.534538,22.2353835314932,-0.6805744079646903,0.4913859847656575,2.487965742461782,Neutral,0.4338837391175582,-0.900968867902419,0.8660254037844386,0.5000000000000001,54852.696952622406,53804.5872033523,-0.06488134859980228,44.11221009761701,0.8195403778684429,-0.019307830333064713,2.487965742461782
2021-03-26 00:00:00+00:00,55025.59,63813.774692,21.94616916508847,2.487965742461782,0.4986783087443568,0.479057997875444,Neutral,-0.433883739117558,-0.9009688679024191,0.8660254037844386,0.5000000000000001,54879.29588298819,53895.031854955836,0.002665743331031979,52.828768985624926,1.4178070836826362,0.07275365551144786,0.479057997875444
2021-03-27 00:00:00+00:00,55817.14,50105.475055,21.741054899143343,0.479057997875444,0.4937573876675821,-0.0404066638841322,Neutral,-0.9749279121818236,-0.2225209339563146,0.8660254037844386,0.5000000000000001,55023.5795932977,54037.410236070216,0.014422187952289518,54.45149707061328,1.4427024750940305,0.014385125175395697,-0.0404066638841322
2021-03-28 00:00:00+00:00,55777.63,39050.387511,21.502029698355045,-0.0404066638841322,0.4932787396686891,1.1303381096651377,Neutral,-0.7818314824680299,0.6234898018587334,0.8660254037844386,0.5000000000000001,55139.58734817497,54166.31540376872,0.01157140781261473,54.350991675561566,1.438158269896641,-0.0007078470878300047,1.1303381096651377
2021-03-29 00:00:00+00:00,57635.47,67857.937398,22.078361312379545,1.1303381096651377,0.5065553990300494,0.6474612950936312,Neutral,0.0,1.0,0.8660254037844386,0.5000000000000001,55523.569294609595,54423.28981830437,0.03803611209114822,58.253021310668096,1.237447808585132,0.03330797669244823,0.6474612950936312
2021-03-30 00:00:00+00:00,58746.57,55122.443122,21.893250774392143,0.6474612950936312,0.4996427066747312,-0.0195711461624374,Neutral,0.7818314824680298,0.6234898018587336,0.8660254037844386,0.5000000000000001,56019.41555697734,54743.53279472627,0.04868230801602827,60.43142872786365,1.240482403388118,0.01927805915350378,-0.0195711461624374
2021-03-31 00:00:00+00:00,58740.55,60975.542666,21.9975040062612,-0.0195711461624374,0.5096274969985193,-0.0278272136290428,Neutral,0.9749279121818236,-0.2225209339563143,0.8660254037844386,0.5000000000000001,56438.05162513467,55039.60814326506,0.0407969146447273,60.413034873773306,1.023957988538553,-0.00010247406784769097,-0.0278272136290428
2021-04-01 00:00:00+00:00,58720.44,47415.61722,21.74903459267453,-0.0278272136290428,0.4843605985226485,0.1185130097894673,Bearish (<49%),0.4338837391175582,-0.900968867902419,1.0,6.123233995736766e-17,56789.18829819087,55312.262354875056,0.03400738344186995,60.34695556321288,0.9147741862106878,-0.00034235294017503914,0.1185130097894673
2021-04-02 00:00:00+00:00,58950.01,47382.418781,21.756862961574,0.1185130097894673,0.5000946714755262,-1.1242223632452626,Neutral,-0.433883739117558,-0.9009688679024191,1.0,6.123233995736766e-17,57121.62240616151,55581.72514340283,0.03200867756937649,60.87309169733044,0.446399912901972,0.0039095415497567565,-1.1242223632452626
2021-04-03 00:00:00+00:00,57051.94,47409.852113,21.746849822555525,-1.1242223632452626,0.4863539114621578,0.6777570442584967,Bearish (<49%),-0.9749279121818236,-0.2225209339563146,1.0,6.123233995736766e-17,57110.902035982814,55690.62994759521,-0.0010324129698680339,54.441301546354985,0.6965019050950387,-0.03219795891468047,0.6777570442584967
2021-04-04 00:00:00+00:00,58202.01,41314.081973,21.590424730793966,0.6777570442584967,0.4988404238164772,0.5327150382120492,Neutral,-0.7818314824680299,0.6234898018587334,1.0,6.123233995736766e-17,57278.76479967777,55876.658099625194,0.016118455129944233,57.37975731653754,0.7250658901110345,0.020158297859809826,0.5327150382120492
2021-04-05 00:00:00+00:00,59129.99,54258.01579,21.872322401673408,0.5327150382120492,0.5025891989036926,-0.6789261004721567,Neutral,0.0,1.0,1.0,6.123233995736766e-17,57563.568676650415,56117.64564780111,0.027212025928214777,59.64169084083208,0.6256849291748839,0.015944122891975665,-0.6789261004721567
2021-04-06 00:00:00+00:00,57991.15,54201.000727,21.87602267773095,-0.6789261004721567,0.4925960316946677,-1.225415810619446,Neutral,0.7818314824680298,0.6234898018587336,1.0,6.123233995736766e-17,57629.3504187042,56256.423747963985,0.006278043716737393,55.73254751572795,0.638265653088083,-0.019259938992041037,-1.225415810619446
2021-04-07 00:00:00+00:00,55953.45,71228.405659,22.12279572488881,-1.225415810619446,0.4876928218961301,1.2904972143610125,Bearish (<49%),0.9749279121818236,-0.2225209339563143,1.0,6.123233995736766e-17,57371.519585057395,56233.9812481148,-0.024717309133759437,49.48298326296491,0.7700805119002311,-0.03513812021317053,1.2904972143610125
2021-04-08 00:00:00+00:00,58077.52,44283.147019,21.65218832423253,1.2904972143610125,0.5004542811849251,0.0224876450831687,Neutral,0.4338837391175582,-0.900968867902419,1.0,6.123233995736766e-17,57480.1350335101,56370.53967418036,0.010392894278025415,55.131052222024195,0.968256330764588,0.03796137682305556,0.0224876450831687
2021-04-09 00:00:00+00:00,58142.54,40831.884911,21.589668895469828,0.0224876450831687,0.4984887300786014,0.9468206196802448,Neutral,-0.433883739117558,-0.9009688679024191,1.0,6.123233995736766e-17,57582.04348989316,56501.798957574414,0.009733876676419378,55.29582036537122,0.9660091034108099,0.0011195381620978662,0.9468206196802448
2021-04-10 00:00:00+00:00,59769.13,69906.424117,22.157668833016263,0.9468206196802448,0.5152407381861905,0.1183000070154185,Bullish (>51%),-0.9749279121818236,-0.2225209339563146,1.0,6.123233995736766e-17,57918.518337601905,56743.823479235565,0.031951985574130905,59.32039433189973,0.9053337084456365,0.0279759019815784,0.1183000070154185
2021-04-11 00:00:00+00:00,60002.43,41156.715391,21.624253238550185,0.1183000070154185,0.5053381588256687,-0.0977426893524284,Neutral,-0.7818314824680299,0.6234898018587334,1.0,6.123233995736766e-17,58239.120131817,56985.201740032935,0.03027706916230824,59.878314774450956,0.8829881682336367,0.0039033527842884386,-0.0977426893524284
2021-04-12 00:00:00+00:00,59860.0,56375.037117,21.94499295687779,-0.0977426893524284,0.4903801853935017,2.119966059445188,Neutral,0.0,1.0,1.0,6.123233995736766e-17,58488.48626538362,57198.14975928975,0.023449294419987624,59.343211016511894,0.8687435667766994,-0.002373737196976866,2.119966059445188
2021-04-13 00:00:00+00:00,63575.0,82848.688746,22.36320916662312,2.119966059445188,0.5028749840052417,-0.3492417451242267,Neutral,0.7818314824680298,0.6234898018587336,1.0,6.123233995736766e-17,59271.02683993998,57670.5090363794,0.07261512731478062,67.50111996644907,1.0910084143168095,0.062061476779151414,-0.3492417451242267
2021-04-14 00:00:00+00:00,62959.53,82616.343993,22.37941198176785,-0.3492417451242267,0.4850175593632553,0.093534388393033,Bearish (<49%),0.9749279121818236,-0.2225209339563143,1.0,6.123233995736766e-17,59838.4888645646,58062.288367017965,0.05215775322300345,65.16812522659436,0.8997833125839193,-0.009681006685017701,0.093534388393033
2021-04-15 00:00:00+00:00,63159.98,51649.70034,21.901592083345925,0.093534388393033,0.4961920051867622,-1.0106362074683857,Neutral,0.4338837391175582,-0.900968867902419,1.0,6.123233995736766e-17,60349.48750078543,58439.89515464627,0.04657027947715377,65.58531194468259,0.8545739832682789,0.003183791238594136,-1.0106362074683857
2021-04-16 00:00:00+00:00,61334.8,91764.139884,22.45444209374506,-1.0106362074683857,0.4748044628552865,-0.7613219488270837,Bearish (<49%),-0.433883739117558,-0.9009688679024191,1.0,6.123233995736766e-17,60501.074039126135,58654.3325505984,0.013780349756017487,58.692157327280334,1.0076918806776163,-0.028897729226640023,-0.7613219488270837
2021-04-17 00:00:00+00:00,60006.66,58912.256128,22.00578226576119,-0.7613219488270837,0.4818398746149612,-2.22807929760572,Bearish (<49%),-0.9749279121818236,-0.2225209339563146,1.0,6.123233995736766e-17,60425.01034079904,58754.50495425778,-0.0069234632884549955,54.225925677218704,1.0204329304564086,-0.021653938710161302,-2.22807929760572
2021-04-18 00:00:00+00:00,56150.01,124882.131824,22.66191824468837,-2.22807929760572,0.4756854799109343,-0.3328643263024284,Bearish (<49%),-0.7818314824680299,0.6234898018587334,1.0,6.123233995736766e-17,59767.31798067611,58561.579402090545,-0.0605231772629592,43.8024873945305,1.3220692428282566,-0.06427036598937519,-0.3328643263024284
2021-04-19 00:00:00+00:00,55633.14,78229.042267,22.204556596975447,-0.3328643263024284,0.4903854612979548,0.4738429428531309,Neutral,0.0,1.0,1.0,6.123233995736766e-17,59131.29059903363,58344.65796489865,-0.05915904360610725,42.62006164160393,1.3184907682026643,-0.009205163097922964,0.4738429428531309
2021-04-20 00:00:00+00:00,56425.0,72744.482151,22.11894140452849,0.4738429428531309,0.4882788175365644,-1.624765220783641,Bearish (<49%),0.7818314824680298,0.6234898018587336,1.0,6.123233995736766e-17,58714.9381991823,58202.461078609864,-0.03900094710845142,45.06666105298066,0.8767953981107302,0.01423360248945138,-1.624765220783641
2021-04-21 00:00:00+00:00,53787.63,66984.756909,22.03282751710228,-1.624765220783641,0.4805411108191262,-1.357662324308217,Bearish (<49%),0.9749279121818236,-0.2225209339563143,1.0,6.123233995736766e-17,57956.89078392349,57875.43655426839,-0.07193727488707852,39.08860120555991,0.9485536714159093,-0.0467411608329642,-1.357662324308217
2021-04-22 00:00:00+00:00,51690.96,104656.631337,22.4451362935083,-1.357662324308217,0.4830154651856105,-0.3927870033339405,Bearish (<49%),0.4338837391175582,-0.900968867902419,1.0,6.123233995736766e-17,56992.90143255064,57417.327179878135,-0.09302810173342956,35.10218426145566,0.8847981445234285,-0.03898052396062068,-0.3927870033339405
2021-04-23 00:00:00+00:00,51125.14,132230.780719,22.60594667489825,-0.3927870033339405,0.4822600373850553,-0.7412869597873659,Bearish (<49%),-0.433883739117558,-0.9009688679024191,1.0,6.123233995736766e-17,56090.16890446593,56951.2392406279,-0.08851870125266481,34.09173481822178,0.9113437824510238,-0.010946208002327706,-0.7412869597873659
2021-04-24 00:00:00+00:00,50047.84,55361.512573,21.73925021912065,-0.7412869597873659,0.483769892877923,-0.6907212085964199,Bearish (<49%),-0.9749279121818236,-0.2225209339563146,1.0,6.123233995736766e-17,55160.579842240404,56439.876333914726,-0.09268829038532363,32.19167583895435,0.9118432523182247,-0.021071824937789918,-0.6907212085964199
2021-04-25 00:00:00+00:00,49066.77,58255.645004,21.776831356506467,-0.6907212085964199,0.4766461926924578,3.445321419874476,Bearish (<49%),-0.7818314824680299,0.6234898018587334,1.0,6.123233995736766e-17,54223.07063574188,55893.720309180295,-0.09509422050958212,30.523286912887386,0.6938744919810051,-0.019602644190038987,3.445321419874476
2021-04-26 00:00:00+00:00,54001.39,86310.802124,22.23964250956126,3.445321419874476,0.5003306154768323,0.6280464210004469,Neutral,0.0,1.0,1.0,6.123233995736766e-17,54188.96592255082,55753.54769368546,-0.0034615150770530337,45.75234612831178,1.714939049275884,0.10056948928979836,0.6280464210004469
2021-04-27 00:00:00+00:00,55011.97,54064.034675,21.80497585984532,0.6280464210004469,0.4740873444440169,-0.1197439471338872,Bearish (<49%),0.7818314824680298,0.6234898018587336,1.0,6.123233995736766e-17,54315.581934466085,55698.61601267172,0.012821147095029493,48.2539178165774,1.724902899013887,0.0187139627331816,-0.1197439471338872
2021-04-28 00:00:00+00:00,54846.22,55130.459015,21.82860305831596,-0.1197439471338872,0.4854309922345928,-0.8263235917070398,Bearish (<49%),0.9749279121818236,-0.2225209339563143,1.0,6.123233995736766e-17,54397.21855993284,55635.47556728863,0.008254124970975699,47.86405750479866,1.5925971747322143,-0.0030129806294884043,-0.8263235917070398
2021-04-29 00:00:00+00:00,53555.0,52486.019455,21.761144033287508,-0.8263235917070398,0.4827903537955581,2.6440986696180677,Bearish (<49%),0.4338837391175582,-0.900968867902419,1.0,6.123233995736766e-17,54267.646473789326,55481.36626600799,-0.013132068923120263,44.82572592520799,1.5220794500769523,-0.023542552248814963,2.6440986696180677
2021-04-30 00:00:00+00:00,57694.27,68578.910045,22.0604191576911,2.6440986696180677,0.5196076908136577,0.0472499736607841,Bullish (>51%),-0.433883739117558,-0.9009688679024191,1.0,6.123233995736766e-17,54794.819323975586,55645.28506111851,0.05291468631151688,54.74351131216766,1.7459308192969742,0.07729007562319112,0.0472499736607841
2021-05-01 00:00:00+00:00,57800.37,42600.351836,21.623566589711267,0.0472499736607841,0.4829727769669024,-0.7437883103356749,Bearish (<49%),-0.9749279121818236,-0.2225209339563146,0.8660254037844387,-0.4999999999999998,55257.21173567165,55804.92098251714,0.04602400635945593,54.96696401722433,1.6671281192782572,0.0018390041160067927,-0.7437883103356749
2021-05-02 00:00:00+00:00,56578.21,36812.878863,21.460316609634692,-0.7437883103356749,0.4936558182159794,0.3435823353942278,Neutral,-0.7818314824680299,0.6234898018587334,0.8660254037844387,-0.4999999999999998,55460.44223787601,55862.20165047883,0.02015432472265119,51.79457525914043,1.6747820627398866,-0.021144501324126486,0.3435823353942278
2021-05-03 00:00:00+00:00,57169.39,57649.931286,21.92851918381588,0.3435823353942278,0.4949885437232054,-2.405727556731802,Neutral,0.0,1.0,0.8660254037844387,-0.4999999999999998,55723.35727820278,55959.03041711003,0.02595020817891145,53.201569409575185,1.1690579640443348,0.010448898966580966,-2.405727556731802
2021-05-04 00:00:00+00:00,53200.01,85324.625903,22.27197706101942,-2.405727556731802,0.4808657267673693,2.724493115732844,Bearish (<49%),0.7818314824680298,0.6234898018587336,0.8660254037844387,-0.4999999999999998,55335.15000463312,55754.65853436114,-0.03858560073397012,43.9301418217307,1.5269098770615164,-0.06943191102791191,2.724493115732844
2021-05-05 00:00:00+00:00,57436.11,77263.923439,22.188370060594952,2.724493115732844,0.5012620805695556,-0.6407033961133288,Neutral,0.9749279121818236,-0.2225209339563143,0.8660254037844387,-0.4999999999999998,55658.374619304945,55879.21049477883,0.031940123887097015,53.28624774594557,1.8754335165159597,0.07962592488234499,-0.6407033961133288
2021-05-06 00:00:00+00:00,56393.68,70181.671908,22.107630719753924,-0.6407033961133288,0.4880034731560159,0.5460944075574415,Bearish (<49%),0.4338837391175582,-0.900968867902419,0.8660254037844387,-0.4999999999999998,55771.49852402726,55917.31934701744,0.011155903865568475,51.02965252282297,1.8588384389873847,-0.0181493837239326,0.5460944075574415
2021-05-07 00:00:00+00:00,57314.75,74542.747829,22.1676815687682,0.5460944075574415,0.4947175096173902,0.9131133156070488,Neutral,-0.433883739117558,-0.9009688679024191,0.8660254037844387,-0.4999999999999998,56008.92182802306,56020.83272871985,0.023314645762803968,52.9265546766877,1.5593930598897667,0.016332858575641707,0.9131133156070488
2021-05-08 00:00:00+00:00,58862.05,69709.906028,22.129253464477912,0.9131133156070488,0.492465147524528,-0.3792763863278155,Neutral,-0.9749279121818236,-0.2225209339563146,0.8660254037844387,-0.4999999999999998,56447.86462371182,56231.29326733319,0.04276840926368831,56.00931022124401,1.5992990406065912,0.026996541030014143,-0.3792763863278155
2021-05-09 00:00:00+00:00,58240.84,69806.11991,22.120389524051078,-0.3792763863278155,0.4913759782268924,-1.448930155527217,Neutral,-0.7818314824680299,0.6234898018587334,0.8660254037844387,-0.4999999999999998,56723.70698929462,56380.148580864065,0.026746013108623283,54.4670918036988,1.5727592697833614,-0.010553658936445554,-1.448930155527217
2021-05-10 00:00:00+00:00,55816.14,89586.34925,22.358718928938107,-1.448930155527217,0.4806310044942478,0.5104798977371431,Bearish (<49%),0.0,1.0,0.8660254037844387,-0.4999999999999998,56584.0812986339,56338.370167466725,-0.013571684491631774,48.81693585540939,1.6796792249595653,-0.04163229788581346,0.5104798977371431
2021-05-11 00:00:00+00:00,56670.02,64329.54055,21.999474830846086,0.5104798977371431,0.4800411766503748,-4.290888753672288,Bearish (<49%),0.7818314824680298,0.6234898018587336,0.8660254037844387,-0.4999999999999998,56597.302637305605,56362.93682172845,0.0012848202883516985,50.75432925959646,1.3392655452071014,0.01529808403089139,-4.290888753672288
2021-05-12 00:00:00+00:00,49631.32,99842.789836,22.423661761885576,-4.290888753672288,0.483758777978224,0.0114517124455041,Bearish (<49%),0.9749279121818236,-0.2225209339563143,0.8660254037844387,-0.4999999999999998,55525.61300079705,55864.29853863745,-0.10615448767242677,37.98905120403667,1.787930856449792,-0.12420500292747383,0.0114517124455041
2021-05-13 00:00:00+00:00,49670.97,147332.002121,22.711646178790573,0.0114517124455041,0.4869410740789372,0.1020835473307286,Bearish (<49%),0.4338837391175582,-0.900968867902419,0.8660254037844387,-0.4999999999999998,54624.89869298212,55405.53346170134,-0.09068993831596009,38.08352227712622,1.8074657344921967,0.0007988907004690127,0.1020835473307286
2021-05-14 00:00:00+00:00,49841.45,80082.204306,22.11352854261329,0.1020835473307286,0.4643244923793144,-2.141852445380179,Bearish (<49%),-0.433883739117558,-0.9009688679024191,0.8660254037844387,-0.4999999999999998,53888.98350944641,54993.37913120495,-0.07510873736812836,38.51723165679787,1.7682708344140912,0.0034321858421528795,-2.141852445380179
2021-05-15 00:00:00+00:00,46762.99,89437.449359,22.19362002166478,-2.141852445380179,0.4724857290303262,-0.2600215145558717,Bearish (<49%),-0.9749279121818236,-0.2225209339563146,0.8660254037844387,-0.4999999999999998,52792.67681568542,54383.72067704162,-0.11421445509832386,33.89948189617479,1.69222877628521,-0.061765056995733425,-0.2600215145558717
2021-05-16 00:00:00+00:00,46431.5,114269.812775,22.403627642093618,-0.2600215145558717,0.4707944256715354,-2.160840291354569,Bearish (<49%),-0.7818314824680299,0.6234898018587334,0.8660254037844387,-0.4999999999999998,51814.0342286569,53794.66729355706,-0.10388178239323372,33.434652333912666,1.701164804711993,-0.007088725507072957,-2.160840291354569
2021-05-17 00:00:00+00:00,43538.04,166657.172736,22.717524628488118,-2.160840291354569,0.4836884321126324,-0.560126896560298,Bearish (<49%),0.0,1.0,0.8660254037844387,-0.4999999999999998,50540.80434732507,53034.917123663945,-0.1385566462140348,29.61717827925189,1.7479551203658994,-0.062316746174472026,-0.560126896560298
2021-05-18 00:00:00+00:00,42849.78,116979.860784,22.361615795442283,-0.560126896560298,0.4761759847949726,-4.963609064231677,Bearish (<49%),0.7818314824680298,0.6234898018587336,0.8660254037844387,-0.4999999999999998,49357.56983235198,52280.46252191106,-0.1318498835022947,28.775545619214796,1.617825855765246,-0.015808244927883797,-4.963609064231677
2021-05-19 00:00:00+00:00,36690.09,354347.243161,23.324301928911844,-4.963609064231677,0.4748769760614302,3.582885112241549,Bearish (<49%),0.9749279121818236,-0.2225209339563143,0.8660254037844387,-0.4999999999999998,47408.7267812209,51125.620112880606,-0.22608995239810303,22.588790936796514,1.829282641299011,-0.1437507963868193,3.582885112241549
2021-05-20 00:00:00+00:00,40526.64,203017.596923,22.80519142422579,3.582885112241549,0.4933913509526523,-2.797056290383882,Neutral,0.4338837391175582,-0.900968867902419,0.8660254037844387,-0.4999999999999998,46349.94419949461,50340.51047488945,-0.12563778231167982,32.3454872855673,2.622622088098576,0.10456638291157105,-2.797056290383882
2021-05-21 00:00:00+00:00,37252.01,202100.888258,22.766217991339776,-2.797056290383882,0.4651262654966535,0.1666320365270401,Bearish (<49%),-0.433883739117558,-0.9009688679024191,0.8660254037844387,-0.4999999999999998,44950.26201495698,49370.991921193934,-0.17126156044197074,28.987245618270805,2.6639180132827174,-0.08080191202626219,0.1666320365270401
2021-05-22 00:00:00+00:00,37449.73,126542.243689,22.277311042328773,0.1666320365270401,0.5003108066235704,-2.584272069497457,Neutral,-0.9749279121818236,-0.2225209339563146,0.8660254037844387,-0.4999999999999998,43796.334012655905,48487.93548258698,-0.1449117638663983,29.463441421445324,2.689240048818153,0.005307633064632,-2.584272069497457
2021-05-23 00:00:00+00:00,34655.25,217136.046593,22.728958904199835,-2.584272069497457,0.4818990722675029,4.096604566963707,Bearish (<49%),-0.7818314824680299,0.6234898018587334,0.8660254037844387,-0.4999999999999998,42390.013395324226,47463.29211350646,-0.18246664192319878,26.73471582357874,2.726044428306273,-0.07461949658916112,4.096604566963707
2021-05-24 00:00:00+00:00,38796.29,161630.893971,22.514487333518343,4.096604566963707,0.504760094494299,-0.4343917566905423,Neutral,0.0,1.0,0.8660254037844387,-0.4999999999999998,41837.13287296666,46821.29195695042,-0.07268286959815826,36.16885219431015,3.360640097945926,0.1194924289970496,-0.4343917566905423
2021-05-25 00:00:00+00:00,38324.72,111996.228404,22.171012613491456,-0.4343917566905423,0.483530004409201,0.8076415253727471,Bearish (<49%),0.7818314824680298,0.6234898018587336,0.8660254037844387,-0.4999999999999998,41296.76166174102,46191.91625643558,-0.07196791085181951,35.606568538581115,3.3602082584484987,-0.012155028225637077,0.8076415253727471
2021-05-26 00:00:00+00:00,39241.91,104780.773396,22.137592959135883,0.8076415253727471,0.4818162278989941,-0.6404521326031388,Bearish (<49%),0.9749279121818236,-0.2225209339563143,0.8660254037844387,-0.4999999999999998,40980.63063685778,45677.10097818109,-0.04242786433095977,37.637259113785866,2.7030639016962255,0.023932073084943717,-0.6404521326031388
2021-05-27 00:00:00+00:00,38529.98,86547.158794,21.93562741473318,-0.6404521326031388,0.4882426343027387,-2.576591997284519,Bearish (<49%),0.4338837391175582,-0.900968867902419,0.8660254037844387,-0.4999999999999998,40603.607461956584,45147.68460942694,-0.05107003026515463,36.67057936128779,2.3198036072601984,-0.018142083298188116,-2.576591997284519
2021-05-28 00:00:00+00:00,35663.49,135377.62972,22.317846107619687,-2.576591997284519,0.4751692135993766,-1.0374130704704474,Bearish (<49%),-0.433883739117558,-0.9009688679024191,0.8660254037844387,-0.4999999999999998,39843.58939088634,44445.15167539532,-0.10491272133836627,32.99587729548455,2.279786210102462,-0.07439635317744797,-1.0374130704704474
2021-05-29 00:00:00+00:00,34605.15,112663.092689,22.09694175312924,-1.0374130704704474,0.4818277073384486,1.0144618435596389,Bearish (<49%),-0.9749279121818236,-0.2225209339563146,0.8660254037844387,-0.4999999999999998,39037.67563844229,43716.262662403075,-0.1135448144888362,31.73156232488506,2.2958364719702895,-0.029675727193272383,1.0144618435596389
2021-05-30 00:00:00+00:00,35641.27,73535.386967,21.679544275508416,1.0144618435596389,0.5086913314236969,1.5411348496939168,Neutral,-0.7818314824680299,0.6234898018587334,0.8660254037844387,-0.4999999999999998,38515.15169406655,43118.115057780626,-0.0746169122451955,34.38241371382476,2.104021346528893,0.029941208172771905,1.5411348496939168
2021-05-31 00:00:00+00:00,37253.81,94160.735289,21.948818434012694,1.5411348496939168,0.4921152363751057,-0.5340762275875057,Neutral,0.0,1.0,0.8660254037844387,-0.4999999999999998,38321.09912574862,42683.722090537616,-0.02785121382469661,38.391896730699884,1.4212322581328607,0.04524361786210207,-0.5340762275875057
2021-06-01 00:00:00+00:00,36693.09,81234.66377,21.81314957587586,-0.5340762275875057,0.4959931263466347,0.8052480523590052,Neutral,0.7818314824680298,0.6234898018587336,0.4999999999999999,-0.8660254037844387,38070.636183325754,42239.97156531261,-0.036183954917178345,37.53307599943641,1.4245919503633144,-0.015051346426043444,0.8052480523590052
2021-06-02 00:00:00+00:00,37568.68,67587.372495,21.648897833315,0.8052480523590052,0.5079128692203497,1.521316290459119,Neutral,0.9749279121818236,-0.2225209339563143,0.4999999999999999,-0.8660254037844387,37993.41215512179,41893.94996788204,-0.011179100034176138,39.797797284162286,1.4243090393154179,0.02386253106511349,1.521316290459119
2021-06-03 00:00:00+00:00,39246.79,75889.106011,21.79859084470016,1.521316290459119,0.5094841655322132,-2.136336207140404,Neutral,0.4338837391175582,-0.900968867902419,0.4999999999999999,-0.8660254037844387,38186.23951587229,41697.86404433523,0.027773106165295266,43.98903247030205,1.5432846404134197,0.044667792427096176,-2.136336207140404
2021-06-04 00:00:00+00:00,36829.0,91317.799245,21.940963943372186,-2.136336207140404,0.4720434798735057,-1.245693311490811,Bearish (<49%),-0.433883739117558,-0.9009688679024191,0.4999999999999999,-0.8660254037844387,37977.433436507315,41337.20744845854,-0.030239890708447355,39.70050215315727,1.419826497021543,-0.06160478347401155,-1.245693311490811
2021-06-05 00:00:00+00:00,35513.2,70459.62149,21.66348679011777,-1.245693311490811,0.4881913020904024,0.2583320971401742,Bearish (<49%),-0.9749279121818236,-0.2225209339563146,0.4999999999999999,-0.8660254037844387,37598.32060012157,40905.79948931346,-0.055457812126715945,37.5547248484771,1.4511291873970518,-0.03572728013250437,0.2583320971401742
2021-06-06 00:00:00+00:00,35796.31,47650.206637,21.26084462697954,0.2583320971401742,0.4965615535783893,-2.1731573462428857,Neutral,-0.7818314824680299,0.6234898018587334,0.4999999999999999,-0.8660254037844387,37321.088200102866,40527.31878640135,-0.040855673659019015,38.327108318037816,1.4023364954310082,0.007971965353727573,-2.1731573462428857
2021-06-07 00:00:00+00:00,33552.79,77574.952573,21.73692775119521,-2.1731573462428857,0.4696304590288595,-0.1924572111805664,Bearish (<49%),0.0,1.0,0.4999999999999999,-0.8660254037844387,36741.35001547165,40010.6870244457,-0.08678396450127611,34.66764691720857,1.4375168556715403,-0.06267461646186423,-0.1924572111805664
2021-06-08 00:00:00+00:00,33380.81,123251.189037,22.117226815459933,-0.1924572111805664,0.4875895370304232,4.115664689857551,Bearish (<49%),0.7818314824680298,0.6234898018587336,0.4999999999999999,-0.8660254037844387,36224.343859245244,39519.58502263491,-0.07849787066659357,34.396528876619314,1.441983813632195,-0.00512565423024447,4.115664689857551
2021-06-09 00:00:00+00:00,37388.05,136607.597517,22.290785669886624,4.115664689857551,0.5035612258420654,-0.6717811774746536,Neutral,0.9749279121818236,-0.2225209339563143,0.4999999999999999,-0.8660254037844387,36403.375573207515,39361.693539476764,0.02704898683948412,45.15857555847556,2.243214072533344,0.12004621817145855,-0.6717811774746536
2021-06-10 00:00:00+00:00,36675.72,109527.284943,22.125176910545274,-0.6717811774746536,0.4897357224723951,0.5998108396729822,Bearish (<49%),0.4338837391175582,-0.900968867902419,0.4999999999999999,-0.8660254037844387,36445.274715790976,39162.73253655256,0.006323049723348027,43.78358432420542,2.1499757980072833,-0.0190523442650794,0.5998108396729822
2021-06-11 00:00:00+00:00,37331.98,78466.0053,21.78902555574089,0.5998108396729822,0.5022139087281916,-1.6624999372596776,Neutral,-0.433883739117558,-0.9009688679024191,0.4999999999999999,-0.8660254037844387,36581.6909133616,39027.121237548665,0.02050996189365206,45.432038236594494,2.002487733589556,0.017893581911957,-1.6624999372596776
2021-06-12 00:00:00+00:00,35546.11,87717.54999,21.86506127490563,-1.6624999372596776,0.4853214130792893,3.348114435543456,Bearish (<49%),-0.9749279121818236,-0.2225209339563146,0.4999999999999999,-0.8660254037844387,36422.37077284443,38769.2685532858,-0.02405831235724349,41.83677687261138,2.0546424962891594,-0.047837537682169584,3.348114435543456
2021-06-13 00:00:00+00:00,39020.57,86921.025555,21.8892225570132,3.348114435543456,0.5254801507961798,1.3032386496121933,Bullish (>51%),-0.7818314824680299,0.6234898018587334,0.4999999999999999,-0.8660254037844387,36822.093730868364,38787.88347526463,0.05970535747370141,50.10884271008781,2.4106305989236216,0.09774515411109674,1.3032386496121933
2021-06-14 00:00:00+00:00,40516.29,108522.391949,22.18659245119582,1.3032386496121933,0.4943303200431745,-0.3322619982871932,Neutral,0.0,1.0,0.4999999999999999,-0.8660254037844387,37390.43161842708,38915.913588207986,0.0836004893838243,53.19491585719034,2.112469814771422,0.03833157742185733,-0.3322619982871932
2021-06-15 00:00:00+00:00,40144.04,80679.622838,21.901227273947494,-0.3322619982871932,0.488708652061634,-1.5550203076875595,Bearish (<49%),0.7818314824680298,0.6234898018587336,0.4999999999999999,-0.8660254037844387,37814.06367713061,39006.88591500739,0.0616166604775283,52.327393199321406,2.125988416208281,-0.009187662542646469,-1.5550203076875595
2021-06-16 00:00:00+00:00,38349.01,87771.976937,21.96180122648138,-1.5550203076875595,0.4800762580663394,-0.245836224782511,Bearish (<49%),0.9749279121818236,-0.2225209339563143,0.4999999999999999,-0.8660254037844387,37896.363111418206,38958.154365747585,0.01194433585225525,48.24179331913734,1.7729597137566662,-0.04471473224917066,-0.245836224782511
2021-06-17 00:00:00+00:00,38092.97,79541.307119,21.84351649502223,-0.245836224782511,0.4769447982070947,-2.0698561663792416,Bearish (<49%),0.4338837391175582,-0.900968867902419,0.4999999999999999,-0.8660254037844387,37926.610325046175,38894.06663495147,0.004386357587141527,47.670060365777076,1.7472951972886395,-0.006676573919378925,-2.0698561663792416
2021-06-18 00:00:00+00:00,35819.84,95228.042935,21.978274318476707,-2.0698561663792416,0.4707062666151388,-0.3390066176522269,Bearish (<49%),-0.433883739117558,-0.9009688679024191,0.4999999999999999,-0.8660254037844387,37602.49181350061,38666.34614347358,-0.04740781069356094,42.8182899880985,1.9293716177561875,-0.05967321529405567,-0.3390066176522269
2021-06-19 00:00:00+00:00,35483.72,68712.449461,21.620910826264183,-0.3390066176522269,0.4917346654069966,0.09689746213434,Neutral,-0.9749279121818236,-0.2225209339563146,0.4999999999999999,-0.8660254037844387,37276.5269191159,38430.59605877183,-0.0480947949632219,42.13539121594872,1.8209312657007428,-0.00938362650419422,0.09689746213434
2021-06-20 00:00:00+00:00,35600.16,89878.17085,21.862583101077355,0.09689746213434,0.4917108010659966,-3.874700027731175,Neutral,-0.7818314824680299,0.6234898018587334,0.4999999999999999,-0.8660254037844387,37018.624316174995,38220.93412849243,-0.03831758587407056,42.47765121836817,1.1019529324282429,0.003281504870402685,-3.874700027731175
2021-06-21 00:00:00+00:00,31608.93,168778.873159,22.436329455127268,-3.874700027731175,0.4816803681015977,0.964614388535835,Bearish (<49%),0.0,1.0,0.4999999999999999,-0.8660254037844387,36186.36365214807,37731.156044900396,-0.12649609383661709,34.86519988579322,1.4214101306115579,-0.11211269836989501,0.964614388535835
2021-06-22 00:00:00+00:00,32509.56,204208.179762,22.580525739069795,0.964614388535835,0.4855299253024835,1.2210494172984825,Bearish (<49%),0.7818314824680298,0.6234898018587336,0.4999999999999999,-0.8660254037844387,35620.7015518176,37344.37115268555,-0.08734082756039503,37.583442303270246,1.6219861298630118,0.028492897418546104,1.2210494172984825
2021-06-23 00:00:00+00:00,33678.07,126966.100563,22.17774451067214,1.2210494172984825,0.4988735800826691,0.9906071384253736,Neutral,0.9749279121818236,-0.2225209339563143,0.4999999999999999,-0.8660254037844387,35321.83515923028,37072.79328952366,-0.04653679945620638,41.02244541878796,1.7947738384870353,0.0359435809035864,0.9906071384253736
2021-06-24 00:00:00+00:00,34663.09,86625.80426,21.796687906791576,0.9906071384253736,0.5078707051994994,-3.072885355906232,Neutral,0.4338837391175582,-0.900968867902419,0.4999999999999999,-0.8660254037844387,35220.48975011793,36894.29674955894,-0.0158260079309677,43.83188627425731,1.894290779742014,0.029248113089615835,-3.072885355906232
2021-06-25 00:00:00+00:00,31584.45,116061.130356,22.07033082596643,-3.072885355906232,0.4795417387482195,0.7458757038528111,Bearish (<49%),-0.433883739117558,-0.9009688679024191,0.4999999999999999,-0.8660254037844387,34661.099019330555,36500.97476811013,-0.08876374686257646,37.77515950895035,2.068892745017299,-0.08881608650584805,0.7458757038528111
2021-06-26 00:00:00+00:00,32283.65,107820.375287,21.94008046647408,0.7458757038528111,0.4913557304450193,2.5603929012475306,Neutral,-0.9749279121818236,-0.2225209339563146,0.4999999999999999,-0.8660254037844387,34295.33763174124,36188.58034084272,-0.058657758478498516,39.80940631848526,2.129131124536783,0.022137475878161617,2.5603929012475306
2021-06-27 00:00:00+00:00,34700.34,96613.244211,21.88641044602985,2.5603929012475306,0.5048223934337871,-0.219820518962679,Neutral,-0.7818314824680299,0.6234898018587334,0.4999999999999999,-0.8660254037844387,34357.645688396435,36078.34031559511,0.009974324629562716,46.339223377478,2.4131485938198645,0.07485801636432043,-0.219820518962679
2021-06-28 00:00:00+00:00,34494.89,82222.267819,21.7660562697797,-0.219820518962679,0.4932032800319956,1.3976232896990548,Neutral,0.0,1.0,0.4999999999999999,-0.8660254037844387,34378.76019787391,35961.0476996251,0.003377952010418049,45.88350259515982,1.7584110234646353,-0.0059206912670018985,1.3976232896990548
2021-06-29 00:00:00+00:00,35911.73,90788.79622,21.896969454453203,1.3976232896990548,0.4998038251222448,-0.8467146319857753,Neutral,0.7818314824680298,0.6234898018587336,0.4999999999999999,-0.8660254037844387,34614.60170589331,35957.39453668991,0.0374734427143749,49.567030550173484,1.7866870904452596,0.04107390978779768,-0.8467146319857753
2021-06-30 00:00:00+00:00,35045.0,77152.197634,21.71241263721951,-0.8467146319857753,0.4800351877167891,-1.528780797152454,Bearish (<49%),0.9749279121818236,-0.2225209339563143,0.4999999999999999,-0.8660254037844387,34680.816828063565,35889.809756194365,0.010500997532495806,47.43975180159665,1.8215835530384696,-0.0241350110395685,-1.528780797152454
2021-07-01 00:00:00+00:00,33504.69,71708.266112,21.60322845973384,-1.528780797152454,0.4878943099998518,0.2734961094332864,Bearish (<49%),0.4338837391175582,-0.900968867902419,1.2246467991473532e-16,-1.0,34499.87423913071,35713.134218698484,-0.028846025125562395,43.83893915659667,1.8919783866756095,-0.043952346982451096,0.2734961094332864
2021-07-02 00:00:00+00:00,33786.55,56172.181378,21.34930749371142,0.2734961094332864,0.48550113839234,0.883021552572907,Bearish (<49%),-0.433883739117558,-0.9009688679024191,1.2246467991473532e-16,-1.0,34390.132048495216,35570.42427657267,-0.017551024452132725,44.66660574607749,1.380332158029613,0.008412553585781524,0.883021552572907
2021-07-03 00:00:00+00:00,34669.13,43044.578641,21.11424183198766,0.883021552572907,0.4955763470915097,0.5968575012643754,Neutral,-0.9749279121818236,-0.2225209339563146,1.2246467991473532e-16,-1.0,34433.05481026518,35503.66173756729,0.0068560629033831075,47.28629041633303,1.388000379940758,0.026122229111880113,0.5968575012643754
2021-07-04 00:00:00+00:00,35286.51,43703.475789,21.15793901420593,0.5968575012643754,0.4846373128594731,-1.573106873694754,Bearish (<49%),-0.7818314824680299,0.6234898018587334,1.2246467991473532e-16,-1.0,34564.355608685924,35487.57642367342,0.02089303788821691,49.10159311981021,1.0183665443150292,0.017807773082278322,-1.573106873694754
2021-07-05 00:00:00+00:00,33690.14,64123.874245,21.504151997746536,-1.573106873694754,0.4910784905429415,0.5252678898578078,Neutral,0.0,1.0,1.2246467991473532e-16,-1.0,34429.86089965732,35354.4329848828,-0.021484864600910418,44.80505946924188,1.1973579839620965,-0.04524023486595874,0.5252678898578078
2021-07-06 00:00:00+00:00,34220.01,58210.596349,21.412249914279165,0.5252678898578078,0.4776098551939609,-0.3760012647633762,Bearish (<49%),0.7818314824680298,0.6234898018587336,1.2246467991473532e-16,-1.0,34397.57614586389,35270.40165266926,-0.005162170296852075,46.479101983840664,1.0501618291722237,0.01572774705002722,-0.3760012647633762
2021-07-07 00:00:00+00:00,33862.12,53807.521675,21.342582406835582,-0.3760012647633762,0.5072696730368412,-1.018636972159866,Neutral,0.9749279121818236,-0.2225209339563143,1.2246467991473532e-16,-1.0,34315.19827726945,35166.08449321227,-0.013203428801679547,45.47584338372489,1.019348608805925,-0.010458500742694055,-1.018636972159866
2021-07-08 00:00:00+00:00,32875.71,70136.48032,21.55833480846696,-1.018636972159866,0.5005192029145725,0.9681484867108566,Neutral,0.4338837391175582,-0.900968867902419,1.2246467991473532e-16,-1.0,34093.73854230491,34996.42712334469,-0.03572587209213016,42.73768395077928,0.9194652891207078,-0.02913019031295161,0.9681484867108566
2021-07-09 00:00:00+00:00,33815.81,47153.939899,21.16984616978913,0.9681484867108566,0.5017622843749217,-0.3345538232236988,Neutral,-0.433883739117558,-0.9009688679024191,1.2246467991473532e-16,-1.0,34050.98030502723,34908.97400309693,-0.006906418050834013,46.07045872639687,1.0002368765211027,0.028595580141082877,-0.3345538232236988
2021-07-10 00:00:00+00:00,33502.87,34761.175468,20.88179842595674,-0.3345538232236988,0.4894184091289257,0.7607213064455565,Bearish (<49%),-0.9749279121818236,-0.2225209339563146,1.2246467991473532e-16,-1.0,33966.65564271535,34804.81815101568,-0.013654145041353557,45.12886580766737,0.9242283839885972,-0.009254251191971874,0.7607213064455565
2021-07-11 00:00:00+00:00,34258.99,31572.647448,20.790955338394777,0.7607213064455565,0.5205308656826326,-1.193833711555778,Bullish (>51%),-0.7818314824680299,0.6234898018587334,1.2246467991473532e-16,-1.0,34011.63015922068,34764.38643612563,0.007272801674642981,47.89960709598277,0.9487321034871028,0.022568812761414092,-1.193833711555778
2021-07-12 00:00:00+00:00,33086.63,48181.403762,21.20609112956866,-1.193833711555778,0.4691209790742253,-0.3872601304607007,Bearish (<49%),0.0,1.0,1.2246467991473532e-16,-1.0,33869.3224424175,34640.1081815978,-0.023109185126103007,44.17497563124516,0.8606356450996117,-0.03422050679252364,-0.3872601304607007
2021-07-13 00:00:00+00:00,32729.77,41126.361008,21.022320261133665,-0.3872601304607007,0.4762949608692498,0.0788599835512028,Bearish (<49%),0.7818314824680298,0.6234898018587336,1.2246467991473532e-16,-1.0,33694.006682045576,34498.6016496276,-0.028617453873759257,43.07693671819822,0.8190313486781472,-0.010785625492834905,0.0788599835512028
2021-07-14 00:00:00+00:00,32820.02,46777.823484,21.13913798677276,0.0788599835512028,0.4813495806768691,-1.001823059099164,Bearish (<49%),0.9749279121818236,-0.2225209339563143,1.2246467991473532e-16,-1.0,33559.547192500104,34374.262268173705,-0.02203626849486744,43.45970286644305,0.8231727727855405,0.002757428481776625,-1.001823059099164
2021-07-15 00:00:00+00:00,31880.0,51639.576353,21.22529970550576,-1.001823059099164,0.4815377573397809,-0.5516662342366884,Bearish (<49%),0.4338837391175582,-0.900968867902419,1.2246467991473532e-16,-1.0,33301.15531673086,34189.50210016083,-0.04267585623423868,40.411624464105756,0.8202723326820004,-0.02864166444749261,-0.5516662342366884
2021-07-16 00:00:00+00:00,31383.87,48499.864154,21.153971512582675,-0.5516662342366884,0.4940992100907482,0.1333218033854551,Neutral,-0.433883739117558,-0.9009688679024191,1.2246467991473532e-16,-1.0,33006.188344926115,33981.67750014892,-0.04915194471934556,38.86240778571509,0.6572977208037123,-0.015562421580928465,0.1333218033854551
2021-07-17 00:00:00+00:00,31520.07,34012.242132,20.793552772684816,0.1333218033854551,0.4895017283302221,0.2662082775254124,Bearish (<49%),-0.9749279121818236,-0.2225209339563146,1.2246467991473532e-16,-1.0,32777.554753399025,33799.336203841594,-0.03836420266428277,39.547558325445316,0.6853628487571496,0.004339808952815494,0.2662082775254124
2021-07-18 00:00:00+00:00,31778.56,35923.716186,20.85513967652937,0.2662082775254124,0.4886516350956231,-1.0329272257653874,Bearish (<49%),-0.7818314824680299,0.6234898018587334,1.2246467991473532e-16,-1.0,32623.863252876097,33649.649077631104,-0.025910581046883666,40.90121201088564,0.5730250224690979,0.008200806660645155,-1.0329272257653874
2021-07-19 00:00:00+00:00,30839.65,47340.468499,21.10891134933125,-1.0329272257653874,0.4797060689308494,-1.1870835206671424,Bearish (<49%),0.0,1.0,1.2246467991473532e-16,-1.0,32349.36890627978,33441.50099780658,-0.04666919192932709,37.6071689934148,0.5370072925816841,-0.02954539160994074,-1.1870835206671424
2021-07-20 00:00:00+00:00,29790.35,61034.049017,21.32277831831137,-1.1870835206671424,0.4657207822158865,2.703784802986848,Bearish (<49%),0.7818314824680298,0.6234898018587336,1.2246467991473532e-16,-1.0,31955.67368992904,33171.04536833942,-0.06776022658572374,34.28405203910782,0.6228756369642082,-0.034024380951145794,2.703784802986848
2021-07-21 00:00:00+00:00,32144.51,82796.265128,21.679984516850272,2.703784802986848,0.514330835493191,0.1374108344702558,Bullish (>51%),0.9749279121818236,-0.2225209339563143,1.2246467991473532e-16,-1.0,31984.725429939957,33095.005711425394,0.00499565239070245,45.845901311329335,1.3613119165716767,0.079024247784937,0.1374108344702558
2021-07-22 00:00:00+00:00,32287.83,46148.092433,21.117173443661137,0.1374108344702558,0.5043439842890808,1.4190199329865365,Neutral,0.4338837391175582,-0.900968867902419,1.2246467991473532e-16,-1.0,32031.356902256884,33035.21491798648,0.008006938280065386,46.46343764368429,1.301728824176158,0.004458615172544311,1.4190199329865365
2021-07-23 00:00:00+00:00,33634.09,50112.863626,21.213039619353847,1.4190199329865365,0.4992525924225857,0.6225440455954878,Neutral,-0.433883739117558,-0.9009688679024191,1.2246467991473532e-16,-1.0,32277.931224986594,33079.576035172664,0.04201504630394619,52.00044635754131,1.3575326620343204,0.04169558623171632,0.6225440455954878
2021-07-24 00:00:00+00:00,34258.14,47977.550138,21.20880211905313,0.6225440455954878,0.4989337251516,1.1120640884498534,Neutral,-0.9749279121818236,-0.2225209339563146,1.2246467991473532e-16,-1.0,32582.578728834807,33166.87706960432,0.05142506629416536,54.35698300431826,1.3571995688889398,0.018554091994164246,1.1120640884498534
2021-07-25 00:00:00+00:00,35381.02,47852.928313,21.22218215732504,1.1120640884498534,0.5147469584073143,1.7899840791581043,Bullish (>51%),-0.7818314824680299,0.6234898018587334,1.2246467991473532e-16,-1.0,33013.10815516791,33330.887657041036,0.07172641345075569,58.32197881316528,1.3788705096605052,0.03277702759110679,1.7899840791581043
2021-07-26 00:00:00+00:00,37237.6,152452.512724,22.48670728530818,1.7899840791581043,0.506330428379014,2.0360880088550584,Neutral,0.0,1.0,1.2246467991473532e-16,-1.0,33663.02997744977,33620.27375651948,0.10618681755459229,63.905124291944475,1.2491225580254812,0.05247389702162342,2.0360880088550584
2021-07-27 00:00:00+00:00,39457.87,88397.267015,21.927935876745856,2.0360880088550584,0.5106187664301965,0.4738973401050928,Bullish (>51%),0.7818314824680298,0.6234898018587336,1.2246467991473532e-16,-1.0,34554.543827072885,34052.68829307359,0.1419010535189137,69.21607897702219,0.8697055040033465,0.05962441188476175,0.4738973401050928
2021-07-28 00:00:00+00:00,40019.56,101344.528441,22.119730668464587,0.4738973401050928,0.4836880395031646,-0.0186930932746363,Bearish (<49%),0.9749279121818236,-0.2225209339563143,1.2246467991473532e-16,-1.0,35395.31554598475,34494.67878988295,0.13064566264446895,70.4025494467357,0.7070016093911196,0.014235182993912021,-0.0186930932746363
2021-07-29 00:00:00+00:00,40016.48,53998.439283,21.490680943491395,-0.0186930932746363,0.4944758885356541,1.867451549790476,Neutral,0.4338837391175582,-0.900968867902419,1.2246467991473532e-16,-1.0,36106.263923525556,34903.70110174347,0.10829744347840681,70.38652949300649,0.7433776108013698,-7.696236540322143e-05,1.867451549790476
2021-07-30 00:00:00+00:00,42206.37,73602.784805,21.8016187981164,1.867451549790476,0.5126222732191634,-0.6231876146557469,Bullish (>51%),-0.433883739117558,-0.9009688679024191,1.2246467991473532e-16,-1.0,37044.7417814447,35444.63953865136,0.13933497631074596,74.78057300506805,0.7966709328428738,0.054724703422190046,-0.6231876146557469
2021-07-31 00:00:00+00:00,41461.83,44849.791012,21.348287008159765,-0.6231876146557469,0.5093500891428413,-1.3578168418141097,Neutral,-0.9749279121818236,-0.2225209339563146,1.2246467991473532e-16,-1.0,37724.293815068595,35890.35735060311,0.09907504705730197,70.92722331805595,1.0322370450905323,-0.01764046517148954,-1.3578168418141097
2021-08-01 00:00:00+00:00,39845.44,53953.186326,21.5241759172967,-1.3578168418141097,0.4781321651538597,-0.6186336887115602,Bearish (<49%),-0.7818314824680299,0.6234898018587334,-0.4999999999999997,-0.8660254037844388,38050.623997365736,36183.32643574362,0.047169160820030774,63.30110202961783,1.342424003735491,-0.03898501344489613,-0.6186336887115602
2021-08-02 00:00:00+00:00,39147.82,50837.351954,21.42186214580037,-0.6186336887115602,0.4830701128025162,-0.8431424980900822,Bearish (<49%),0.0,1.0,-0.4999999999999997,-0.8660254037844388,38219.42338238639,36402.918551614464,0.024291225127207577,60.28822967523516,1.2929701038196058,-0.017508151497385938,-0.8431424980900822
2021-08-03 00:00:00+00:00,38207.05,57117.435853,21.50961217911857,-0.8431424980900822,0.4846762846505822,1.3497150794323085,Bearish (<49%),0.7818314824680298,0.6234898018587336,-0.4999999999999997,-0.8660254037844388,38217.51978509618,36536.55791816154,-0.0002739525001896561,56.39039160973685,1.0691655430150266,-0.0240312231945482,1.3497150794323085
2021-08-04 00:00:00+00:00,39723.18,52329.35243,21.430706762552187,1.3497150794323085,0.5122213427895079,0.9710706535276448,Bullish (>51%),0.9749279121818236,-0.2225209339563143,-0.4999999999999997,-0.8660254037844388,38449.1598181583,36772.60399829772,0.03313518911380785,60.79010699624864,1.1990659728839252,0.0396819435156599,0.9710706535276448
2021-08-05 00:00:00+00:00,40862.46,84343.755621,21.92158098839626,0.9710706535276448,0.4940867142347663,1.6469627359159185,Neutral,0.4338837391175582,-0.900968867902419,-0.4999999999999997,-0.8660254037844388,38820.43676921087,37075.55629472012,0.052601758267920615,63.7497045680582,1.2581947436701828,0.028680483284570846,1.6469627359159185
2021-08-06 00:00:00+00:00,42836.87,75753.941347,21.87004030213817,1.6469627359159185,0.5052939038863076,1.378494761062966,Neutral,-0.433883739117558,-0.9009688679024191,-0.4999999999999997,-0.8660254037844388,39438.34957394766,37502.320272889,0.08617298803744451,68.2258347323714,1.2085426058663606,0.04831843212572129,1.378494761062966
2021-08-07 00:00:00+00:00,44572.54,73396.740808,21.88560610774058,1.378494761062966,0.5089548041747429,-0.6169250404602944,Neutral,-0.9749279121818236,-0.2225209339563146,-0.4999999999999997,-0.8660254037844388,40228.22502410955,38026.040252675004,0.10799171410836086,71.55140739399366,1.2518461097872378,0.040518133094224584,-0.6169250404602944
2021-08-08 00:00:00+00:00,43794.37,69329.092698,21.846546261443336,-0.6169250404602944,0.4918447556862906,1.916488147339266,Neutral,-0.7818314824680299,0.6234898018587334,-0.4999999999999997,-0.8660254037844388,40776.86271270808,38453.32393766204,0.07400047690161105,68.10955422422637,1.105016964713287,-0.017458506964153186,1.916488147339266
2021-08-09 00:00:00+00:00,46253.4,74587.884845,21.9360606981186,1.916488147339266,0.5156950825181964,-0.5134152884097911,Bullish (>51%),0.0,1.0,-0.4999999999999997,-0.8660254037844388,41619.406910752994,39031.107349687074,0.11134212217833758,72.59564245100745,1.1054204332389888,0.056149454827184364,-0.5134152884097911
2021-08-10 00:00:00+00:00,45584.99,53814.643421,21.62036796913577,-0.5134152884097911,0.4941474591955189,-0.0719082768728735,Neutral,0.7818314824680298,0.6234898018587336,-0.4999999999999997,-0.8660254037844388,42229.496616790995,39516.58013859914,0.07945852193451947,69.72448931002886,1.0265025177529297,-0.014451045760960346,-0.0719082768728735
2021-08-11 00:00:00+00:00,45511.0,52734.901977,21.612304078167767,-0.0719082768728735,0.5132159694694032,-0.856993200801002,Bullish (>51%),0.9749279121818236,-0.2225209339563143,-0.4999999999999997,-0.8660254037844388,42734.34329113085,39960.61123944365,0.06497483042977809,69.39729696725259,1.057340321729551,-0.0016231219969555788,-0.856993200801002
2021-08-12 00:00:00+00:00,44399.0,55266.108781,21.63102367697105,-0.856993200801002,0.4842947808404705,2.6203762591515063,Bearish (<49%),0.4338837391175582,-0.900968867902419,-0.4999999999999997,-0.8660254037844388,42990.444323264564,40289.38077726264,0.032764389829141316,64.49855863434232,1.1889996206024258,-0.024433653402474165,2.6203762591515063
2021-08-13 00:00:00+00:00,47800.0,48239.370431,21.52948975193256,2.6203762591515063,0.5258772660038242,-0.5427423048611519,Bullish (>51%),-0.433883739117558,-0.9009688679024191,-0.4999999999999997,-0.8660254037844388,43730.37596583925,40845.722941909844,0.0930617206982123,71.195650885,1.3963710008441381,0.07660082434289062,-0.5427423048611519
2021-08-14 00:00:00+00:00,47068.51,46114.359022,21.4963610093106,-0.5427423048611519,0.4987498255809542,-0.0852838852677821,Neutral,-0.9749279121818236,-0.2225209339563146,-0.4999999999999997,-0.8660254037844388,44243.935048017825,41306.670131398,0.06384095241340249,68.21502951011928,1.395399857285847,-0.015303138075313805,-0.0852838852677821
2021-08-15 00:00:00+00:00,46973.82,42110.711334,21.39148165443857,-0.0852838852677821,0.5017706684745502,-0.8018854474803434,Neutral,-0.7818314824680299,0.6234898018587334,-0.4999999999999997,-0.8660254037844388,44663.91734832277,41726.4590105537,0.05171742177612574,67.81921971084611,1.3524817007156182,-0.002011748406737346,-0.8018854474803434
2021-08-16 00:00:00+00:00,45901.29,52480.574014,21.62429170317374,-0.8018854474803434,0.4925226700284315,-0.9198308602918772,Neutral,0.0,1.0,-0.4999999999999997,-0.8660254037844388,44854.28237165773,42035.70575051269,0.02334242290773656,63.336413609505776,1.2114300508299303,-0.022832505425362415,-0.9198308602918772
2021-08-17 00:00:00+00:00,44695.95,57039.341629,21.68504207783306,-0.9198308602918772,0.4789722501654858,-0.0088520594874672,Bearish (<49%),0.7818314824680298,0.6234898018587336,-0.4999999999999997,-0.8660254037844388,44829.92354524885,42232.760880104346,-0.00298848480331731,58.644907612423296,1.2473324321726715,-0.026259392709878204,-0.0088520594874672
2021-08-18 00:00:00+00:00,44705.29,54099.415985,21.615129959886403,-0.0088520594874672,0.527514451078598,1.5663106098530526,Bullish (>51%),0.9749279121818236,-0.2225209339563143,-0.4999999999999997,-0.8660254037844388,44810.749153672106,42415.9111852818,-0.0023534342911886667,58.67045470168881,1.247746509810977,0.00020896747915655212,1.5663106098530526
2021-08-19 00:00:00+00:00,46760.62,53411.75392,21.60551158636281,1.5663106098530526,0.5091296045198285,1.8695779220354105,Neutral,0.4338837391175582,-0.900968867902419,-0.4999999999999997,-0.8660254037844388,45110.729283876404,42737.74146785352,0.0365742417007057,63.948309443455145,1.3312471158595316,0.04597509601212746,1.8695779220354105
2021-08-20 00:00:00+00:00,49322.47,56850.352228,21.724313713171096,1.8695779220354105,0.522879523996324,-0.3653672948697257,Bullish (>51%),-0.433883739117558,-0.9009688679024191,-0.4999999999999997,-0.8660254037844388,45758.68939404927,43225.4991369014,0.07788205154350837,69.22385984706472,1.1235276223944421,0.05478648486696702,-0.3653672948697257
2021-08-21 00:00:00+00:00,48821.87,46745.136584,21.552239456972032,-0.3653672948697257,0.494589929039023,0.2781724181322249,Neutral,-0.9749279121818236,-0.2225209339563146,-0.4999999999999997,-0.8660254037844388,46229.94794881092,43640.04512676055,0.05606586566048142,67.15587207614696,1.1070772090925387,-0.01014953225173032,0.2781724181322249
2021-08-22 00:00:00+00:00,49239.22,37007.887795,21.315027834272065,0.2781724181322249,0.5022679936494874,0.158444285699681,Neutral,-0.7818314824680299,0.6234898018587334,-0.4999999999999997,-0.8660254037844388,46692.912879763084,44054.79882107458,0.05453305358767836,68.01379664420455,1.1011103536091635,0.008548423073512001,0.158444285699681
2021-08-23 00:00:00+00:00,49488.85,52462.541954,21.68518798317332,0.158444285699681,0.4997656259772776,-1.27819784430482,Neutral,0.0,1.0,-0.4999999999999997,-0.8660254037844388,47123.05705210722,44457.321130624616,0.05020457279069895,68.54308044680533,1.006729001363407,0.005069739122593786,-1.27819784430482
2021-08-24 00:00:00+00:00,47674.01,51014.594748,21.633972734419157,-1.27819784430482,0.484232474354184,0.9219762763065776,Bearish (<49%),0.7818314824680298,0.6234898018587336,-0.4999999999999997,-0.8660254037844388,47207.81904409073,44695.59438020798,0.009875291113827263,60.68152237314057,1.0889125602079042,-0.03667169473527865,0.9219762763065776
2021-08-25 00:00:00+00:00,48973.32,44655.830342,21.48847423684139,0.9219762763065776,0.4881082157708633,-1.512587006394551,Bearish (<49%),0.9749279121818236,-0.2225209339563143,-0.4999999999999997,-0.8660254037844388,47479.434575769075,45012.462944637016,0.031463841926064606,63.87600076219805,1.0992522766915296,0.027254053099372122,-1.512587006394551
2021-08-26 00:00:00+00:00,46843.87,49371.277774,21.57080653794386,-1.512587006394551,0.479764036175581,1.6194894083810876,Bearish (<49%),0.4338837391175582,-0.900968867902419,-0.4999999999999997,-0.8660254037844388,47381.65541026614,45148.12272651576,-0.011350076429571417,55.865070337052316,1.19039964090814,-0.04348183868277655,1.6194894083810876
2021-08-27 00:00:00+00:00,49069.9,42068.104965,21.4199423970227,1.6194894083810876,0.5164732475607486,-0.138473684026514,Bullish (>51%),-0.433883739117558,-0.9009688679024191,-0.4999999999999997,-0.8660254037844388,47641.38534714827,45438.62474677385,0.02998474209854683,61.325405052745545,1.1273821661277195,0.047520198480612175,-0.138473684026514
2021-08-28 00:00:00+00:00,48895.35,26681.063786,20.98867625392344,-0.138473684026514,0.5208099567713391,-0.1058061175622154,Bullish (>51%),-0.9749279121818236,-0.2225209339563146,-0.4999999999999997,-0.8660254037844388,47834.30298604854,45694.67846923505,0.022181717882686105,60.69133529041501,1.1192120954561804,-0.0035571704853688546,-0.1058061175622154
2021-08-29 00:00:00+00:00,48767.83,32652.283473,21.1861576220986,-0.1058061175622154,0.4948212307834511,-1.2757425753698668,Neutral,-0.7818314824680299,0.6234898018587334,-0.4999999999999997,-0.8660254037844388,47977.92252665646,45922.31932336578,0.016463978258013767,60.20161522875896,1.1130979976952686,-0.0026080189629483774,-1.2757425753698668
2021-08-30 00:00:00+00:00,46982.91,40288.35083,21.381999833723043,-1.2757425753698668,0.4874322268206876,0.0703828255093222,Bearish (<49%),0.0,1.0,-0.4999999999999997,-0.8660254037844388,47824.84367640162,46000.881595709056,-0.017604525424033055,53.67325283708171,1.1975781240802876,-0.036600357243699366,0.0703828255093222
2021-08-31 00:00:00+00:00,47100.89,48645.52737,21.557825584408512,0.0703828255093222,0.5021265812211915,1.233219845979297,Neutral,0.7818314824680298,0.6234898018587336,-0.4999999999999997,-0.8660254037844388,47713.46618772445,46082.36369973061,-0.012838643608794297,54.02811747007129,1.1104246198925487,0.0025111258540604364,1.233219845979297
2021-09-01 00:00:00+00:00,48810.52,49904.65528,21.592915361064087,1.233219845979297,0.5030065531794211,0.2914760805490706,Neutral,0.9749279121818236,-0.2225209339563143,-0.8660254037844384,-0.5000000000000004,47882.243697305305,46284.44935160241,0.0193866500609898,58.936771510011745,1.1613659993341967,0.036297190987261585,0.2914760805490706
2021-09-02 00:00:00+00:00,49246.64,54410.770538,21.718069114888998,0.2914760805490706,0.5210697614583376,0.5098654137565676,Bullish (>51%),0.4338837391175582,-0.900968867902419,-0.8660254037844384,-0.5000000000000004,48092.15082079679,46503.87088111335,0.02400577140966554,60.10696000803688,0.9557864120344847,0.008934959103078732,0.5098654137565676
2021-09-03 00:00:00+00:00,49999.14,59025.644157,21.804926752172424,0.5098654137565676,0.5019080063607683,-0.0735226962814613,Neutral,-0.433883739117558,-0.9009688679024191,-0.8660254037844384,-0.5000000000000004,48385.53377144344,46762.77970473458,0.033348939296168056,62.113169112886084,0.761546537915164,0.015280230285761531,-0.0735226962814613
2021-09-04 00:00:00+00:00,49915.64,34664.65959,21.273423977102546,-0.0735226962814613,0.482904031021526,1.253520919507774,Bearish (<49%),-0.9749279121818236,-0.2225209339563146,-0.8660254037844384,-0.5000000000000004,48620.934729682915,46996.32491179128,0.026628555734587136,61.742125215171036,0.7587810508036082,-0.001670028724494066,1.253520919507774
2021-09-05 00:00:00+00:00,51756.88,40544.835873,21.44072117856796,1.253520919507774,0.5316888180661151,0.5871122669432122,Bullish (>51%),-0.7818314824680299,0.6234898018587334,-0.8660254037844384,-0.5000000000000004,49103.38784819324,47348.95862202896,0.05403888139063285,66.49503319699618,0.8658567701709877,0.036887035806813184,0.5871122669432122
2021-09-06 00:00:00+00:00,52663.9,49249.667081,21.65908111159478,0.5871122669432122,0.4999090142986625,-3.8066527978124105,Neutral,0.0,1.0,-0.8660254037844384,-0.5000000000000004,49651.1589484712,47742.65798336014,0.060678161705257916,68.5666990206494,0.5244516921561639,0.017524626677651423,-3.8066527978124105
2021-09-07 00:00:00+00:00,46863.73,123048.802719,22.51570936762948,-3.8066527978124105,0.4708343413003737,-0.6149048303436755,Bearish (<49%),0.7818314824680298,0.6234898018587336,-0.8660254037844384,-0.5000000000000004,49222.32372562948,47677.552206814944,-0.04791715520739193,48.089540922622625,1.7453641124181967,-0.11013559573066178,-0.6149048303436755
2021-09-08 00:00:00+00:00,46048.31,65069.3152,21.822080036542125,-0.6149048303436755,0.4886596316907297,0.2431851347847624,Bearish (<49%),0.9749279121818236,-0.2225209339563143,-0.8660254037844384,-0.5000000000000004,48734.01392168648,47556.867598902725,-0.055109433957200686,46.00923697896934,1.6655571696308196,-0.017399810044996578,0.2431851347847624
2021-09-09 00:00:00+00:00,46395.14,50651.66002,21.578473609979014,0.2431851347847624,0.4774451226366736,-1.1616118515964275,Bearish (<49%),0.4338837391175582,-0.900968867902419,-0.8660254037844384,-0.5000000000000004,48374.18716450394,47470.81370268771,-0.040911223123478765,47.05828210586342,1.662967408329565,0.007531872505201598,-1.1616118515964275
2021-09-10 00:00:00+00:00,44850.91,49048.26618,21.531391513466097,-1.1616118515964275,0.496625057053138,0.2316504015634647,Neutral,-0.433883739117558,-0.9009688679024191,-0.8660254037844384,-0.5000000000000004,47832.144523811025,47276.74676174788,-0.062327009451289626,43.047723155187754,1.6520181174234885,-0.033284305209554166,0.2316504015634647
2021-09-11 00:00:00+00:00,45173.69,30440.4081,21.04561796960475,0.2316504015634647,0.4863385060859286,0.6327482705092791,Bearish (<49%),-0.9749279121818236,-0.2225209339563146,-0.8660254037844384,-0.5000000000000004,47423.15152014779,47120.964779396185,-0.04743382605418157,44.11975201130255,1.6694041974640765,0.007196732463176314,0.6327482705092791
2021-09-12 00:00:00+00:00,46025.24,32094.28052,21.104971525720888,0.6327482705092791,0.490288325055121,-0.8270402696921071,Neutral,-0.7818314824680299,0.6234898018587334,-0.8660254037844384,-0.5000000000000004,47208.088209355825,47039.79998092239,-0.025056049804647814,46.95646912865451,1.5766999011268938,0.0188505743055305,-0.8270402696921071
2021-09-13 00:00:00+00:00,44940.73,65429.15056,21.798496260691703,-0.8270402696921071,0.4897061851753314,1.6464453214269112,Bearish (<49%),0.0,1.0,-0.8660254037844384,-0.5000000000000004,46859.263869454924,46884.313315668885,-0.04094246710319134,43.89993221464874,1.4943442213786513,-0.02356337522628882,1.6464453214269112
2021-09-14 00:00:00+00:00,47111.52,44855.85099,21.451905404012965,1.6464453214269112,0.4945278263686331,0.7217379994037337,Neutral,0.7818314824680298,0.6234898018587336,-0.8660254037844384,-0.5000000000000004,46898.0725049234,46901.143440434156,0.004551306347487659,50.802994837338424,0.9688622697732371,0.04830339872093736,0.7217379994037337
2021-09-15 00:00:00+00:00,48121.41,43204.71174,21.44451269693216,0.7217379994037337,0.483825363210258,-0.2903975161608398,Bearish (<49%),0.9749279121818236,-0.2225209339563143,-0.8660254037844384,-0.5000000000000004,47086.27827339673,46991.53355595755,0.021983723593378794,53.65977925507438,0.9541372002108078,0.02143615828994716,-0.2903975161608398
2021-09-16 00:00:00+00:00,47737.82,40725.08895,21.390298601499115,-0.2903975161608398,0.4888335918539473,-0.3317147941477817,Bearish (<49%),0.4338837391175582,-0.900968867902419,-0.8660254037844384,-0.5000000000000004,47186.51546210492,47046.81403329403,0.011683518744625787,52.41477617422623,0.9724110500310307,-0.007971295936673561,-0.3317147941477817
2021-09-17 00:00:00+00:00,47299.98,34461.92776,21.216205689314187,-0.3317147941477817,0.4816753646401352,0.7063338319675113,Bearish (<49%),-0.433883739117558,-0.9009688679024191,-0.8660254037844384,-0.5000000000000004,47203.97154485801,47065.567067864846,0.0020339063006754887,50.96134240770334,0.8276177555065141,-0.009171763603784133,0.7063338319675113
2021-09-18 00:00:00+00:00,48292.74,30906.47038,21.12302243443521,0.7063338319675113,0.4924504378167042,-0.7650720896969478,Neutral,-0.9749279121818236,-0.2225209339563146,-0.8660254037844384,-0.5000000000000004,47371.474384110625,47156.46876654152,0.019447687197137038,54.071197485758695,0.8446782162852409,0.020988592384182825,-0.7650720896969478
2021-09-19 00:00:00+00:00,47241.75,29847.24349,21.07507899718973,-0.7650720896969478,0.4806741967581274,-3.0949621394825355,Bearish (<49%),-0.7818314824680299,0.6234898018587334,-0.8660254037844384,-0.5000000000000004,47351.51678655514,47162.78589494585,-0.0023181260919250646,50.42542046771812,0.9209200769008287,-0.02176289852263502,-3.0949621394825355
2021-09-20 00:00:00+00:00,43015.62,78003.524443,21.96370728469372,-3.0949621394825355,0.4629068136195011,-1.8413096482375133,Bearish (<49%),0.0,1.0,-0.8660254037844384,-0.5000000000000004,46684.455742469734,46855.58842124616,-0.07858795147379478,39.029568139557846,1.5169062109925828,-0.08945752432964482,-1.8413096482375133
2021-09-21 00:00:00+00:00,40734.38,84534.080485,21.990776038959687,-1.8413096482375133,0.4606750713626101,2.357555161400837,Bearish (<49%),0.7818314824680298,0.6234898018587336,-0.8660254037844384,-0.5000000000000004,45769.059474397465,46402.165575227926,-0.1100018119711154,34.4974881359942,1.3750869469250424,-0.05303282853995839,2.357555161400837
2021-09-22 00:00:00+00:00,43543.61,58349.05542,21.63258813434275,2.357555161400837,0.5025189592006596,1.0286116754996637,Neutral,0.9749279121818236,-0.2225209339563143,-0.8660254037844384,-0.5000000000000004,45426.68263218247,46190.42071780364,-0.04145300785949114,43.23844730913611,1.7458551362483044,0.0689645945267856,1.0286116754996637
2021-09-23 00:00:00+00:00,44865.26,48699.57655,21.48743576994857,1.0286116754996637,0.5031461336186916,-1.592266114081395,Neutral,0.4338837391175582,-0.900968867902419,-0.8660254037844384,-0.5000000000000004,45340.30991953902,46092.260664633,-0.01047742991572045,46.833095240020405,1.836737651043058,0.03035232953813427,-1.592266114081395
2021-09-24 00:00:00+00:00,42810.57,84113.426292,22.00328766416028,-1.592266114081395,0.4987643284956769,-0.1285412598159068,Neutral,-0.433883739117558,-0.9009688679024191,-0.8660254037844384,-0.5000000000000004,44951.11916268686,45849.172467252785,-0.047619485400125325,42.34353562763742,1.9035494385367613,-0.045796903885099605,-0.1285412598159068
2021-09-25 00:00:00+00:00,42670.64,33594.57189,21.079707877511925,-0.1285412598159068,0.4928096584831938,0.379393896196481,Neutral,-0.9749279121818236,-0.2225209339563146,-0.8660254037844384,-0.5000000000000004,44600.276214581194,45613.72561782665,-0.043265118029702634,42.04790836084335,1.843703944336122,-0.003268585304984306,0.379393896196481
2021-09-26 00:00:00+00:00,43160.9,49879.99765,21.47687625184396,0.379393896196481,0.4964463840547114,-0.8242760047392963,Neutral,-0.7818314824680299,0.6234898018587334,-0.8660254037844384,-0.5000000000000004,44378.83372003024,45432.03483132097,-0.027444022700410204,43.535331264834205,1.8746858796960115,0.011489398799736872,-0.8242760047392963
2021-09-27 00:00:00+00:00,42147.35,39776.84383,21.270758319286163,-0.8242760047392963,0.4854043609522852,-0.9313010165649996,Bearish (<49%),0.0,1.0,-0.8660254037844384,-0.5000000000000004,44035.52853233328,45188.72484381571,-0.0428785254830512,41.182035268485365,1.490339592907751,-0.023483059899121694,-0.9313010165649996
2021-09-28 00:00:00+00:00,41026.54,43372.2624,21.32007026809685,-0.9313010165649996,0.477496195817537,0.4015157679566112,Bearish (<49%),0.7818314824680298,0.6234898018587336,-0.8660254037844384,-0.5000000000000004,43572.60721966662,44880.41485538492,-0.05843274897072134,38.69134333929288,1.3445376317481397,-0.026592656477809395,0.4015157679566112
2021-09-29 00:00:00+00:00,41524.28,33511.53487,21.05947052067595,0.4015157679566112,0.4875463527224588,1.8901755442903243,Bearish (<49%),0.9749279121818236,-0.2225209339563143,-0.8660254037844384,-0.5000000000000004,43257.47995510252,44631.812273504554,-0.040067057926199856,40.41482110325875,0.9187731355348804,0.012132146654336484,1.8901755442903243
2021-09-30 00:00:00+00:00,43824.1,46381.22781,21.419152264124687,1.8901755442903243,0.5034135757606198,3.374751136332793,Neutral,0.4338837391175582,-0.900968867902419,-0.8660254037844384,-0.5000000000000004,43344.65226970213,44571.98173472644,0.011061289113928452,47.726859499647325,1.14628829647775,0.05538494586781506,3.374751136332793
2021-10-01 00:00:00+00:00,48141.61,66244.87492,21.84692673551081,3.374751136332793,0.515615483480786,-0.378303993220657,Bullish (>51%),-0.433883739117558,-0.9009688679024191,-1.0,-1.8369701987210294e-16,44082.645766671034,44836.398643265224,0.09207623913530555,58.11778146427216,1.5468175822873984,0.09851907968446594,-0.378303993220657
2021-10-02 00:00:00+00:00,47634.9,30508.98131,21.10106157467753,-0.378303993220657,0.4975749096881268,0.3922647861715079,Neutral,-0.9749279121818236,-0.2225209339563146,-1.0,-1.8369701987210294e-16,44629.14641795241,45043.69504006039,0.06734956465218216,56.69342403756454,1.5689981236660995,-0.010525406192273157,0.3922647861715079
2021-10-03 00:00:00+00:00,48200.01,30825.05601,21.11717406226264,0.3922647861715079,0.5004634909664192,0.7158162766205743,Neutral,-0.7818314824680299,0.6234898018587334,-1.0,-1.8369701987210294e-16,45178.51004595974,45277.49614820407,0.06687914123255762,57.931715724593104,1.5687602922579755,0.011863360687227154,0.7158162766205743
2021-10-04 00:00:00+00:00,49224.94,46796.49372,21.537950933047934,0.7158162766205743,0.4921841268239359,1.5550736662562177,Neutral,0.0,1.0,-1.0,-1.8369701987210294e-16,45801.0377311967,45569.89939648524,0.07475599764568565,60.15691040954198,1.4452881784723655,0.021264103472177665,1.5550736662562177
2021-10-05 00:00:00+00:00,51471.99,52125.66793,21.685715399406394,1.5550736662562177,0.511982129338635,2.5536520166217005,Bullish (>51%),0.7818314824680298,0.6234898018587336,-1.0,-1.8369701987210294e-16,46673.49192639721,46007.091293041885,0.10280992219673393,64.58035536942421,1.2462403573082372,0.045648608205515195,2.5536520166217005
2021-10-06 00:00:00+00:00,55315.0,79877.545181,22.1671041419062,2.5536520166217005,0.5090795845673098,-0.9678915609523115,Neutral,0.9749279121818236,-0.2225209339563143,-1.0,-1.8369701987210294e-16,48002.95470695149,46696.56601207582,0.15232490036680235,70.59341687936185,1.2992128949556,0.07466216091509192,-0.9678915609523115
2021-10-07 00:00:00+00:00,53785.22,54917.37766,21.816243320238108,-0.9678915609523115,0.4822862929467852,0.090315061900384,Bearish (<49%),0.4338837391175582,-0.900968867902419,-1.0,-1.8369701987210294e-16,48892.53398280511,47221.6514926628,0.10007020742503529,65.80437779403114,1.5585894003709155,-0.027655789568833078,0.090315061900384
2021-10-08 00:00:00+00:00,53951.43,46160.25785,21.648352818173468,0.090315061900384,0.4905343772900957,0.6208026061484874,Neutral,-0.433883739117558,-0.9009688679024191,-1.0,-1.8369701987210294e-16,49670.82567775817,47720.153604317406,0.08617944767039817,66.07367623225028,1.1869053209734008,0.003090254162760653,0.6208026061484874
2021-10-09 00:00:00+00:00,54949.72,55177.08013,21.83013156895275,0.6208026061484874,0.5017798590423527,-0.1981361433901655,Neutral,-0.9749279121818236,-0.2225209339563146,-1.0,-1.8369701987210294e-16,50482.96326579537,48255.677041034636,0.08848047826921193,67.71807449763025,1.112164799753343,0.01850349471737811,-0.1981361433901655
2021-10-10 00:00:00+00:00,54659.0,89237.836128,22.31737858166454,-0.1981361433901655,0.5004258023911012,1.7548349053430403,Neutral,-0.7818314824680299,0.6234898018587334,-1.0,-1.8369701987210294e-16,51125.430455673006,48729.99726021726,0.06911569277427766,66.70410327298978,1.1614460341910435,-0.005290654802244665,1.7548349053430403
2021-10-11 00:00:00+00:00,57471.35,52933.165751,21.820101086857225,1.7548349053430403,0.5074102149745803,-0.8990246004771522,Neutral,0.0,1.0,-1.0,-1.8369701987210294e-16,52101.72577018486,49377.50487057153,0.10306039100316906,71.19710255467365,1.2389102351084804,0.05145264274867811,-0.8990246004771522
2021-10-12 00:00:00+00:00,55996.93,53471.2855,21.82759862659967,-0.8990246004771522,0.4891867144282514,0.8260482210302966,Bearish (<49%),0.7818314824680298,0.6234898018587336,-1.0,-1.8369701987210294e-16,52700.98795938719,49867.8326579366,0.06254042226215482,66.15679950958308,1.3248521878734698,-0.025654869774244027,0.8260482210302966
2021-10-13 00:00:00+00:00,57367.0,55808.44492,21.862158433441763,0.8260482210302966,0.501449773598171,-0.0274793827116821,Neutral,0.9749279121818236,-0.2225209339563143,-1.0,-1.8369701987210294e-16,53418.83596563531,50423.32653512648,0.07390958569191898,68.3957574826847,0.9767815875187426,0.02446687702343686,-0.0274793827116821
2021-10-14 00:00:00+00:00,57347.94,43053.336781,21.632296595510734,-0.0274793827116821,0.5096066093693004,2.579313968637108,Neutral,0.4338837391175582,-0.900968867902419,-1.0,-1.8369701987210294e-16,54023.313509383726,50936.260865857854,0.061540588213619955,68.32803415904725,0.8497595312325205,-0.00033224676207577186,2.579313968637108
2021-10-15 00:00:00+00:00,61672.42,82512.908022,22.32454845896065,2.579313968637108,0.5322037167723082,-0.4607439139421351,Bullish (>51%),-0.433883739117558,-0.9009688679024191,-1.0,-1.8369701987210294e-16,55200.09912332469,51731.53191283135,0.11725197924400906,74.49795723709755,1.1937987277932829,0.0754077653007239,-0.4607439139421351
2021-10-16 00:00:00+00:00,60875.57,35467.88096,21.49954666275705,-0.4607439139421351,0.4873835812039445,0.3530113095184024,Bearish (<49%),-0.9749279121818236,-0.2225209339563146,-1.0,-1.8369701987210294e-16,56073.248488967045,52408.86806743644,0.0856437185367967,71.72524906946529,1.2681740394913215,-0.012920686426769024,0.3530113095184024
2021-10-17 00:00:00+00:00,61528.33,39099.24124,21.586871272277843,0.3530113095184024,0.4933584992505087,0.2533023211693867,Neutral,-0.7818314824680299,0.6234898018587334,-1.0,-1.8369701987210294e-16,56912.49179835673,53084.38376614485,0.08110413119842609,72.62410435027485,1.2334658700252652,0.01072285647592297,0.2533023211693867
2021-10-18 00:00:00+00:00,62009.84,51798.44844,21.884881479429428,0.2533023211693867,0.4992250959013474,1.2443022332078273,Neutral,0.0,1.0,-1.0,-1.8369701987210294e-16,57696.69921399415,53745.52867235634,0.0747554165968598,73.29842176931122,1.1225962896066937,0.007825825924415497,1.2443022332078273
2021-10-19 00:00:00+00:00,64280.59,53628.107744,21.93843491055329,1.2443022332078273,0.5116075624926304,0.9053316216543622,Bullish (>51%),0.7818314824680298,0.6234898018587336,-1.0,-1.8369701987210294e-16,58709.60548876428,54525.90358551513,0.09489051178008473,76.26729696940177,1.003159036977389,0.03661918818045651,0.9053316216543622
2021-10-20 00:00:00+00:00,66001.41,51428.934856,21.936063234682585,0.9053316216543622,0.5371293534145054,-2.001931592751391,Bullish (>51%),0.9749279121818236,-0.2225209339563143,-1.0,-1.8369701987210294e-16,59831.42156741593,55375.94109769919,0.1031228787641616,78.24167902335473,1.0055130476653593,0.026770445013028166,-2.001931592751391
2021-10-21 00:00:00+00:00,62193.15,68538.64537,22.20663200050188,-2.001931592751391,0.467014106234589,-0.8488715825922742,Bearish (<49%),0.4338837391175582,-0.900968867902419,-1.0,-1.8369701987210294e-16,60194.76440319809,55880.919534906665,0.03319866132237474,65.2954636013057,1.4289125594976155,-0.05769967641600382,-0.8488715825922742
2021-10-22 00:00:00+00:00,60688.22,52119.35886,21.895555306801818,-0.8488715825922742,0.4881236403605292,0.3233955670578214,Bearish (<49%),-0.433883739117558,-0.9009688679024191,-1.0,-1.8369701987210294e-16,60270.680648859925,56237.01586565432,0.006927735785376008,61.00001061345028,1.1145396479043397,-0.02419768093431507,0.3233955670578214
2021-10-23 00:00:00+00:00,61286.75,27626.93678,21.24569688977938,0.3233955670578214,0.4833170317190699,-0.2600692784056442,Bearish (<49%),-0.9749279121818236,-0.2225209339563146,-1.0,-1.8369701987210294e-16,60426.99901057378,56611.070245976225,0.01422792797100143,62.068763421077755,1.109213588191541,0.009862375268215207,-0.2600692784056442
2021-10-24 00:00:00+00:00,60852.22,31226.57676,21.35968104393692,-0.2600692784056442,0.5022058203987391,1.243284788741574,Neutral,-0.7818314824680299,0.6234898018587334,-1.0,-1.8369701987210294e-16,60492.41762433166,56925.22948701502,0.005947892145802048,60.766803259522376,1.1038934684777642,-0.007090113278971355,1.243284788741574
2021-10-25 00:00:00+00:00,63078.78,36853.83806,21.560227454859195,1.243284788741574,0.5040792410753866,-1.5165093543574193,Neutral,0.0,1.0,-1.0,-1.8369701987210294e-16,60890.319528280634,57381.04804353243,0.035941024594277754,64.83695331008101,1.208431391816887,0.036589626475418635,-1.5165093543574193
2021-10-26 00:00:00+00:00,60328.81,40217.50083,21.63659463996451,-1.5165093543574193,0.4649539221505127,-1.1087648954555682,Bearish (<49%),0.7818314824680298,0.6234898018587336,-1.0,-1.8369701987210294e-16,60803.93344700668,57599.40078104855,-0.007814024851217493,56.97517761811204,1.2180624606779051,-0.04359580194797685,-1.1087648954555682
2021-10-27 00:00:00+00:00,58413.44,62124.49016,22.02843316331929,-1.1087648954555682,0.4826346444498531,1.2580880733176654,Bearish (<49%),0.9749279121818236,-0.2225209339563143,-1.0,-1.8369701987210294e-16,60436.16522439027,57659.69998245237,-0.03346878837994103,52.225240038876535,1.1174344325079855,-0.03174884437468595,1.2580880733176654
2021-10-28 00:00:00+00:00,60575.89,61056.35301,22.02553431941802,1.2580880733176654,0.4986777059057757,0.9372496354764376,Neutral,0.4338837391175582,-0.900968867902419,-1.0,-1.8369701987210294e-16,60457.66134371485,57875.71405782626,0.00195556119203811,56.62215682085151,1.1129802623666634,0.0370197338146836,0.9372496354764376
2021-10-29 00:00:00+00:00,62253.71,43973.90414,21.71877099041266,0.9372496354764376,0.5062745563623726,-0.234158971951316,Neutral,-0.433883739117558,-0.9009688679024191,-1.0,-1.8369701987210294e-16,60733.97652160487,58200.010053542836,0.0250227889796499,59.71975984349424,1.1253567173920802,0.027697818389461615,-0.234158971951316
2021-10-30 00:00:00+00:00,61859.19,31478.12566,21.38485024277817,-0.234158971951316,0.4950584167024384,-0.3272815759850137,Neutral,-0.9749279121818236,-0.2225209339563146,-1.0,-1.8369701987210294e-16,60907.08628751181,58471.06041994707,0.01563206796650536,58.65903903193524,1.1287203661396725,-0.006337292990249099,-0.3272815759850137
2021-10-31 00:00:00+00:00,61299.8,39267.63794,21.59729874288068,-0.3272815759850137,0.4930798763497003,-0.2342798030949709,Neutral,-0.7818314824680299,0.6234898018587334,-1.0,-1.8369701987210294e-16,60967.50378174076,58680.59668513617,0.005450382542294037,57.11012780847867,1.1320348978066073,-0.009042957077194158,-0.2342798030949709
2021-11-01 00:00:00+00:00,60911.11,44687.66672,21.730231588206458,-0.2342798030949709,0.4954377054126043,1.2885819307272053,Neutral,0.0,1.0,-0.8660254037844386,0.5000000000000001,60958.827815319106,58845.819893644606,-0.0007827876130372979,56.00355365811025,0.9993838435985072,-0.006340803722035049,1.2885819307272053
2021-11-02 00:00:00+00:00,63219.99,46368.2841,21.79115119789755,1.2885819307272053,0.5144064155697321,-0.1921665996447256,Bullish (>51%),0.7818314824680298,0.6234898018587336,-0.8660254037844386,0.5000000000000001,61306.69892065463,59169.83249411538,0.031208515758149393,60.85554798290721,0.9319766502165499,0.03790572852801399,-0.1921665996447256
2021-11-03 00:00:00+00:00,62896.48,43336.09049,21.72146442849608,-0.1921665996447256,0.4767930733107531,-0.8376652712526766,Bearish (<49%),0.9749279121818236,-0.2225209339563143,-0.8660254037844386,0.5000000000000001,61551.2806251693,59445.88045751424,0.021854937235548492,59.85944012374678,0.7621678463676109,-0.005117210553180929,-0.8376652712526766
2021-11-04 00:00:00+00:00,61395.01,35930.93314,21.51993395419289,-0.8376652712526766,0.4966021973455488,-0.2727344476238095,Neutral,0.4338837391175582,-0.900968867902419,-0.8660254037844386,0.5000000000000001,61527.23899052787,59590.2604236243,-0.0021491130220912947,55.332544664015025,0.7606393123854474,-0.023872083143603562,-0.2727344476238095
2021-11-05 00:00:00+00:00,60937.12,31604.48749,21.38767725777963,-0.2727344476238095,0.4989530345964171,0.2852741292736216,Neutral,-0.433883739117558,-0.9009688679024191,-0.8660254037844386,0.5000000000000001,61436.45145352358,59690.027799652125,-0.008127608963569762,53.991562823866836,0.6578511746652945,-0.0074580979789725665,0.2852741292736216
2021-11-06 00:00:00+00:00,61470.61,25590.57408,21.1658821744269,0.2852741292736216,0.4889115645036752,0.993451813949645,Bearish (<49%),-0.9749279121818236,-0.2225209339563146,-0.8660254037844386,0.5000000000000001,61441.70661451995,59821.92277745567,0.000470419639568092,55.34931402716783,0.6714143481460993,0.008754762286107276,0.993451813949645
2021-11-07 00:00:00+00:00,63273.59,25515.6883,21.18431998894398,0.993451813949645,0.5317159255311956,2.2969605339491004,Bullish (>51%),-0.7818314824680299,0.6234898018587334,-0.8660254037844386,0.5000000000000001,61723.53482767072,60077.60183097747,0.02511287107352093,59.67996267256326,0.7577335042720141,0.029330764734561754,2.2969605339491004
2021-11-08 00:00:00+00:00,67525.83,54442.094554,21.99743132059433,2.2969605339491004,0.5304569317654618,-0.3107352188404786,Bullish (>51%),0.0,1.0,-0.8660254037844386,0.5000000000000001,62616.19562341369,60629.32243609025,0.07840837865835598,67.64926804183474,1.0805514134113243,0.06720402619797627,-0.3107352188404786
2021-11-09 00:00:00+00:00,66947.66,44661.378068,21.826642412384277,-0.3107352188404786,0.4980418745282144,-1.0777746427133212,Neutral,0.7818314824680298,0.6234898018587336,-0.8660254037844386,0.5000000000000001,63282.57475827312,61097.347440824306,0.05791618396891691,65.7464625251231,1.0570218158396911,-0.008562205011030555,-1.0777746427133212
2021-11-10 00:00:00+00:00,64882.43,65171.504046,22.190120253309093,-1.0777746427133212,0.4809578017238323,-0.073424284042557,Bearish (<49%),0.9749279121818236,-0.2225209339563143,-0.8660254037844386,0.5000000000000001,63528.70633392341,61377.72392668917,0.0213088498758509,59.32723241284392,1.1699673623917435,-0.030848426965184528,-0.073424284042557
2021-11-11 00:00:00+00:00,64774.26,37237.98058,21.60518759767772,-0.073424284042557,0.4992084560026912,-0.3624988458877937,Neutral,0.4338837391175582,-0.900968867902419,-0.8660254037844386,0.5000000000000001,63720.329974858265,61629.31919137886,0.016539933574693976,59.00229289572965,1.0953000261799937,-0.0016671693708142366,-0.3624988458877937
2021-11-12 00:00:00+00:00,64122.23,44490.10816,21.768578098911824,-0.3624988458877937,0.4726546254815847,0.1223139978020305,Bearish (<49%),-0.433883739117558,-0.9009688679024191,-0.8660254037844386,0.5000000000000001,63782.160747956994,61813.97925127672,0.005331729876427902,56.97652433662616,1.1031152597793379,-0.010066189872335096,0.1223139978020305
2021-11-13 00:00:00+00:00,64380.0,22504.97383,21.08960307968569,0.1223139978020305,0.4929600084764906,0.5929204645751177,Neutral,-0.9749279121818236,-0.2225209339563146,-0.8660254037844386,0.5000000000000001,63874.13601750207,62004.05486229326,0.007919699803991424,57.59635576909803,1.1039703918530388,0.004019978718768691,0.5929204645751177
2021-11-14 00:00:00+00:00,65519.1,25705.07347,21.229163607540123,0.5929204645751177,0.4913362397014771,-1.0206206096314565,Neutral,-0.7818314824680299,0.6234898018587334,-0.8660254037844386,0.5000000000000001,64127.20739942483,62264.42857619746,0.02170518032861751,60.317088001041895,1.067392022968996,0.017693383038210664,-1.0206206096314565
2021-11-15 00:00:00+00:00,63606.74,37829.37124,21.623799443966828,-1.0206206096314565,0.5064972848330112,-1.935799176258569,Neutral,0.0,1.0,-0.8660254037844386,0.5000000000000001,64047.13549182101,62363.859052034684,-0.006876115355342541,54.047348523470795,0.5993210612198856,-0.029187824619080538,-1.935799176258569
2021-11-16 00:00:00+00:00,60058.87,77455.15609,22.27204973590832,-1.935799176258569,0.469630764254522,0.147852433543601,Bearish (<49%),0.7818314824680298,0.6234898018587336,-0.8660254037844386,0.5000000000000001,63433.55618538702,62193.119122254335,-0.05320033099712025,44.7530875620589,0.8602064794443208,-0.05577820840998915,0.147852433543601
2021-11-17 00:00:00+00:00,60344.87,46289.38491,21.741319360295183,0.147852433543601,0.4870499747152506,-1.9856027945140704,Bearish (<49%),0.9749279121818236,-0.2225209339563143,-0.8660254037844386,0.5000000000000001,62958.37369532748,62056.21177986512,-0.041511613816057634,45.5657233487839,0.8563761418892922,0.004761994356537125,-1.9856027945140704
2021-11-18 00:00:00+00:00,56891.62,62146.99931,22.01657396506938,-1.9856027945140704,0.4785782966228301,0.6860945893157008,Bearish (<49%),0.4338837391175582,-0.900968867902419,-0.8660254037844386,0.5000000000000001,62025.026972969405,61673.64942580104,-0.08276347828444393,38.24987600949009,1.0354818374619685,-0.05722524549311314,0.6860945893157008
2021-11-19 00:00:00+00:00,58052.24,50715.88726,21.78666190873504,0.6860945893157008,0.4746498001028957,0.9653219720013748,Bearish (<49%),-0.433883739117558,-0.9009688679024191,-0.8660254037844386,0.5000000000000001,61413.82897712795,61405.3968757417,-0.054736677929329146,41.64127490314287,1.1508129972619419,0.020400544052006087,0.9653219720013748
2021-11-20 00:00:00+00:00,59707.51,33811.5901,21.407734886797623,0.9653219720013748,0.4933894212209794,-0.6417614413889423,Neutral,-0.9749279121818236,-0.2225209339563146,-0.8660254037844386,0.5000000000000001,61151.31836526211,61279.62747753861,-0.023610420901118014,46.1811020539776,1.263512541793127,0.028513456156041617,-0.6417614413889423
2021-11-21 00:00:00+00:00,58622.02,31902.22785,21.358030524825757,-0.6417614413889423,0.4685918224986911,-1.4103396810139182,Bearish (<49%),-0.7818314824680299,0.6234898018587334,-0.8660254037844386,0.5000000000000001,60762.195539837165,61082.767664387604,-0.03522215615849524,43.77611677382911,1.1917644188882675,-0.01818012507974298,-1.4103396810139182
2021-11-22 00:00:00+00:00,56247.18,51724.32047,21.81136382158472,-1.4103396810139182,0.4801412831397995,0.7758094924702066,Bearish (<49%),0.0,1.0,-0.8660254037844386,0.5000000000000001,60067.577764477595,60724.575985544085,-0.06360166177263234,38.99185201502994,1.226520114720506,-0.04051105710789216,0.7758094924702066
2021-11-23 00:00:00+00:00,57541.27,49917.85017,21.76608724926473,0.7758094924702066,0.505183014575325,-0.257082101218514,Neutral,0.7818314824680298,0.6234898018587336,-0.8660254037844386,0.5000000000000001,59678.91503148104,60488.77554217045,-0.03581910010182692,42.668770771138796,1.159327159555379,0.02300719787196437,-0.257082101218514
2021-11-24 00:00:00+00:00,57138.29,39612.04964,21.53258330642135,-0.257082101218514,0.4954324951209468,1.0814924757989752,Neutral,0.9749279121818236,-0.2225209339563143,-0.8660254037844386,0.5000000000000001,59288.049642022415,60240.5914279356,-0.036259577688969875,41.823453431404864,1.148609577878381,-0.007003321268369556,1.0814924757989752
2021-11-25 00:00:00+00:00,58960.36,42153.51522,21.62166093599588,1.0814924757989752,0.5008551210927932,-3.071251791717672,Neutral,0.4338837391175582,-0.900968867902419,-0.8660254037844386,0.5000000000000001,59237.63585094204,60145.75947031074,-0.004680737962597621,46.941786218578144,0.9517992274549318,0.03188877371023868,-3.071251791717672
2021-11-26 00:00:00+00:00,53726.53,65927.87066,22.017815964330275,-3.071251791717672,0.4745712183145458,0.6210405510436728,Bearish (<49%),-0.433883739117558,-0.9009688679024191,-0.8660254037844386,0.5000000000000001,58389.77341233558,59670.26099102846,-0.07986404364690357,36.899359923331986,1.5093220982811977,-0.08876862352943571,0.6210405510436728
2021-11-27 00:00:00+00:00,54721.03,29716.99957,21.207648788608225,0.6210405510436728,0.4866890405921286,1.5902398568771972,Bearish (<49%),-0.9749279121818236,-0.2225209339563146,-0.8660254037844386,0.5000000000000001,57825.351348899334,59303.65128798931,-0.053684435571672906,39.545877729867065,1.4636500759456015,0.018510408172647708,1.5902398568771972
2021-11-28 00:00:00+00:00,57274.88,36163.7137,21.407472355400188,1.5902398568771972,0.5121348986345946,0.2852393003006836,Bullish (>51%),-0.7818314824680299,0.6234898018587334,-0.8660254037844386,0.5000000000000001,57740.66344906867,59153.37193332344,-0.008066818447272027,45.82909954551114,1.638579225656731,0.046670356899349175,0.2852393003006836
2021-11-29 00:00:00+00:00,57776.25,40125.28009,21.561971755564105,0.2852393003006836,0.4864825949181306,-0.5079126146386734,Bearish (<49%),0.0,1.0,-0.8660254037844386,0.5000000000000001,57746.138303058106,59051.3629012254,0.0005214495345795241,46.993843403277765,1.5338333555174377,0.008753750335225519,-0.5079126146386734
2021-11-30 00:00:00+00:00,56950.56,49161.05194,21.76129411216881,-0.5079126146386734,0.4855022813411344,0.1250758199531239,Bearish (<49%),0.7818314824680298,0.6234898018587336,-0.8660254037844386,0.5000000000000001,57623.741641049164,58895.747871505,-0.011682366015774567,45.26762612695308,1.522753491617395,-0.014291166352956464,0.1250758199531239
2021-12-01 00:00:00+00:00,57184.07,44956.63656,21.67296376776669,0.1250758199531239,0.4782674211248868,-0.439601594188609,Bearish (<49%),0.9749279121818236,-0.2225209339563143,-0.5000000000000004,0.8660254037844384,57556.099850118524,58768.95691806018,-0.006463777967710198,45.87316257393466,1.520392191159194,0.004100223070677478,-0.439601594188609
2021-12-02 00:00:00+00:00,56480.34,37574.05976,21.478030135862088,-0.439601594188609,0.4890468396912988,-1.7706087420541818,Bearish (<49%),0.4338837391175582,-0.900968867902419,-0.5000000000000004,0.8660254037844384,57390.59833471567,58599.429738944615,-0.015860757007739004,44.28308208630856,1.4500863542545168,-0.012306399317152494,-1.7706087420541818
2021-12-03 00:00:00+00:00,53601.05,58927.69027,21.900750458188345,-1.7706087420541818,0.4630634152632298,-2.872512093158881,Bearish (<49%),-0.433883739117558,-0.9009688679024191,-0.5000000000000004,0.8660254037844384,56807.59089860557,58229.17938791168,-0.05644564129341171,38.41583087011395,1.048531402578243,-0.050978623712250926,-2.872512093158881
2021-12-04 00:00:00+00:00,49152.47,114203.373748,22.42723400002433,-2.872512093158881,0.4630034178909361,0.1547119611318254,Bearish (<49%),-0.9749279121818236,-0.2225209339563146,-0.5000000000000004,0.8660254037844384,55629.87999112779,57556.83054436267,-0.11643760497345755,31.47667853237577,1.4504157323869304,-0.08299426970180623,0.1547119611318254
2021-12-05 00:00:00+00:00,49396.33,45580.82012,21.52593361563909,0.1547119611318254,0.4918933705223556,0.712486663319179,Neutral,-0.7818314824680299,0.6234898018587334,-0.5000000000000004,0.8660254037844384,54670.87230018505,56952.34902255803,-0.09647810759674301,32.19966781689341,1.1797204458590234,0.004961296960254602,0.712486663319179
2021-12-06 00:00:00+00:00,50441.92,58571.21575,21.77112115025222,0.712486663319179,0.4920565018321307,0.0842776323155969,Neutral,0.0,1.0,-0.5000000000000004,0.8660254037844384,54020.26425400274,56470.09502088706,-0.06624077655706015,35.3493856252056,1.2492744520480825,0.021167362028717385,0.0842776323155969
2021-12-07 00:00:00+00:00,50588.95,38253.46877,21.391389268953464,0.0842776323155969,0.4882984887542788,-0.0961609872731719,Bearish (<49%),0.7818314824680298,0.6234898018587336,-0.5000000000000004,0.8660254037844384,53492.369753386934,56034.454648969506,-0.054277269202550216,35.80103051502023,1.2807015502176726,0.00291483750023791,-0.0961609872731719
2021-12-08 00:00:00+00:00,50471.19,38425.92466,21.37843010725855,-0.0961609872731719,0.4717347410736323,-2.011088960358961,Bearish (<49%),0.9749279121818236,-0.2225209339563143,-0.5000000000000004,0.8660254037844384,53027.572868250485,55622.36097126806,-0.048208558868080516,35.58659957024375,1.2632337733059873,-0.002327781066813861,-2.011088960358961
2021-12-09 00:00:00+00:00,47545.59,37692.68665,21.333832717268017,-2.011088960358961,0.4801212438912204,-0.3092548047980006,Bearish (<49%),0.4338837391175582,-0.900968867902419,-0.5000000000000004,0.8660254037844384,52184.190888519646,55024.081640063014,-0.0888890066041079,30.67153452408587,1.364728300693584,-0.057965742436427714,-0.3092548047980006
2021-12-10 00:00:00+00:00,47140.54,44233.57391,21.481743594971896,-0.3092548047980006,0.4780070751918133,1.626295601890711,Bearish (<49%),-0.433883739117558,-0.9009688679024191,-0.5000000000000004,0.8660254037844384,51408.24459797816,54440.115592650945,-0.08301595651344233,30.05265795684265,1.3071351985021251,-0.0085191917904478,1.626295601890711
2021-12-11 00:00:00+00:00,49389.99,28889.19358,21.05796839116116,1.626295601890711,0.5002655411608758,0.4466046415381957,Neutral,-0.9749279121818236,-0.2225209339563146,-0.5000000000000004,0.8660254037844384,51097.7438905969,54066.032215417545,-0.03342131688344794,37.58468842983328,1.105227134991247,0.04771795147022062,0.4466046415381957
2021-12-12 00:00:00+00:00,50053.9,26017.93421,20.979701704393,0.4466046415381957,0.5098794332757289,-2.32033447123008,Neutral,-0.7818314824680299,0.6234898018587334,-0.5000000000000004,0.8660254037844384,50937.152522812765,53768.837236497726,-0.017340045115737262,39.650230372235725,1.1164722026319467,0.013442197497914199,-2.32033447123008
2021-12-13 00:00:00+00:00,46702.75,50869.52093,21.608638906071736,-2.32033447123008,0.461711106584231,1.1929464631435276,Bearish (<49%),0.0,1.0,-0.5000000000000004,0.8660254037844384,50285.70598084157,53245.42336712752,-0.07125197729562847,33.60496153803888,1.3804617269455322,-0.06695082700848487,1.1929464631435276
2021-12-14 00:00:00+00:00,48343.28,39955.98445,21.358480554889518,1.1929464631435276,0.5008212453141045,0.3553763458611216,Neutral,0.7818314824680298,0.6234898018587336,-0.5000000000000004,0.8660254037844384,49986.871214558254,52882.30163622918,-0.0328804579007052,38.54470298763128,1.4995340215777833,0.035127053546097464,0.3553763458611216
2021-12-15 00:00:00+00:00,48864.98,51629.181,21.63434795112879,0.3553763458611216,0.5009021721650011,-0.8842160249623738,Neutral,0.9749279121818236,-0.2225209339563143,-0.5000000000000004,0.8660254037844384,49814.27256616468,52584.72225576776,-0.019056638133253815,40.071644132745746,1.514887578995758,0.010791572272299321,-0.8842160249623738
2021-12-16 00:00:00+00:00,47632.38,31949.86739,21.162295083535707,-0.8842160249623738,0.4783094778910755,-1.100749430097754,Bearish (<49%),0.4338837391175582,-0.900968867902419,-0.5000000000000004,0.8660254037844384,49478.59678675473,52217.88208867385,-0.03731344271365753,37.688977199767216,1.3325093436538211,-0.02522460870750398,-1.100749430097754
2021-12-17 00:00:00+00:00,46131.2,43104.4887,21.42436449530796,-1.100749430097754,0.4604339946619062,0.5086602234364507,Bearish (<49%),-0.433883739117558,-0.9009688679024191,-0.5000000000000004,0.8660254037844384,48963.61266571554,51767.016748772076,-0.05784729744214332,34.962371438893015,1.3966802575581019,-0.03151595616259362,0.5086602234364507
2021-12-18 00:00:00+00:00,46834.48,25020.05271,20.87616299061008,0.5086602234364507,0.5050168045789061,-0.1286643570365887,Neutral,-0.9749279121818236,-0.2225209339563146,-0.5000000000000004,0.8660254037844384,48636.053794067,51401.64365627044,-0.037041940156065115,37.25262587441312,1.2193786488975933,0.015245213651498446,-0.1286643570365887
2021-12-19 00:00:00+00:00,46681.23,29305.70665,21.048936083260045,-0.1286643570365887,0.4997927009550544,0.1556929677528061,Neutral,-0.7818314824680299,0.6234898018587334,-0.5000000000000004,0.8660254037844384,48335.31167190284,51051.98338543559,-0.03422097871491226,36.9473034637483,1.182863343995145,-0.003272161877317714,0.1556929677528061
2021-12-20 00:00:00+00:00,46914.16,35848.50609,21.232107364392704,0.1556929677528061,0.4928051240307626,1.433403927055482,Neutral,0.0,1.0,-0.5000000000000004,0.8660254037844384,48116.672953148554,50745.4779494774,-0.02499160642963498,37.78199782655817,0.8001072311515064,0.004989799968852626,1.433403927055482
2021-12-21 00:00:00+00:00,48889.88,37713.92924,21.32606926653541,1.433403927055482,0.5132392845312556,-0.2284500249604068,Bullish (>51%),0.7818314824680298,0.6234898018587336,-0.5000000000000004,0.8660254037844384,48235.62788343339,50608.026249516115,0.013563669537953873,44.49394914712981,0.8619252082398099,0.042113511144609594,-0.2284500249604068
2021-12-22 00:00:00+00:00,48588.16,27004.2022,21.002728166179335,-0.2284500249604068,0.4963134822772139,1.5782142832201158,Neutral,0.9749279121818236,-0.2225209339563143,-0.5000000000000004,0.8660254037844384,48289.86359367441,50458.40652732973,0.0061772054035097255,43.718310407763695,0.8555043252084507,-0.00617142034302387,1.5782142832201158
2021-12-23 00:00:00+00:00,50838.81,35192.54046,21.276075562254764,1.5782142832201158,0.4943567617624613,-0.0287785169879932,Neutral,0.4338837391175582,-0.900968867902419,-0.5000000000000004,0.8660254037844384,48682.00919464757,50486.584562342345,0.044303857647468615,50.631759008028006,0.9492030497630762,0.04632095555789717,-0.0287785169879932
2021-12-24 00:00:00+00:00,50820.0,31684.84269,21.20451223332193,-0.0287785169879932,0.4768325273954516,-0.3007178951867048,Bearish (<49%),-0.433883739117558,-0.9009688679024191,-0.5000000000000004,0.8660254037844384,49010.93085700949,50511.28200216884,0.0369115442485374,50.57584298719386,0.7473933597819384,-0.00036999292469663825,-0.3007178951867048
2021-12-25 00:00:00+00:00,50399.66,19135.51613,20.69434259269984,-0.3007178951867048,0.5188416446439482,0.2406080182748201,Bullish (>51%),-0.9749279121818236,-0.2225209339563146,-0.5000000000000004,0.8660254037844384,49224.58149439264,50503.01370571189,0.02387178255118783,49.266476112140055,0.8010956991075928,-0.008271153089334793,0.2406080182748201
2021-12-26 00:00:00+00:00,50775.49,22569.88914,20.84742869292348,0.2406080182748201,0.5000333408815317,-0.0662382719285299,Neutral,-0.7818314824680299,0.6234898018587334,-0.5000000000000004,0.8660254037844384,49463.18280294762,50523.19713491842,0.02653098977233989,50.50041925110533,0.7757419640588131,0.007456994749567736,-0.0662382719285299
2021-12-27 00:00:00+00:00,50701.44,28792.21566,21.109932174213828,-0.0662382719285299,0.5013887569637633,-2.159585292993432,Neutral,0.0,1.0,-0.5000000000000004,0.8660254037844384,49653.683910186446,50536.400310109646,0.021101276024327556,50.24113397583436,0.792094089239665,-0.0014583808053845182,-2.159585292993432
2021-12-28 00:00:00+00:00,47543.74,45853.33924,21.53067975419261,-2.159585292993432,0.4741894590532333,-0.7972069975164184,Bearish (<49%),0.7818314824680298,0.6234898018587336,-0.5000000000000004,0.8660254037844384,49329.07715477315,50314.72176862004,-0.0361923891089943,40.65528883159594,1.0975184003380822,-0.06228028237462302,-0.7972069975164184
2021-12-29 00:00:00+00:00,46464.66,39498.87,21.351226591202646,-0.7972069975164184,0.4832953221193416,0.4700285663849883,Bearish (<49%),0.9749279121818236,-0.2225209339563143,-0.5000000000000004,0.8660254037844384,48888.39759250036,50029.53200798152,-0.049576948966561486,37.98791496210763,1.1260263039594112,-0.022696573723480662,0.4700285663849883
2021-12-30 00:00:00+00:00,47120.87,30352.29569,21.080069776882045,0.4700285663849883,0.4904579179789877,-0.6762929055079934,Neutral,0.4338837391175582,-0.900968867902419,-0.5000000000000004,0.8660254037844384,48616.470270577236,49814.07556294585,-0.03076324262648852,40.54265231549752,0.8828674988324946,0.014122776320756536,-0.6762929055079934
2021-12-31 00:00:00+00:00,46216.93,34937.99796,21.224474956751457,-0.6762929055079934,0.4956077426023182,1.1052623231313472,Neutral,-0.433883739117558,-0.9009688679024191,-0.5000000000000004,0.8660254037844384,48247.310228949966,49547.62033606098,-0.04208276522183553,38.207577142291754,0.8741297595413839,-0.01918343188485272,1.1052623231313472
2022-01-01 00:00:00+00:00,47722.65,19604.46325,20.64439053713585,1.1052623231313472,0.5071481255677837,-0.3308270928089688,Neutral,-0.9749279121818236,-0.2225209339563146,0.0,1.0,48166.59327064997,49412.437348204614,-0.009216829352149474,43.994028928890785,1.061035317728812,0.032579403261964845,-0.3308270928089688
2022-01-02 00:00:00+00:00,47286.18,18340.4604,20.58010075535409,-0.3308270928089688,0.4997949528028206,-0.6275036621563388,Neutral,-0.7818314824680299,0.6234898018587334,0.0,1.0,48031.14507516536,49254.936803893164,-0.015510041952977446,42.74448349631056,1.0369972930822833,-0.009145971566960398,-0.6275036621563388
2022-01-03 00:00:00+00:00,46446.1,27662.0771,20.979614744086707,-0.6275036621563388,0.4889278704960301,-0.4710993514237445,Bearish (<49%),0.0,1.0,0.0,1.0,47787.29198667838,49046.8748184196,-0.028065871300099243,40.36793965920991,1.0330283864933878,-0.01776586732106511,-0.4710993514237445
2022-01-04 00:00:00+00:00,45832.01,35491.4136,21.223538225170056,-0.4710993514237445,0.4984097922771947,-1.803971454640774,Neutral,0.7818314824680298,0.6234898018587336,0.0,1.0,47486.479373343245,48808.73668372185,-0.03484085144185246,38.67518424915265,0.7081408870577429,-0.013221562197902492,-1.803971454640774
2022-01-05 00:00:00+00:00,43451.13,51784.11857,21.57097298983863,-1.803971454640774,0.4548304625125919,-0.3081866496821361,Bearish (<49%),0.9749279121818236,-0.2225209339563143,0.0,1.0,46865.656392828896,48411.87692937208,-0.07285775247034348,32.91268248340758,0.9220328385707713,-0.0519479726069183,-0.3081866496821361
2022-01-06 00:00:00+00:00,43082.31,38880.37305,21.238760237655253,-0.3081866496821361,0.4955926373242449,-1.2270124644914049,Neutral,0.4338837391175582,-0.900968867902419,0.0,1.0,46283.60310162445,48017.09419386304,-0.06916689469044592,32.11442953383528,0.8533614310061688,-0.008488156694659077,-1.2270124644914049
2022-01-07 00:00:00+00:00,41566.48,54836.50818,21.553497908237333,-1.2270124644914049,0.4836083384986969,0.0777367024115177,Bearish (<49%),-0.433883739117558,-0.9009688679024191,0.0,1.0,45557.89185522069,47539.27092024356,-0.08761186465574551,29.00118189774055,0.9022609308495926,-0.0351845107655554,0.0777367024115177
2022-01-08 00:00:00+00:00,41679.74,32952.73111,21.0360551883156,0.0777367024115177,0.4995803660414719,0.1366231202018094,Neutral,-0.9749279121818236,-0.2225209339563146,0.0,1.0,44961.25310826366,47105.23159281811,-0.07298535697752914,29.55072370035211,0.6380411145596917,0.002724791707163998,0.1366231202018094
2022-01-09 00:00:00+00:00,41864.62,22724.39426,20.67494712936207,0.1366231202018094,0.5016542865596277,-0.0506800546812509,Neutral,-0.7818314824680299,0.6234898018587334,0.0,1.0,44484.848014684634,46717.038141498255,-0.0589015840589066,30.496426785440434,0.7008424809244338,0.004435728245905768,-0.0506800546812509
2022-01-10 00:00:00+00:00,41822.49,50729.17019,21.45952582906316,-0.0506800546812509,0.4860033786805374,0.7302032206923116,Bearish (<49%),0.0,1.0,0.0,1.0,44075.25447396392,46354.4790199058,-0.05111177464204256,30.396291973341278,0.7307990585937342,-0.0010063390041520348,0.7302032206923116
2022-01-11 00:00:00+00:00,42729.29,37296.43729,21.177396408725464,0.7302032206923116,0.4966145631010752,0.9290835721637304,Neutral,0.7818314824680298,0.6234898018587336,0.0,1.0,43868.18301643101,46085.946499912774,-0.02596170933280803,35.3191423483417,0.8718869587469906,0.021682114096984728,0.9290835721637304
2022-01-12 00:00:00+00:00,43902.66,33943.2928,21.10914467199634,0.9290835721637304,0.5180498825971297,-1.0685412358678152,Bullish (>51%),0.9749279121818236,-0.2225209339563143,0.0,1.0,43873.487167749314,45924.22157399331,0.0006649307847162455,41.12204310187788,0.7085641527871634,0.027460554575093665,-1.0685412358678152
2022-01-13 00:00:00+00:00,42560.11,34910.87762,21.13930453081599,-1.0685412358678152,0.4919786336210702,0.3881761351373675,Neutral,0.4338837391175582,-0.900968867902419,0.0,1.0,43671.42914194173,45675.028124067874,-0.025447281295276507,37.02861630233921,0.820477992111132,-0.03058015163545902,0.3881761351373675
2022-01-14 00:00:00+00:00,43059.96,32640.88292,21.054007717357276,0.3881761351373675,0.4728484057195349,0.0034026410815887,Bearish (<49%),-0.433883739117558,-0.9009688679024191,0.0,1.0,43577.35696625838,45481.31937413692,-0.011873069003680067,39.44548354789251,0.6493106613518692,0.011744565509816507,0.0034026410815887
2022-01-15 00:00:00+00:00,43084.29,21936.05616,20.668269128693613,0.0034026410815887,0.5075290685251418,-0.0261336364674262,Neutral,-0.9749279121818236,-0.2225209339563146,0.0,1.0,43501.50050991094,45303.76164271937,-0.009590715378102565,39.56706584270934,0.6515458725671741,0.0005650260706233645,-0.0261336364674262
2022-01-16 00:00:00+00:00,43071.66,20602.35271,20.60358452651577,-0.0261336364674262,0.4879148052407069,-0.7112747741146331,Bearish (<49%),-0.7818314824680299,0.6234898018587334,0.0,1.0,43435.37120069387,45138.42078029571,-0.008373617875011032,39.52270330689879,0.6551057775850676,-0.0002931462953200681,-0.7112747741146331
2022-01-17 00:00:00+00:00,42201.62,27562.08613,20.87974097124938,-0.7112747741146331,0.4879362852495374,0.1066964752003569,Bearish (<49%),0.0,1.0,0.0,1.0,43245.56332366405,44920.87998175529,-0.024139894209513034,36.48776200241483,0.7287993946477561,-0.020199825128634497,0.1066964752003569
2022-01-18 00:00:00+00:00,42352.12,29324.08257,20.92902693489744,0.1066964752003569,0.4954229574043925,-0.5784907110638309,Neutral,0.7818314824680298,0.6234898018587336,0.0,1.0,43108.11050463881,44730.60146458824,-0.01753708283172043,37.383486597472114,0.6649776934856524,0.003566213808853691,-0.5784907110638309
2022-01-19 00:00:00+00:00,41660.01,31685.72159,21.00654708432742,-0.5784907110638309,0.4924534540164783,-0.8249332030900813,Neutral,0.9749279121818236,-0.2225209339563143,0.0,1.0,42885.325811617455,44503.15024498911,-0.028571913315988375,34.94287313715479,0.5223140524393571,-0.01634180296051302,-0.8249332030900813
2022-01-20 00:00:00+00:00,40680.91,42330.33953,21.30257287365324,-0.8249332030900813,0.4772340627148284,-3.599528604254116,Bearish (<49%),0.4338837391175582,-0.900968867902419,0.0,1.0,42546.18491752246,44220.02133795288,-0.04384117920651105,31.781801626282586,0.46518989209721223,-0.023502154704235556,-3.599528604254116
2022-01-21 00:00:00+00:00,36445.31,88860.891999,21.9486581087841,-3.599528604254116,0.4683172190019015,-1.3134969723957617,Bearish (<49%),-0.433883739117558,-0.9009688679024191,0.0,1.0,41607.58877636516,43644.11679440081,-0.12407060654515874,22.358685414111008,1.2884883408191785,-0.10411763158690412,-1.3134969723957617
2022-01-22 00:00:00+00:00,35071.42,90471.338961,21.888767334229712,-1.3134969723957617,0.4722189228504348,1.1352173871418938,Bearish (<49%),-0.9749279121818236,-0.2225209339563146,0.0,1.0,40602.02434923206,43009.10221703779,-0.13621499020988262,20.26030720748402,1.2463482641565868,-0.03769730590849685,1.1352173871418938
2022-01-23 00:00:00+00:00,36244.55,44279.52354,21.17587826146793,1.1352173871418938,0.5158455349991781,0.378797465626956,Bullish (>51%),-0.7818314824680299,0.6234898018587334,0.0,1.0,39931.643680119436,42508.02427503499,-0.09233513425231497,26.595220861764787,1.4560696160464908,0.033449743409305954,0.378797465626956
2022-01-24 00:00:00+00:00,36660.35,91904.753211,21.883926544676925,0.378797465626956,0.5056242611447231,0.2636974441861814,Neutral,0.0,1.0,0.0,1.0,39428.36772933183,42074.863217624996,-0.07020371090007438,28.755647930864455,1.5270146852357065,0.011472069593911227,0.2636974441861814
2022-01-25 00:00:00+00:00,36958.32,49232.40183,21.310621417000217,0.2636974441861814,0.507560627374738,-0.1547827257092778,Neutral,0.7818314824680298,0.6234898018587336,0.0,1.0,39048.3603863577,41695.86001631944,-0.05352440834078906,30.33793171688049,1.5414231879577205,0.008127854753159802,-0.1547827257092778
2022-01-26 00:00:00+00:00,36809.34,69830.16036,21.68929560712018,-0.1547827257092778,0.5046575181601087,0.3119251254974901,Neutral,0.9749279121818236,-0.2225209339563143,0.0,1.0,38703.895711533434,41333.89557066615,-0.048950000425121966,29.979424958379468,1.552902059873544,-0.004031027384361674,0.3119251254974901
2022-01-27 00:00:00+00:00,37160.1,53020.87934,21.37866967923588,0.3119251254974901,0.5045360671681384,0.4993485289339593,Neutral,0.4338837391175582,-0.900968867902419,0.0,1.0,38466.388678989824,41024.725528394585,-0.03395922320369302,32.016384532145054,1.5831301346415598,0.009529103211304513,0.4993485289339593
2022-01-28 00:00:00+00:00,37716.56,42154.26956,21.168082374805177,0.4993485289339593,0.5099477641144543,0.3948516790944831,Neutral,-0.433883739117558,-0.9009688679024191,0.0,1.0,38351.030420683695,40779.676229994984,-0.016543764632240793,35.23525831683676,0.7547841337908776,0.01497466368497391,0.3948516790944831
2022-01-29 00:00:00+00:00,38166.84,26129.49682,20.71286431518855,0.3948516790944831,0.5087132619341423,-0.2731203754167926,Neutral,-0.9749279121818236,-0.2225209339563146,0.0,1.0,38322.693432886204,40586.13280555091,-0.004066870538709681,37.80158760028458,0.38403333926485334,0.011938522495158699,-0.2731203754167926
2022-01-30 00:00:00+00:00,37881.76,21430.66527,20.515934383652137,-0.2731203754167926,0.5038753796932408,0.515587476422835,Neutral,-0.7818314824680299,0.6234898018587334,0.0,1.0,38254.85752013448,40385.80889402862,-0.009752944967527504,36.80715630477686,0.29602426934913917,-0.0074693110564038045,0.515587476422835
2022-01-31 00:00:00+00:00,38466.9,36855.2458,21.05023198282509,0.515587476422835,0.4998547463221641,0.187677804481545,Neutral,0.0,1.0,0.0,1.0,38287.47944011379,40243.667494470945,0.004686141853940665,40.27982638913899,0.31356189506295234,0.015446484007078931,0.187677804481545
2022-02-01 00:00:00+00:00,38694.59,34574.44663,21.01164728980719,0.187677804481545,0.5128351938571577,-1.6155146910619385,Bullish (>51%),0.7818314824680298,0.6234898018587336,0.4999999999999999,0.8660254037844387,38350.111833942436,40128.92101339902,0.00898245531979582,41.624131454290215,0.3132135358117752,0.005919114875386322,-1.6155146910619385
2022-02-02 00:00:00+00:00,36896.36,35794.6813,21.02565962125403,-1.6155146910619385,0.4819553141265153,0.3713091531311144,Bearish (<49%),0.9749279121818236,-0.2225209339563143,0.4999999999999999,0.8660254037844387,38126.4577056436,39889.47204944353,-0.03226362425643123,34.935597788364404,0.7624552888058783,-0.046472388000493026,0.3713091531311144
2022-02-03 00:00:00+00:00,37311.61,32081.10999,20.88835886347009,0.3713091531311144,0.5133270742543906,3.9159774293055207,Bullish (>51%),0.4338837391175582,-0.900968867902419,0.4999999999999999,0.8660254037844387,38001.09652015997,39698.51930504031,-0.01814385855403378,37.43572017260286,0.7667839407636964,0.011254497733651725,3.9159774293055207
2022-02-04 00:00:00+00:00,41574.25,64703.95874,21.650129502671025,3.9159774293055207,0.5108445808210837,-0.1747118449412693,Bullish (>51%),-0.433883739117558,-0.9009688679024191,0.4999999999999999,0.8660254037844387,38550.812440135356,39837.46231948177,0.07842733702589715,56.08868784537076,1.6766744593280947,0.11424433306415893,-0.1747118449412693
2022-02-05 00:00:00+00:00,41382.59,32532.34372,21.023226356744736,-0.1747118449412693,0.5092189533770239,0.8142192531948989,Neutral,-0.9749279121818236,-0.2225209339563146,0.4999999999999999,0.8660254037844387,38986.47052626838,39951.91622174237,0.061460282025713416,55.290492017167225,1.696306490398787,-0.004610065124446061,0.8142192531948989
2022-02-06 00:00:00+00:00,42380.87,22405.16704,20.65516771099824,0.8142192531948989,0.5153450032033325,1.1689121879608355,Bullish (>51%),-0.7818314824680299,0.6234898018587334,0.4999999999999999,0.8660254037844387,39508.6858299194,40131.83872383553,0.07269753750972746,58.59560412888912,1.6720646504689132,0.02412318803632174,1.1689121879608355
2022-02-07 00:00:00+00:00,43839.99,51060.62006,21.51377727257264,1.1689121879608355,0.4985799199086341,0.1433258636556032,Neutral,0.0,1.0,0.4999999999999999,0.8660254037844387,40175.0403176241,40406.51659614401,0.0912245427360068,62.9113036257966,1.6864646698194514,0.03442874108058658,0.1433258636556032
2022-02-08 00:00:00+00:00,44042.99,64880.29387,21.7697023266704,0.1433258636556032,0.5086921066684743,0.2416252040286864,Neutral,0.7818314824680298,0.6234898018587336,0.4999999999999999,0.8660254037844387,40770.10949952809,40675.88499642964,0.08027647069502705,63.48160722329701,1.68864679489332,0.004630475508776266,0.2416252040286864
2022-02-09 00:00:00+00:00,44372.72,34428.16729,21.137029839864702,0.2416252040286864,0.4971394769820174,-0.6965055002330316,Neutral,0.9749279121818236,-0.2225209339563143,0.4999999999999999,0.8660254037844387,41324.35726883146,40949.72462632374,0.07376673063147053,64.43813198322289,1.391142348507179,0.007486548937753801,-0.6965055002330316
2022-02-10 00:00:00+00:00,43495.44,62357.29091,21.74290287167326,-0.6965055002330316,0.4862803051172512,-0.903645873043452,Bearish (<49%),0.4338837391175582,-0.900968867902419,0.4999999999999999,0.8660254037844387,41658.36999670355,41138.29613548495,0.044098460968151676,59.93967671285753,1.5151020302026035,-0.01977070596528674,-0.903645873043452
2022-02-11 00:00:00+00:00,42373.73,44975.1687,21.38485360115085,-0.903645873043452,0.4905766845961825,-0.1426400043351614,Neutral,-0.433883739117558,-0.9009688679024191,0.4999999999999999,0.8660254037844387,41768.425381826084,41229.809755078655,0.01449191853991446,54.68312615878242,0.7516848863211798,-0.025789140194926174,-0.1426400043351614
2022-02-12 00:00:00+00:00,42217.87,26556.85681,20.83939061376125,-0.1426400043351614,0.4825346354684058,-0.1499146159814308,Bearish (<49%),-0.9749279121818236,-0.2225209339563146,0.4999999999999999,0.8660254037844387,41837.57070769899,41302.999402850604,0.009089899003888069,53.974827408936775,0.7499355653604668,-0.003678222332563097,-0.1499146159814308
2022-02-13 00:00:00+00:00,42053.66,17732.08113,20.436294593999406,-0.1499146159814308,0.469946700497642,0.3786644603884406,Bearish (<49%),-0.7818314824680299,0.6234898018587334,0.4999999999999999,0.8660254037844387,41870.81521420684,41358.603891528335,0.004366879050664411,53.193077444734435,0.6798768303803969,-0.0038895851448687013,0.3786644603884406
2022-02-14 00:00:00+00:00,42535.94,34010.1306,21.08577322110128,0.3786644603884406,0.4972861444995451,1.6094590216975777,Neutral,0.0,1.0,0.4999999999999999,0.8660254037844387,41973.142104328865,41445.81397363734,0.013408524295661296,55.24338122182751,0.4804004233329555,0.01146820514552127,1.6094590216975777
2022-02-15 00:00:00+00:00,44544.86,38095.19576,21.237798142646454,1.6094590216975777,0.5034840734468508,-0.5347251626006834,Neutral,0.7818314824680298,0.6234898018587336,0.4999999999999999,0.8660254037844387,42368.79101135519,41675.37293855309,0.05136018604027678,62.593626093939605,0.8286953541716825,0.04722876701443535,-0.5347251626006834
2022-02-16 00:00:00+00:00,43873.56,28471.8727,20.94718788699331,-0.5347251626006834,0.4954607488814742,-2.6501969122043776,Neutral,0.9749279121818236,-0.2225209339563143,0.4999999999999999,0.8660254037844387,42600.293932685156,41838.20160977138,0.029888668592916123,59.10080286200443,0.8501590320024994,-0.015070201141052064,-2.6501969122043776
2022-02-17 00:00:00+00:00,40515.7,47245.99494,21.41310764224141,-2.6501969122043776,0.4544005486023531,-0.4758387814676965,Bearish (<49%),0.4338837391175582,-0.900968867902419,0.4999999999999999,0.8660254037844387,42279.58717381051,41740.23852756609,-0.04171959311142778,45.44146998509952,1.2964408135259233,-0.07653493356819008,-0.4758387814676965
2022-02-18 00:00:00+00:00,39974.44,43845.92241,21.2917690804482,-0.4758387814676965,0.4700338482398916,0.074127406723336,Bearish (<49%),-0.433883739117558,-0.9009688679024191,0.4999999999999999,0.8660254037844387,41924.94914707043,41609.43863663527,-0.04652382857348613,43.688667661233836,1.2754575342491115,-0.013359265667383102,0.074127406723336
2022-02-19 00:00:00+00:00,40079.17,18042.0551,20.39748117468474,0.074127406723336,0.4641918536209325,-1.4692755098507797,Bearish (<49%),-0.9749279121818236,-0.2225209339563146,0.4999999999999999,0.8660254037844387,41640.98312444421,41496.085404291916,-0.03750663426405492,44.13767088715589,1.281984071224309,0.0026199241315199018,-1.4692755098507797
2022-02-20 00:00:00+00:00,38386.89,33439.29011,20.98039844123074,-1.4692755098507797,0.4586895795199044,-1.2522123290510525,Bearish (<49%),-0.7818314824680299,0.6234898018587334,0.4999999999999999,0.8660254037844387,41140.35341299126,41265.77463360363,-0.06692853085996518,38.75968455835919,1.35949961368995,-0.042223429277602254,-1.2522123290510525
2022-02-21 00:00:00+00:00,37008.16,62347.68496,21.591217777529007,-1.2522123290510525,0.4910709290913181,1.1205759462770395,Neutral,0.0,1.0,0.4999999999999999,0.8660254037844387,40504.63134945414,40950.39577185521,-0.08632275453363078,35.016239425569665,1.3357044656930552,-0.035916689265527824,1.1205759462770395
2022-02-22 00:00:00+00:00,38230.33,53785.94589,21.42171306279739,1.1205759462770395,0.5079902435085724,-0.8985977482386516,Neutral,0.7818314824680298,0.6234898018587336,0.4999999999999999,0.8660254037844387,40154.738834153504,40748.90941838445,-0.047924825064898736,40.50192868404693,1.202740865967808,0.03302433841617636,-0.8985977482386516
2022-02-23 00:00:00+00:00,37250.01,43560.732,21.23338322231475,-0.8985977482386516,0.4924149529902298,0.9792493117451916,Neutral,0.9749279121818236,-0.2225209339563143,0.4999999999999999,0.8660254037844387,39707.85747505296,40489.73168368931,-0.06189826476024639,37.749249422182665,1.2001965004920903,-0.025642467642837508,0.9792493117451916
2022-02-24 00:00:00+00:00,38327.21,120476.29458,22.190012220115317,0.9792493117451916,0.4988793157154219,0.7849315934803112,Neutral,0.4338837391175582,-0.900968867902419,0.4999999999999999,0.8660254037844387,39495.45017119866,40329.54489230491,-0.029579107622137658,42.383109223037266,1.0370720395349995,0.02891811304211722,0.7849315934803112
2022-02-25 00:00:00+00:00,39219.17,56574.57125,21.510763455215844,0.7849315934803112,0.528576977770733,-0.1059514969810927,Bullish (>51%),-0.433883739117558,-0.9009688679024191,0.4999999999999999,0.8660254037844387,39452.945529475786,40247.29490028233,-0.005925426513493941,45.96960371380082,1.1036349777670427,0.02327223922638777,-0.1059514969810927
2022-02-26 00:00:00+00:00,39116.72,29361.2568,20.86530494087604,-0.1059514969810927,0.4992611883017215,-1.2633927766486264,Neutral,-0.9749279121818236,-0.2225209339563146,0.4999999999999999,0.8660254037844387,39401.218524941054,40163.54861137253,-0.007220551434493447,45.61835781325569,1.1011463463233615,-0.0026122429413982795,-1.2633927766486264
2022-02-27 00:00:00+00:00,37699.07,46229.44719,21.300167195105637,-1.2633927766486264,0.4713283875199201,4.969553198867892,Bearish (<49%),-0.7818314824680299,0.6234898018587334,0.4999999999999999,0.8660254037844387,39139.34952110396,39980.99464015975,-0.03679875978335724,40.9550921789883,1.0611285045166932,-0.03624153558887355,4.969553198867892
2022-02-28 00:00:00+00:00,43160.0,73945.63858,21.81356373202953,4.969553198867892,0.5212448160590353,0.9896912262241664,Bullish (>51%),0.0,1.0,0.4999999999999999,0.8660254037844387,39757.91113324181,40216.47651866643,0.08557011094865304,58.53778184164071,2.0608997152073827,0.14485582800848928,0.9896912262241664
2022-03-01 00:00:00+00:00,44421.2,61743.09873,21.71711410745902,0.9896912262241664,0.5010688074676747,-0.4253103445798227,Neutral,0.7818314824680298,0.6234898018587336,0.8660254037844386,0.5000000000000001,40475.340189666145,40527.93751728373,0.09748799619332857,61.396869204630086,2.0580776874728666,0.029221501390175986,-0.4253103445798227
2022-03-02 00:00:00+00:00,43892.98,57782.65081,21.659670107891856,-0.4253103445798227,0.4953755616737168,-1.14438667447537,Neutral,0.9749279121818236,-0.2225209339563143,0.8660254037844386,0.5000000000000001,41001.13092971751,40777.19992341086,0.07053095865183778,59.54489476741531,2.000741356923555,-0.011891169081429398,-1.14438667447537
2022-03-03 00:00:00+00:00,42454.0,50940.61021,21.50814959136456,-1.14438667447537,0.4797429993330266,-2.695698460176615,Bearish (<49%),0.4338837391175582,-0.900968867902419,0.8660254037844386,0.5000000000000001,41224.64924822251,40901.40733649153,0.02982076922899468,54.703930325781016,2.1339137107365698,-0.032783830124999525,-2.695698460176615
2022-03-04 00:00:00+00:00,39148.66,61964.68498,21.650299168209276,-2.695698460176615,0.4732150779022648,0.2031285483486737,Bearish (<49%),-0.433883739117558,-0.9009688679024191,0.8660254037844386,0.5000000000000001,40905.26628695751,40771.57420045512,-0.04294327959228054,45.544484185521675,2.4503602238420266,-0.07785697460781071,0.2031285483486737
2022-03-05 00:00:00+00:00,39397.96,30363.13341,20.89527602642044,0.2031285483486737,0.4889684519553017,-0.8696723947190752,Bearish (<49%),-0.9749279121818236,-0.2225209339563146,0.8660254037844386,0.5000000000000001,40673.37301204097,40669.825000421406,-0.0313574438899718,46.27514656168861,2.4499429615164394,0.006368034052761873,-0.8696723947190752
2022-03-06 00:00:00+00:00,38420.81,39677.26158,21.15651341951061,-0.8696723947190752,0.4802540021966909,-0.4037586948548168,Bearish (<49%),-0.7818314824680299,0.6234898018587334,0.8660254037844386,0.5000000000000001,40326.82485634236,40503.231296686485,-0.047264193576663345,43.79475302219046,2.4179906888923934,-0.024802045588147248,-0.4037586948548168
2022-03-07 00:00:00+00:00,37988.0,63994.11559,21.619093485445507,-0.4037586948548168,0.4944438571934016,0.6567887875304947,Neutral,0.0,1.0,0.8660254037844386,0.5000000000000001,39967.00564767431,40316.917867302305,-0.04951598488813662,42.702932576253154,1.1546390090261176,-0.011264988947395915,0.6567887875304947
2022-03-08 00:00:00+00:00,38730.63,55583.06638,21.48857213804095,0.6567887875304947,0.503104190380941,2.8374552584542125,Neutral,0.7818314824680298,0.6234898018587336,0.8660254037844386,0.5000000000000001,39776.79400957057,40199.41506231695,-0.026300862993605244,45.22619232675922,1.0818061956922305,0.019549068126776703,2.8374552584542125
2022-03-09 00:00:00+00:00,41941.71,67392.58799,21.751899354345465,2.8374552584542125,0.5133850555662568,-2.083735342744771,Bullish (>51%),0.9749279121818236,-0.2225209339563143,0.8660254037844386,0.5000000000000001,40109.85800809818,40328.473946589766,0.04567086703552954,54.54703368442492,1.7191593190716656,0.08290802395933139,-2.083735342744771
2022-03-10 00:00:00+00:00,39422.0,71962.93154,21.772096229123804,-2.083735342744771,0.4697456570569275,-0.6205750632886181,Bearish (<49%),0.4338837391175582,-0.900968867902419,0.8660254037844386,0.5000000000000001,40004.03369916,40261.32772832386,-0.014549375283928415,47.68920842506939,1.83753724770627,-0.0600764727999884,-0.6205750632886181
2022-03-11 00:00:00+00:00,38729.57,59018.7642,21.55870437369425,-0.6205750632886181,0.4938771735583037,0.0530850979429151,Neutral,-0.433883739117558,-0.9009688679024191,0.8660254037844386,0.5000000000000001,39807.96236082769,40147.86419289246,-0.027089865867861194,45.97848450255122,1.5361734427006741,-0.01756455786109279,0.0530850979429151
2022-03-12 00:00:00+00:00,38807.36,24034.36432,20.661032270494637,0.0530850979429151,0.4938740360244318,-0.9295531502592792,Neutral,-0.9749279121818236,-0.2225209339563146,0.8660254037844386,0.5000000000000001,39654.02353608497,40048.56758601154,-0.021351264274973483,46.21192617509353,1.53325875496231,0.0020085428265792515,-0.9295531502592792
2022-03-13 00:00:00+00:00,37777.34,32791.82359,20.961054901404523,-0.9295531502592792,0.4620151919401076,1.709542187221024,Bearish (<49%),-0.7818314824680299,0.6234898018587334,0.8660254037844386,0.5000000000000001,39365.3029920719,39880.328505566235,-0.04033915329933354,43.52965072612243,1.538676778171325,-0.026541872469552308,1.709542187221024
2022-03-14 00:00:00+00:00,39671.37,46945.45375,21.32315814775051,1.709542187221024,0.51435784386257,-0.3552984195615111,Bullish (>51%),0.0,1.0,0.8660254037844386,0.5000000000000001,39412.39022406084,39864.850097746516,0.006571024352160745,49.35126931921349,1.6644670854573866,0.05013666923081428,-0.3552984195615111
2022-03-15 00:00:00+00:00,39280.33,46015.54926,21.309146232993413,-0.3552984195615111,0.4923967155531895,1.5906279983111435,Neutral,0.7818314824680298,0.6234898018587336,0.8660254037844386,0.5000000000000001,39392.07326651302,39821.55231272826,-0.0028366942190882474,48.24541396194777,1.6653608002166644,-0.00985698250400735,1.5906279983111435
2022-03-16 00:00:00+00:00,41114.0,88120.76167,21.99093536749028,1.5906279983111435,0.5006726655997593,-0.1802048921610598,Neutral,0.9749279121818236,-0.2225209339563143,0.8660254037844386,0.5000000000000001,39656.985071664865,39917.28917845209,0.03674043616029147,53.50651648143317,1.3610690756184627,0.04668163429380545,-0.1802048921610598
2022-03-17 00:00:00+00:00,40917.9,37189.38087,21.142688542817883,-0.1802048921610598,0.4996313548470213,0.6901846949695024,Neutral,0.4338837391175582,-0.900968867902419,0.8660254037844386,0.5000000000000001,39850.97198371642,39991.40849856675,0.02677294839181182,52.88733112846538,1.0514902384160612,-0.004769664834362919,0.6901846949695024
2022-03-18 00:00:00+00:00,41757.51,45408.00969,21.345098005589595,0.6901846949695024,0.4927528804445161,0.3495991872336159,Neutral,-0.433883739117558,-0.9009688679024191,0.8660254037844386,0.5000000000000001,40144.285524683124,40122.230832006244,0.04018565666899142,55.273825649893524,1.0004050520699637,0.020519381493185218,0.3495991872336159
2022-03-19 00:00:00+00:00,42201.13,29067.18108,20.91941563836658,0.3495991872336159,0.4975735844557514,-0.7818735627513532,Neutral,-0.9749279121818236,-0.2225209339563146,0.8660254037844386,0.5000000000000001,40460.72313627033,40276.22336296875,0.04301472462239578,56.52685710016859,0.9910656545419748,0.010623717745622097,-0.7818735627513532
2022-03-20 00:00:00+00:00,41262.11,30653.33468,20.965333751760937,-0.7818735627513532,0.4774921480092619,-0.2327992852644073,Bearish (<49%),-0.7818314824680299,0.6234898018587334,0.8660254037844386,0.5000000000000001,40584.013422997974,40349.25200274884,0.016708465225811445,53.133591900000305,0.9588277980465431,-0.022251062945470856,-0.2327992852644073
2022-03-21 00:00:00+00:00,41002.25,39426.24877,21.204944514352864,-0.2327992852644073,0.4839270058712208,1.1271298996567078,Bearish (<49%),0.0,1.0,0.8660254037844386,0.5000000000000001,40648.357511767514,40397.622224767445,0.008706194048062978,52.19973456632184,0.7943763972748052,-0.006297787485904149,1.1271298996567078
2022-03-22 00:00:00+00:00,42364.13,59454.94294,21.64989316478701,1.1271298996567078,0.508209180866468,0.4053034219500188,Neutral,0.7818314824680298,0.6234898018587336,0.8660254037844386,0.5000000000000001,40912.32250995713,40543.28946737727,0.03548582434276451,56.513440162267244,0.8325574237287855,0.03321476260449119,0.4053034219500188
2022-03-23 00:00:00+00:00,42882.76,40828.87039,21.268949114114918,0.4053034219500188,0.495025724859394,0.8737970585138373,Neutral,0.9749279121818236,-0.2225209339563143,0.8660254037844386,0.5000000000000001,41215.4667391945,40716.58358090487,0.04045309668226968,58.06545408999187,0.6403454296125412,0.012242196405308103,0.8737970585138373
2022-03-24 00:00:00+00:00,43991.46,56195.12374,21.613729184305164,0.8737970585138373,0.4976072660570673,0.2356445878621153,Neutral,0.4338837391175582,-0.900968867902419,0.8660254037844386,0.5000000000000001,41642.54262547227,40959.16701935636,0.05640667515558772,61.249362116110305,0.6605328063441837,0.025854212741903693,0.2356445878621153
2022-03-25 00:00:00+00:00,44313.16,54614.43648,21.6075097874402,0.2356445878621153,0.5093771801561578,0.1378261100043409,Neutral,-0.433883739117558,-0.9009688679024191,0.8660254037844386,0.5000000000000001,42053.40683693808,41207.610943848485,0.05373531737450217,62.1474228724653,0.6433291866736545,0.007312782981060417,0.1378261100043409
2022-03-26 00:00:00+00:00,44511.27,23041.61741,20.745812595285702,0.1378261100043409,0.4957373437266876,1.7751458641949216,Neutral,-0.9749279121818236,-0.2225209339563146,0.8660254037844386,0.5000000000000001,42431.53963125529,41452.32642948934,0.04901378518946707,62.72040109328699,0.6446205316316638,0.004470680944441696,1.7751458641949216
2022-03-27 00:00:00+00:00,46827.76,41874.91071,21.368807474127244,1.7751458641949216,0.5176093764141187,0.2003717924110044,Bullish (>51%),-0.7818314824680299,0.6234898018587334,0.8660254037844386,0.5000000000000001,43107.881226446785,41850.50669397161,0.08629231286067159,68.68872205062371,0.6842869273026502,0.05204277478490282,0.2003717924110044
2022-03-28 00:00:00+00:00,47122.21,58949.2614,21.74927101728388,0.2003717924110044,0.4936068154027795,0.2122687833068194,Neutral,0.0,1.0,0.8660254037844386,0.5000000000000001,43725.47026853189,42241.003235158896,0.07768332074206769,69.36020139482008,0.6101542608130606,0.00628793689896745,0.2122687833068194
2022-03-29 00:00:00+00:00,47434.8,36772.28457,21.282081525144665,0.2122687833068194,0.4947305943248877,-0.2821935291196017,Neutral,0.7818314824680298,0.6234898018587336,0.8660254037844386,0.5000000000000001,44296.136381065444,42625.72892144342,0.07085637428812398,70.09344199070043,0.5960648231167229,0.006633602286480356,-0.2821935291196017
2022-03-30 00:00:00+00:00,47067.99,40947.2085,21.381900534362,-0.2821935291196017,0.5103262164989831,-1.1550487863493044,Bullish (>51%),0.9749279121818236,-0.2225209339563143,0.8660254037844386,0.5000000000000001,44722.57539936307,42954.7852976328,0.05244363902778124,68.03589635727369,0.6750250436027466,-0.007732930253737891,-1.1550487863493044
2022-03-31 00:00:00+00:00,45510.34,48645.12667,21.539729674652133,-1.1550487863493044,0.4703343345205025,0.5686582222990612,Bearish (<49%),0.4338837391175582,-0.900968867902419,0.8660254037844386,0.5000000000000001,44843.76995330721,43144.08564595629,0.01486427317299243,59.9836284150469,0.8702641342350974,-0.033093616277219406,0.5686582222990612
2022-04-01 00:00:00+00:00,46283.49,56271.06474,21.66191783798745,0.5686582222990612,0.4983267393209094,-0.3674005387233866,Neutral,-0.433883739117558,-0.9009688679024191,1.0,6.123233995736766e-17,45065.2653451061,43376.6341166262,0.02703245272306367,62.364605129247956,0.8840449497178648,0.016988447021050623,-0.3674005387233866
2022-04-02 00:00:00+00:00,45811.0,37073.53582,21.266572641713925,-0.3674005387233866,0.5007057023135594,0.4319915385042753,Neutral,-0.9749279121818236,-0.2225209339563146,1.0,6.123233995736766e-17,45179.993753551316,43556.95751539463,0.013966496982950207,60.01450058749804,0.9109571751462593,-0.010208607864272912,0.4319915385042753
2022-04-03 00:00:00+00:00,46407.35,33394.67794,21.16216552323673,0.4319915385042753,0.5012828900484375,0.1123785432978864,Neutral,-0.7818314824680299,0.6234898018587334,1.0,6.123233995736766e-17,45368.8177914665,43768.097699439466,0.022890880985857176,61.96277922175409,0.5947086479104384,0.013017615856453668,0.1123785432978864
2022-04-04 00:00:00+00:00,46580.51,44641.87514,21.442779605714264,0.1123785432978864,0.4908629279410685,-0.8162273968541078,Neutral,0.0,1.0,1.0,6.123233995736766e-17,45555.23197739473,43976.424536518025,0.022506262795764734,62.533628187885725,0.5892941053523931,0.003731305493634096,-0.8162273968541078
2022-04-05 00:00:00+00:00,45497.55,42192.74852,21.391950327358167,-0.8162273968541078,0.4884151441386118,-1.7764165748910126,Bearish (<49%),0.7818314824680298,0.6234898018587336,1.0,6.123233995736766e-17,45546.35782702631,44089.10049677594,-0.0010716076840143114,56.793031756443305,0.634139944475916,-0.023249208735584892,-1.7764165748910126
2022-04-06 00:00:00+00:00,43170.47,60849.32936,21.71675635956129,-1.7764165748910126,0.4842663694067046,0.2021790053882809,Bearish (<49%),0.9749279121818236,-0.2225209339563143,1.0,6.123233995736766e-17,45180.83662286842,44021.05379331106,-0.04449600257846626,46.84210794174745,0.8685367749941406,-0.05114736947374088,0.2021790053882809
2022-04-07 00:00:00+00:00,43444.19,37396.54156,21.208083868210714,0.2021790053882809,0.4964967137458472,-0.9605211766502856,Neutral,0.4338837391175582,-0.900968867902419,1.0,6.123233995736766e-17,44913.660219350204,43978.32314195469,-0.03271766790267314,47.996311470410035,0.8300463670655032,0.006340445216371338,-0.9605211766502856
2022-04-08 00:00:00+00:00,42252.01,42375.04203,21.32796422881423,-0.9605211766502856,0.4844965941382454,0.3928424584507171,Bearish (<49%),-0.433883739117558,-0.9009688679024191,1.0,6.123233995736766e-17,44504.175570219406,43850.44809440249,-0.05060571376422648,43.559995627295635,0.7831976905190526,-0.0274416440955626,0.3928424584507171
2022-04-09 00:00:00+00:00,42753.97,17891.66047,20.4478740441301,0.3928424584507171,0.4980237471497244,-0.4951256539134571,Neutral,-0.9749279121818236,-0.2225209339563146,1.0,6.123233995736766e-17,44234.91317480104,43769.22749481712,-0.03347905689220786,45.830294491416005,0.8472113190409005,0.011880144873581244,-0.4951256539134571
2022-04-10 00:00:00+00:00,42158.85,22771.09403,20.69431038228008,-0.4951256539134571,0.4809715995889724,-2.161818025497708,Bearish (<49%),-0.7818314824680299,0.6234898018587334,1.0,6.123233995736766e-17,43915.51884021627,43649.94027297881,-0.04000109497983602,43.59148188048029,0.7749146737900964,-0.013919643017946681,-2.161818025497708
2022-04-11 00:00:00+00:00,39530.45,63560.44721,21.67956123345551,-2.161818025497708,0.480535568119707,0.4580223989511188,Bearish (<49%),0.0,1.0,1.0,6.123233995736766e-17,43240.89286479838,43344.79284535075,-0.08580865516352426,35.37273917619777,0.9446445342839518,-0.06234515410168928,0.4580223989511188
2022-04-12 00:00:00+00:00,40074.94,57751.01778,21.560302980734264,0.4580223989511188,0.4908138240607125,0.905353970470734,Neutral,0.7818314824680298,0.6234898018587336,1.0,6.123233995736766e-17,42753.82319329093,43102.581523472916,-0.0626583307223694,37.9813494293312,1.057513652193599,0.01377393882437472,0.905353970470734
2022-04-13 00:00:00+00:00,41147.79,41342.27254,21.24037455313696,0.905353970470734,0.4964058753699077,-1.0242971994463987,Neutral,0.9749279121818236,-0.2225209339563143,1.0,6.123233995736766e-17,42506.74116355387,42957.78215136381,-0.03197025051450093,42.874174797293186,1.0545650467565584,0.026771094354726355,-1.0242971994463987
2022-04-14 00:00:00+00:00,39942.38,36807.01401,21.125208940751143,-1.0242971994463987,0.4832725981294564,0.5091685154509863,Bearish (<49%),0.4338837391175582,-0.900968867902419,1.0,6.123233995736766e-17,42112.22406146865,42734.41902904057,-0.051525278225663544,39.13808392434689,1.0711899799812983,-0.02929464741605814,0.5091685154509863
2022-04-15 00:00:00+00:00,40551.9,24026.35739,20.689593676354704,0.5091685154509863,0.4892770135390048,-0.1630359385282943,Bearish (<49%),-0.433883739117558,-0.9009688679024191,1.0,6.123233995736766e-17,41872.17420585809,42572.750952815346,-0.031531064027560805,41.89529983030049,1.0896820733777624,0.015259982004077077,-0.1630359385282943
2022-04-16 00:00:00+00:00,40378.71,15805.44718,20.27428057241656,-0.1630359385282943,0.4835283901154387,-0.6132070057996216,Bearish (<49%),-0.9749279121818236,-0.2225209339563146,1.0,6.123233995736766e-17,41642.410481879924,42410.22940075495,-0.03034647771962686,41.32246305739186,1.0589055214919758,-0.004270823315307148,-0.6132070057996216
2022-04-17 00:00:00+00:00,39678.12,19988.49259,20.50438101558443,-0.6132070057996216,0.4792214964120013,0.9580787124839336,Bearish (<49%),-0.7818314824680299,0.6234898018587334,1.0,6.123233995736766e-17,41340.21194620609,42207.85092662495,-0.04020521105138213,38.99945896974862,1.0638017977581957,-0.01735047999304573,0.9580787124839336
2022-04-18 00:00:00+00:00,40801.13,54243.49575,21.49039507769317,0.9580787124839336,0.4995473351291154,0.5677321470529424,Neutral,0.0,1.0,1.0,6.123233995736766e-17,41257.27626217438,42103.64937650458,-0.011056140964705183,44.39553220341579,0.764506848147615,0.028303004275403998,0.5677321470529424
2022-04-19 00:00:00+00:00,41493.18,35788.85843,21.110134610341145,0.5677321470529424,0.4975519153489803,-0.1280153725193896,Neutral,0.7818314824680298,0.6234898018587336,1.0,6.123233995736766e-17,41293.569144916786,42058.42942268943,0.004833945314407052,47.47884073412535,0.773019136168093,0.016961540035778544,-0.1280153725193896
2022-04-20 00:00:00+00:00,41358.19,40877.35041,21.25215097206745,-0.1280153725193896,0.4894469927558105,-0.746852161952911,Bearish (<49%),0.9749279121818236,-0.2225209339563143,1.0,6.123233995736766e-17,41303.51081492959,42006.559835823544,0.0013238386759763274,46.932168862353706,0.7030938082813866,-0.0032533057239767516,-0.746852161952911
2022-04-21 00:00:00+00:00,40480.01,59316.27657,21.62993499674676,-0.746852161952911,0.4958823645190917,-0.6714333566042736,Neutral,0.4338837391175582,-0.900968867902419,1.0,6.123233995736766e-17,41176.8183818635,41893.482070206985,-0.016922346340639344,43.428910372178635,0.6396895161607553,-0.021233521099448538,-0.6714333566042736
2022-04-22 00:00:00+00:00,39709.18,46664.0196,21.34929643597291,-0.6714333566042736,0.4982149548899984,-0.2479673068572761,Neutral,-0.433883739117558,-0.9009688679024191,1.0,6.123233995736766e-17,40951.02786157681,41731.68191685832,-0.030325193931017333,40.56651877227253,0.6553820325159126,-0.01904223837889374,-0.2479673068572761
2022-04-23 00:00:00+00:00,39441.6,20291.42375,20.50595154109605,-0.2479673068572761,0.5035233094474211,-0.0086007542641017,Neutral,-0.9749279121818236,-0.2225209339563146,1.0,6.123233995736766e-17,40718.808190564996,41562.046219313255,-0.03136654158902767,39.591020430935316,0.6572286051148689,-0.00673849220759537,-0.0086007542641017
2022-04-24 00:00:00+00:00,39450.13,26703.61186,20.77807238349878,-0.0086007542641017,0.4733330590733054,0.8354081518919246,Bearish (<49%),-0.7818314824680299,0.6234898018587334,1.0,6.123233995736766e-17,40523.62693047807,41405.607980845605,-0.026490642911103583,39.640849408926144,0.6212660895725407,0.00021626911687144812,0.8354081518919246
2022-04-25 00:00:00+00:00,40426.08,63037.12784,21.627512734233896,0.8354081518919246,0.5069773427989355,-1.985634846708847,Neutral,0.0,1.0,1.0,6.123233995736766e-17,40508.61971040452,41333.050352634826,-0.0020375838770758862,45.20948831090991,0.5893444135571219,0.024738828490552534,-1.985634846708847
2022-04-26 00:00:00+00:00,38112.65,66650.258,21.684609037198804,-1.985634846708847,0.4791720716219883,0.99814481392053,Bearish (<49%),0.7818314824680298,0.6234898018587336,1.0,6.123233995736766e-17,40140.008985726905,41094.502178365576,-0.05050718813859253,36.59160073685602,0.8642326345584426,-0.057226176765098224,0.99814481392053
2022-04-27 00:00:00+00:00,39235.72,57083.12272,21.520107785668703,0.99814481392053,0.5070165711144543,0.428126998110692,Neutral,0.9749279121818236,-0.2225209339563143,1.0,6.123233995736766e-17,40000.88760330738,40956.81460959776,-0.01912876561379392,42.33800340643474,1.0190113628473303,0.029467119184837465,0.428126998110692
2022-04-28 00:00:00+00:00,39742.07,56086.6715,21.522487052161814,0.428126998110692,0.5084891923030234,-1.008474973133375,Neutral,0.4338837391175582,-0.900968867902419,1.0,6.123233995736766e-17,39961.06951049086,40866.83352740533,-0.0054803215522889375,44.76833789381599,1.0224074390741569,0.012905332182001406,-1.008474973133375
2022-04-29 00:00:00+00:00,38596.11,51453.65715,21.419476152741822,-1.008474973133375,0.4814741420182997,-0.8768486813655691,Bearish (<49%),-0.433883739117558,-0.9009688679024191,1.0,6.123233995736766e-17,39751.07573964611,40698.63178463456,-0.029054955574301492,40.597885954856025,1.0613741774711758,-0.028834934868767537,-0.8768486813655691
2022-04-30 00:00:00+00:00,37630.8,35321.18989,21.026993880564024,-0.8768486813655691,0.4678050264291365,0.7499906181723923,Bearish (<49%),-0.9749279121818236,-0.2225209339563146,1.0,6.123233995736766e-17,39424.87947200825,40471.38498577275,-0.0455062766465031,37.434405737197515,1.097896802379932,-0.025010551581493567,0.7499906181723923
2022-05-01 00:00:00+00:00,38468.35,38812.24104,21.11413106486869,0.7499906181723923,0.5037358561658567,0.0347837055310443,Neutral,-0.7818314824680299,0.6234898018587334,0.8660254037844387,-0.4999999999999998,39277.721091699284,40323.01202386365,-0.020606365878755972,41.680632015627715,1.159247412672531,0.022257034131615505,0.0347837055310443
2022-05-02 00:00:00+00:00,38525.16,53200.92628,21.44521945829806,0.0347837055310443,0.5127033966747694,-0.7273632329312487,Bullish (>51%),0.0,1.0,0.8660254037844387,-0.4999999999999998,39161.94246220709,40189.837799873756,-0.016260236907850157,41.968326400118265,1.0861474098350334,0.0014767984589929561,-0.7273632329312487
2022-05-03 00:00:00+00:00,37728.95,40316.45358,21.154606879529364,-0.7273632329312487,0.4961439227363707,1.772893331116195,Neutral,0.7818314824680298,0.6234898018587336,0.8660254037844387,-0.4999999999999998,38941.482083405994,40007.54981469792,-0.03113728647535706,39.06002996986574,0.8200791874098116,-0.02066727302365534,1.772893331116195
2022-05-04 00:00:00+00:00,39690.0,62574.61736,21.61467107248528,1.772893331116195,0.5268617022510866,-2.7363567958839283,Bullish (>51%),0.9749279121818236,-0.2225209339563143,0.8660254037844387,-0.4999999999999998,39056.63868595892,39984.02760620178,0.016216482916866542,48.52205225207612,1.015315625786946,0.0519773277549469,-2.7363567958839283
2022-05-05 00:00:00+00:00,36552.97,88722.43355,21.92614331240783,-2.7363567958839283,0.4709794275024143,-0.5237457313802063,Bearish (<49%),0.4338837391175582,-0.900968867902419,0.8660254037844387,-0.4999999999999998,38671.45888811909,39729.875190927574,-0.054781716258704226,38.282207141207635,1.4373776074266442,-0.07903829680020158,-0.5237457313802063
2022-05-06 00:00:00+00:00,36013.77,68437.80187,21.62606902431842,-0.5237457313802063,0.5046395780741635,-0.5334304472673461,Neutral,-0.433883739117558,-0.9009688679024191,0.8660254037844387,-0.4999999999999998,38262.5836745623,39454.608139747754,-0.058773178875982685,36.84299425258892,1.4146046031574036,-0.014751195320106825,-0.5334304472673461
2022-05-07 00:00:00+00:00,35472.39,34281.70682,20.92419601899,-0.5334304472673461,0.44878711467844,-1.4073958776302475,Bearish (<49%),-0.9749279121818236,-0.2225209339563146,0.8660254037844387,-0.4999999999999998,37833.32310924502,39159.629018284955,-0.0624035351699809,35.40381419906076,1.3983204531797875,-0.015032583370194197,-1.4073958776302475
2022-05-08 00:00:00+00:00,34038.4,72445.64344,21.63890241890899,-1.4073958776302475,0.4465422324089444,-4.022279347277767,Bearish (<49%),-0.7818314824680299,0.6234898018587334,0.8660254037844387,-0.4999999999999998,37249.48878474579,38780.27872063422,-0.08620490883248774,31.8543885417255,1.3708299740564076,-0.040425525317014155,-4.022279347277767
2022-05-09 00:00:00+00:00,30076.31,191876.926428,22.542375702632818,-4.022279347277767,0.4510128663201874,1.0605433738861116,Bearish (<49%),0.0,1.0,0.8660254037844387,-0.4999999999999998,36145.92281786182,38135.54029688353,-0.167919708356774,24.53523120194727,1.8405035561323808,-0.11640059462254393,1.0605433738861116
2022-05-10 00:00:00+00:00,31017.1,165532.00311,22.36804327304485,1.0605433738861116,0.4451779397427483,-2.138953026019518,Bearish (<49%),0.7818314824680298,0.6234898018587336,0.8660254037844387,-0.4999999999999998,35356.87315357539,37608.248423040306,-0.12274199516244669,28.723105331933425,2.026539065272898,0.031280100517649734,-2.138953026019518
2022-05-11 00:00:00+00:00,29103.94,207063.739278,22.563862452502622,-2.138953026019518,0.4811181224794225,-0.1037796210987089,Bearish (<49%),0.9749279121818236,-0.2225209339563143,0.8660254037844387,-0.4999999999999998,34394.88343764072,36978.29965096324,-0.15382937544281575,25.61058526164142,1.6705985444952802,-0.061680814776365334,-0.1037796210987089
2022-05-12 00:00:00+00:00,29029.75,204507.263138,22.480339190075068,-0.1037796210987089,0.4961451084919755,0.2890104738088574,Neutral,0.4338837391175582,-0.900968867902419,0.8660254037844387,-0.4999999999999998,33569.478293388296,36389.518195336335,-0.1352338053547416,25.49520856483781,1.6343687888439016,-0.002549139394872224,0.2890104738088574
2022-05-13 00:00:00+00:00,29287.05,97872.36957,21.80739231262914,0.2890104738088574,0.4988918512397676,0.9237380924927066,Neutral,-0.433883739117558,-0.9009688679024191,0.8660254037844387,-0.4999999999999998,32910.64317132856,35863.40944012624,-0.11010399135819374,26.7280729585938,1.7089320431495802,0.00886332124803002,0.9237380924927066
2022-05-14 00:00:00+00:00,30086.74,51095.87863,21.129719425347517,0.9237380924927066,0.5070501192005826,1.404910184426432,Neutral,-0.9749279121818236,-0.2225209339563146,0.8660254037844387,-0.4999999999999998,32476.1965295857,35435.50800011689,-0.07357562722620282,30.57331849050078,1.8548407622613656,0.02730524241943111,1.404910184426432
2022-05-15 00:00:00+00:00,31328.89,46275.66912,21.060808875932956,1.404910184426432,0.5221612665900227,-1.6143630027821718,Bullish (>51%),-0.7818314824680299,0.6234898018587334,0.8660254037844387,-0.4999999999999998,32299.687832726362,35131.31407418231,-0.030055950935313398,36.176137669406586,1.9934904330101095,0.04128562948328729,-1.6143630027821718
2022-05-16 00:00:00+00:00,29874.01,73082.19658,21.50514146500725,-1.6143630027821718,0.4964828027614273,0.6417089708501298,Neutral,0.0,1.0,0.8660254037844387,-0.4999999999999998,31926.50662769154,34741.884142761395,-0.06428816818659709,32.83387796760154,1.3676518996565308,-0.04643892586044385,0.6417089708501298
2022-05-17 00:00:00+00:00,30444.93,56724.13307,21.26274254882272,0.6417089708501298,0.504200960545416,-1.971348921339796,Neutral,0.7818314824680298,0.6234898018587336,0.8660254037844387,-0.4999999999999998,31698.57176189284,34423.59124329759,-0.03954884060107506,35.35774941270046,1.3205680910245772,0.019110926186340693,-1.971348921339796
2022-05-18 00:00:00+00:00,28715.32,59749.15799,21.290194157951564,-1.971348921339796,0.493760392321137,1.906372642935673,Neutral,0.9749279121818236,-0.2225209339563143,0.8660254037844387,-0.4999999999999998,31239.60995237086,34000.75633638666,-0.08080414436094092,31.496428635914754,1.2779610929601388,-0.05681110122440747,1.906372642935673
2022-05-19 00:00:00+00:00,30319.23,67877.36415,21.423567431436453,1.906372642935673,0.5206398084625684,-1.2854203458394673,Bullish (>51%),0.4338837391175582,-0.900968867902419,0.8660254037844387,-0.4999999999999998,31098.013036621498,33728.0506818395,-0.025042855172270704,38.23279514377084,1.4771809788056527,0.0558555502776914,-1.2854203458394673
2022-05-20 00:00:00+00:00,29201.01,60517.25325,21.31137968680152,-1.2854203458394673,0.5104395789807264,0.2716043103621716,Bullish (>51%),-0.433883739117558,-0.9009688679024191,0.8660254037844387,-0.4999999999999998,30806.166415602806,33392.71433503657,-0.052105036178400385,35.60407617083649,1.582076547376568,-0.03688154349566264,0.2716043103621716
2022-05-21 00:00:00+00:00,29445.06,20987.13124,20.23907348452948,0.2716043103621716,0.5031144437633012,0.9761920280634,Neutral,-0.9749279121818236,-0.2225209339563146,0.8660254037844387,-0.4999999999999998,30596.76542858699,33100.295495404236,-0.03764141119018203,36.628171969976854,1.537235774155692,0.008357587631386831,0.9761920280634
2022-05-22 00:00:00+00:00,30293.94,36158.98748,20.80256748488723,0.9761920280634,0.5126830700183089,-1.3621117762874433,Bullish (>51%),-0.7818314824680299,0.6234898018587334,0.8660254037844387,-0.4999999999999998,30550.17690111207,32892.417310559475,-0.008387411370529393,40.19104692190855,1.474917476061409,0.0288292840972304,-1.3621117762874433
2022-05-23 00:00:00+00:00,29109.15,63901.49932,21.372620896772045,-1.3621117762874433,0.4769319723999239,0.628853328281025,Bearish (<49%),0.0,1.0,0.8660254037844387,-0.4999999999999998,30328.48045478714,32612.17528755507,-0.040204139360192535,37.05933551108049,1.43584326835773,-0.03910980215845139,0.628853328281025
2022-05-24 00:00:00+00:00,29654.58,59442.96036,21.27729898651767,0.628853328281025,0.4959389061625127,-0.1465325578494517,Neutral,0.7818314824680298,0.6234898018587336,0.8660254037844387,-0.4999999999999998,30224.803461742966,32393.094155143586,-0.018866076746031586,39.40035391731029,1.4347180280123581,0.018737407310072562,-0.1465325578494517
2022-05-25 00:00:00+00:00,29542.15,59537.38659,21.295209988812932,-0.1465325578494517,0.4845185108418108,-0.413088306523663,Bearish (<49%),0.9749279121818236,-0.2225209339563143,0.8660254037844387,-0.4999999999999998,30119.77985224405,32181.913106614433,-0.01917775810705378,39.077704841453425,1.1864399891661346,-0.0037913199242747275,-0.413088306523663
2022-05-26 00:00:00+00:00,29201.35,94581.65463,21.73815421548759,-0.413088306523663,0.4779664125865377,-0.6896914683756723,Bearish (<49%),0.4338837391175582,-0.900968867902419,0.8660254037844387,-0.4999999999999998,29978.48295189881,31961.130654272623,-0.025923024628889377,38.06027542928986,0.9008378215061668,-0.011536059494654305,-0.6896914683756723
2022-05-27 00:00:00+00:00,28629.8,90998.5201,21.68892407429776,-0.6896914683756723,0.4790193723161438,0.4666597946708313,Bearish (<49%),-0.433883739117558,-0.9009688679024191,0.8660254037844387,-0.4999999999999998,29770.9932669913,31714.3654206228,-0.03833238806501638,36.35092903187388,0.8029305903524445,-0.019572725233593657,0.4666597946708313
2022-05-28 00:00:00+00:00,29031.33,34479.35127,20.717925862193837,0.4666597946708313,0.5093255529224463,0.5017617998996404,Neutral,-0.9749279121818236,-0.2225209339563146,0.8660254037844387,-0.4999999999999998,29657.19891822341,31515.62205613222,-0.021103440009596852,38.44256975589632,0.8213506667756008,0.01402489713515287,0.5017617998996404
2022-05-29 00:00:00+00:00,29468.1,27567.34764,20.5060764402324,0.5017617998996404,0.4982498131256562,2.630700174326716,Neutral,-0.7818314824680299,0.6234898018587334,0.8660254037844387,-0.4999999999999998,29628.10677695827,31363.95375567798,-0.005400506288262336,40.72443608257784,0.7349831019636803,0.015044780931497082,2.630700174326716
2022-05-30 00:00:00+00:00,31734.22,96785.9476,21.815366162890275,2.630700174326716,0.465196213360213,0.0564260403495974,Bearish (<49%),0.0,1.0,0.8660254037844387,-0.4999999999999998,29952.124195887765,31391.380884887018,0.05949814418694572,50.8951006142009,1.0943699845288564,0.07690078423787083,0.0564260403495974
2022-05-31 00:00:00+00:00,31801.04,62433.11632,21.40699839722548,0.0564260403495974,0.4812663035430553,-2.1754214935940297,Bearish (<49%),0.7818314824680298,0.6234898018587336,0.8660254037844387,-0.4999999999999998,30236.5727811358,31421.726004525015,0.051740891078774984,51.16120182746623,1.0980249831293376,0.002105613435591014,-2.1754214935940297
2022-06-01 00:00:00+00:00,29805.83,103395.63382,21.877373072961777,-2.1754214935940297,0.4605108580589772,0.7308228403207195,Bearish (<49%),0.9749279121818236,-0.2225209339563143,0.4999999999999999,-0.8660254037844387,30170.30466096106,31302.03000418983,-0.012080576084890257,43.56901933157708,1.4578372697800173,-0.06274040094286226,0.7308228403207195
2022-06-02 00:00:00+00:00,30452.62,56961.42928,21.26072535240074,0.7308228403207195,0.5013052943182749,-0.8664204952109369,Neutral,0.4338837391175582,-0.900968867902419,0.4999999999999999,-0.8660254037844387,30213.737790043975,31239.110744620215,0.007906410375837057,46.348521168113926,1.4608750248125397,0.02170011705763586,-0.8664204952109369
2022-06-03 00:00:00+00:00,29700.21,54067.44727,21.20298273349895,-0.8664204952109369,0.4916683282132695,0.1738077571854464,Neutral,-0.433883739117558,-0.9009688679024191,0.4999999999999999,-0.8660254037844387,30134.733514652595,31125.118096870567,-0.014419358128430591,43.65477267564702,1.480557198074482,-0.02470756210795655,0.1738077571854464
2022-06-04 00:00:00+00:00,29864.04,25617.90113,20.449978763511428,0.1738077571854464,0.5063539176833415,0.0475379866003712,Neutral,-0.9749279121818236,-0.2225209339563146,0.4999999999999999,-0.8660254037844387,30093.088358552195,31031.704904509785,-0.007611327751513437,44.412343229458614,1.4756345036521,0.005516122613274499,0.0475379866003712
2022-06-05 00:00:00+00:00,29919.21,23139.9281,20.353941986331343,0.0475379866003712,0.5079321326845436,1.6564424292246689,Neutral,-0.7818314824680299,0.6234898018587334,0.4999999999999999,-0.8660254037844387,30066.337841851855,30949.297874546097,-0.0048934407185119945,44.682071269585734,1.4675653669679454,0.001847372291223781,1.6564424292246689
2022-06-06 00:00:00+00:00,31373.1,68836.92456,21.48850104595222,1.6564424292246689,0.4971973885929223,-0.2878586675566688,Neutral,0.0,1.0,0.4999999999999999,-0.8660254037844387,30267.378173874647,30980.69062457972,0.036531800665832274,51.37776928366402,1.2094362634591989,0.048593863273796334,-0.2878586675566688
2022-06-07 00:00:00+00:00,31125.33,110674.51658,21.931449150443758,-0.2878586675566688,0.4954305004835106,-1.0339776426410991,Neutral,0.7818314824680298,0.6234898018587336,0.4999999999999999,-0.8660254037844387,30399.370762509316,30991.404652388628,0.02388073237311843,50.261252868466244,1.2112044168296379,-0.007897530049628454,-1.0339776426410991
2022-06-08 00:00:00+00:00,30204.77,68542.61276,21.45912303419712,-1.0339776426410991,0.4766146012610797,-0.1241122624456109,Bearish (<49%),0.9749279121818236,-0.2225209339563143,0.4999999999999999,-0.8660254037844387,30369.43218366173,30933.13541887836,-0.005421971101267944,46.24055900886615,0.9298554432020362,-0.0295759113236711,-0.1241122624456109
2022-06-09 00:00:00+00:00,30109.93,46291.1865,21.059623119656752,-0.1241122624456109,0.4986325530886964,-1.1797430578192492,Neutral,0.4338837391175582,-0.900968867902419,0.4999999999999999,-0.8660254037844387,30329.508770790697,30872.157239702185,-0.007239773398577603,45.833762390433364,0.8819817784377689,-0.00313990141292253,-1.1797430578192492
2022-06-10 00:00:00+00:00,29091.88,76204.2498,21.53679990220128,-1.1797430578192492,0.4658822810168259,-0.8053630643948818,Bearish (<49%),-0.433883739117558,-0.9009688679024191,0.4999999999999999,-0.8660254037844387,30139.104344515203,30740.284851576096,-0.034746365802531834,41.6028008764159,0.9359070395813754,-0.03381110484149241,-0.8053630643948818
2022-06-11 00:00:00+00:00,28424.7,65901.39895,21.36090410676317,-0.8053630643948818,0.4832724541122962,-2.2562967758840404,Bearish (<49%),-0.9749279121818236,-0.2225209339563146,0.4999999999999999,-0.8660254037844387,29875.349829974402,30568.760047755644,-0.048556747895180864,39.05817407708611,0.9598375502756409,-0.02293354709286577,-2.2562967758840404
2022-06-12 00:00:00+00:00,26574.53,92474.598809,21.66005195074589,-2.2562967758840404,0.4708188731905331,-5.309423733104064,Bearish (<49%),-0.7818314824680299,0.6234898018587334,0.4999999999999999,-0.8660254037844387,29367.531394593723,30272.8911553293,-0.09510507904344621,33.02556619022721,1.205631290788396,-0.06509022082906779,-5.309423733104064
2022-06-13 00:00:00+00:00,22487.41,254611.034966,22.546563707167444,-5.309423733104064,0.4768000575827799,-0.5532601973533573,Bearish (<49%),0.0,1.0,0.4999999999999999,-0.8660254037844387,28309.051180040842,29696.18884752713,-0.205645930801996,24.151424630014105,1.7894624146390183,-0.153798392671479,-0.5532601973533573
2022-06-14 00:00:00+00:00,22136.41,187201.64671,22.143021255002896,-0.5532601973533573,0.4955337973479731,0.6794325783095904,Neutral,0.7818314824680298,0.6234898018587336,0.4999999999999999,-0.8660254037844387,27359.414075419172,29136.205229191786,-0.190903360028888,23.56578244110723,1.7603196445503546,-0.015608733953799026,0.6794325783095904
2022-06-15 00:00:00+00:00,22583.72,200774.493467,22.170014565686007,0.6794325783095904,0.4898037620160329,-3.342043096866736,Bearish (<49%),0.9749279121818236,-0.2225209339563143,0.4999999999999999,-0.8660254037844387,26624.691909970068,28650.835952955356,-0.1517753491245792,26.02754305683291,1.9612421686290937,0.02020698026464096,-3.342043096866736
2022-06-16 00:00:00+00:00,20401.31,99673.59429,21.479405262554348,-3.342043096866736,0.4820621019264339,0.0978303936866624,Bearish (<49%),0.4338837391175582,-0.900968867902419,0.4999999999999999,-0.8660254037844387,25667.24853920544,28039.759956440143,-0.2051617855011604,22.26046479880449,1.9989228865213882,-0.09663642659402438,0.0978303936866624
2022-06-17 00:00:00+00:00,20468.81,86694.33663,21.309148129988923,0.0978303936866624,0.4967676796905897,-2.5349171159337693,Neutral,-0.433883739117558,-0.9009688679024191,0.4999999999999999,-0.8660254037844387,24867.488763943067,27478.948848555687,-0.17688471906825534,22.633437360853364,2.1220617033085154,0.0033086110646816103,-2.5349171159337693
2022-06-18 00:00:00+00:00,18970.79,196441.655524,22.03877281249885,-2.5349171159337693,0.4915456672945973,2.892570715274495,Neutral,-0.9749279121818236,-0.2225209339563146,0.4999999999999999,-0.8660254037844387,23960.304338721056,26848.714859773787,-0.20824085822055896,20.305135148630796,2.109158112926687,-0.07318549539518904,2.892570715274495
2022-06-19 00:00:00+00:00,20574.0,128320.87595,21.63456886348698,2.892570715274495,0.5133367557876306,-0.016228245221598,Bullish (>51%),-0.7818314824680299,0.6234898018587334,0.4999999999999999,-0.8660254037844387,23439.334440456278,26383.92116645721,-0.12224470143276389,28.752407798476113,2.757600971653993,0.08450939576053496,-0.016228245221598
2022-06-20 00:00:00+00:00,20573.89,109028.94154,21.520951567226916,-0.016228245221598,0.495719980370269,0.2342688235502159,Neutral,0.0,1.0,0.4999999999999999,-0.8660254037844387,22998.496834232235,25953.548487460383,-0.10542457847172503,28.7521826111485,2.067132140101656,-5.346553903051721e-06,0.2342688235502159
2022-06-21 00:00:00+00:00,20723.52,104371.0749,21.51108487423643,0.2342688235502159,0.50007471619898,-1.237613505273084,Neutral,0.7818314824680298,0.6234898018587336,0.4999999999999999,-0.8660254037844387,22648.500398196506,25566.138969870724,-0.08499372427985523,29.560343136348635,2.0785875755097534,0.007272810343595726,-1.237613505273084
2022-06-22 00:00:00+00:00,19987.99,92133.97938,21.35038249815283,-1.237613505273084,0.4874130568569391,1.9161872568937757,Bearish (<49%),0.9749279121818236,-0.2225209339563143,0.4999999999999999,-0.8660254037844387,22239.191106166276,25152.9427498803,-0.10122675305137704,27.88587552486416,2.0566449236552304,-0.035492522505829016,1.9161872568937757
2022-06-23 00:00:00+00:00,21110.13,83127.08716,21.26016547957465,1.9161872568937757,0.5138738607282146,0.1919277558502621,Bullish (>51%),0.4338837391175582,-0.900968867902419,0.4999999999999999,-0.8660254037844387,22065.48939752531,24853.475138778056,-0.043296542411266674,34.025925721426276,1.8165801119133171,0.056140712497855016,0.1919277558502621
2022-06-24 00:00:00+00:00,21237.69,77430.36622,21.214987654180295,0.1919277558502621,0.4982847363833635,0.3947760949447517,Neutral,-0.433883739117558,-0.9009688679024191,0.4999999999999999,-0.8660254037844387,21938.13564405988,24585.639202572274,-0.031928221040493844,34.7064971378378,1.8161052320569462,0.006042596611200324,0.3947760949447517
2022-06-25 00:00:00+00:00,21491.19,51431.67794,20.81299057259028,0.3947760949447517,0.4907516618346595,-0.7417055965321118,Neutral,-0.9749279121818236,-0.2225209339563146,0.4999999999999999,-0.8660254037844387,21869.374775742974,24356.420743122475,-0.017292893812513067,36.11687247873977,1.3590909687554669,0.011936326408380493,-0.7417055965321118
2022-06-26 00:00:00+00:00,21038.07,53278.10464,20.85364333252976,-0.7417055965321118,0.4889656622739799,-0.4994897279517892,Bearish (<49%),-0.7818314824680299,0.6234898018587334,0.4999999999999999,-0.8660254037844387,21741.48173332098,24110.61698437266,-0.0323534403932981,34.67508189539009,0.9935498444789654,-0.021083988369187567,-0.4994897279517892
2022-06-27 00:00:00+00:00,20742.56,64475.0013,21.026601666906974,-0.4994897279517892,0.4961994533530935,-0.7814189072445659,Neutral,0.0,1.0,0.4999999999999999,-0.8660254037844387,21587.801466656212,23861.131281826536,-0.03915366129162074,33.729401644630386,1.019894540365455,-0.014046440571782393,-0.7814189072445659
2022-06-28 00:00:00+00:00,20281.29,63801.0832,21.00230792544857,-0.7814189072445659,0.4779038817322148,-0.2846477503507702,Bearish (<49%),0.7818314824680298,0.6234898018587336,0.4999999999999999,-0.8660254037844387,21386.799702555254,23595.95785354309,-0.05169121691559907,32.2508525973643,1.0586501580015877,-0.022237852994037355,-0.2846477503507702
2022-06-29 00:00:00+00:00,20123.01,77309.04379,21.165737535775644,-0.2846477503507702,0.4891293403229403,-0.3252778588939826,Bearish (<49%),0.9749279121818236,-0.2225209339563143,0.4999999999999999,-0.8660254037844387,21192.370517546755,23338.70245698434,-0.05045969334394907,31.73675551386974,0.9443029009132691,-0.007804237304431916,-0.3252778588939826
2022-06-30 00:00:00+00:00,19942.21,93846.64806,21.31603693060262,-0.3252778588939826,0.4842792551412517,-1.159277433297779,Bearish (<49%),0.4338837391175582,-0.900968867902419,0.4999999999999999,-0.8660254037844387,21000.03813023187,23087.11042313365,-0.050372676643334835,31.126390310550264,0.4456879410739069,-0.008984739360562877,-1.159277433297779
2022-07-01 00:00:00+00:00,19279.8,111844.59494,21.510366081376898,-1.159277433297779,0.5044286481636929,-0.0642258712193445,Neutral,-0.433883739117558,-0.9009688679024191,1.2246467991473532e-16,-1.0,20735.386110196196,22805.087428827457,-0.07019816763771002,28.931037212158103,0.4913043030999442,-0.03321647901611702,-0.0642258712193445
2022-07-02 00:00:00+00:00,19252.81,46180.3021,20.604950138432557,-0.0642258712193445,0.5130739019136906,0.0966146711610478,Bullish (>51%),-0.9749279121818236,-0.2225209339563146,1.2246467991473532e-16,-1.0,20507.29747785832,22541.95576743283,-0.06117273517940554,28.841776915915702,0.36990070038758593,-0.00139991078745616,0.0966146711610478
2022-07-03 00:00:00+00:00,19315.83,51087.46631,20.70332420921328,0.0966146711610478,0.4964419798410629,1.624813401574024,Neutral,-0.7818314824680299,0.6234898018587334,1.2246467991473532e-16,-1.0,20323.99478895704,22302.98348836373,-0.04960465693018284,29.389578547331,0.4288295802636342,0.003273288418677689,1.624813401574024
2022-07-04 00:00:00+00:00,20236.71,74814.04601,21.10919991382752,1.624813401574024,0.5151936897631236,-0.1195860913158344,Bullish (>51%),0.0,1.0,1.2246467991473532e-16,-1.0,20310.566359886725,22149.92619292938,-0.0036363515708056184,37.01939954240847,0.8832533841537091,0.04767488634969341,-0.1195860913158344
2022-07-05 00:00:00+00:00,20175.83,96041.13756,21.37556503836071,-0.1195860913158344,0.5035183495175586,0.6469992659375732,Neutral,0.7818314824680298,0.6234898018587336,1.2246467991473532e-16,-1.0,20289.83768913492,22003.69684530498,-0.005618955207116827,36.736779528491304,0.8357502805125363,-0.003008394151025384,0.6469992659375732
2022-07-06 00:00:00+00:00,20564.51,82439.5808,21.2333803767579,0.6469992659375732,0.5043782843932171,1.7588041403548709,Neutral,0.9749279121818236,-0.2225209339563143,1.2246467991473532e-16,-1.0,20332.09496772955,21897.09041231943,0.011430943670061046,39.89185051339437,0.8627576587168269,0.019264634961733806,1.7588041403548709
2022-07-07 00:00:00+00:00,21624.98,85014.58261,21.301688846967863,1.7588041403548709,0.502637734469964,-0.0641573656565059,Neutral,0.4338837391175582,-0.900968867902419,1.2246467991473532e-16,-1.0,20531.00035730962,21876.934085480956,0.05328428345679189,47.574195695206505,1.0341142273019535,0.051567968310453294,-0.0641573656565059
2022-07-08 00:00:00+00:00,21594.75,403081.57349,22.89589373159392,-0.0641573656565059,0.5006383687866753,-0.0206981171574025,Neutral,-0.433883739117558,-0.9009688679024191,1.2246467991473532e-16,-1.0,20694.654148492755,21856.031560630512,0.043494123895411976,47.38826303074325,0.8199679172085859,-0.001397920368018779,-0.0206981171574025
2022-07-09 00:00:00+00:00,21591.83,178417.84468,22.073204911762023,-0.0206981171574025,0.501171944265861,-1.1786533463315974,Neutral,-0.9749279121818236,-0.2225209339563146,1.2246467991473532e-16,-1.0,20832.68120257079,21836.461074657884,0.03644028294041816,47.36900517674592,0.814644364769619,-0.00013521805068350545,-1.1786533463315974
2022-07-10 00:00:00+00:00,20862.47,192188.21556,22.125136827583635,-1.1786533463315974,0.4962674388338027,-1.498929542806129,Neutral,-0.7818314824680299,0.6234898018587334,1.2246467991473532e-16,-1.0,20837.26409448298,21764.31358764619,0.0012096552312592158,42.70112024349998,1.0455260948527998,-0.0337794434283708,-1.498929542806129
2022-07-11 00:00:00+00:00,19963.61,137535.40724,21.757772588453623,-1.498929542806129,0.486198223365947,-1.1105552085300423,Bearish (<49%),0.0,1.0,1.2246467991473532e-16,-1.0,20702.85577225483,21630.928136709437,-0.03570742995010073,37.76234130895338,1.0904479875642423,-0.04308502301021888,-1.1105552085300423
2022-07-12 00:00:00+00:00,19328.75,139506.45862,21.73639846198281,-1.1105552085300423,0.485146829684465,1.5974342684699214,Bearish (<49%),0.7818314824680298,0.6234898018587336,1.2246467991473532e-16,-1.0,20491.454884215625,21460.39642287911,-0.056740963039732535,34.70888587612457,1.1603426210355583,-0.0318008616678046,1.5974342684699214
2022-07-13 00:00:00+00:00,20234.87,209250.24888,22.13335144449992,1.5974342684699214,0.4954218007618745,0.5860261647103695,Neutral,0.9749279121818236,-0.2225209339563143,1.2246467991473532e-16,-1.0,20451.98028664399,21369.616687851027,-0.010615611965251735,41.92663967234739,1.3216738878763994,0.046879389510444236,0.5860261647103695
2022-07-14 00:00:00+00:00,20588.84,174809.21696,21.98348950459364,0.5860261647103695,0.5033662385784535,0.3871614674143811,Neutral,0.4338837391175582,-0.900968867902419,1.2246467991473532e-16,-1.0,20473.0356271603,21311.78137763984,0.005656433904020971,44.507404580382456,1.1076495346790203,0.01749307013091772,0.3871614674143811
2022-07-15 00:00:00+00:00,20830.04,143343.3049,21.816644364802343,0.3871614674143811,0.4977905954504053,0.5879736571874274,Neutral,-0.433883739117558,-0.9009688679024191,1.2246467991473532e-16,-1.0,20527.95937682795,21276.096831148,0.014715570000252559,46.25993359939135,1.1325389413905949,0.011715084482661453,0.5879736571874274
2022-07-16 00:00:00+00:00,21195.6,121011.67393,21.65527908880689,0.5879736571874274,0.5059467458934274,-0.6614117336308772,Neutral,-0.9749279121818236,-0.2225209339563146,1.2246467991473532e-16,-1.0,20630.673318854417,21270.134102914813,0.02738285233906031,48.89423880600087,1.1692988355162386,0.017549654249343627,-0.6614117336308772
2022-07-17 00:00:00+00:00,20798.16,118229.4525,21.644047028628467,-0.6614117336308772,0.5036896615079901,2.6886612933182263,Neutral,-0.7818314824680299,0.6234898018587334,1.2246467991473532e-16,-1.0,20656.440500569122,21235.17305825446,0.006860789952023575,46.24032763205415,1.1035258957444964,-0.018751061541074532,2.6886612933182263
2022-07-18 00:00:00+00:00,22432.58,239942.73132,22.38404243693024,2.6886612933182263,0.510114717568849,1.4630541578320049,Bullish (>51%),0.0,1.0,1.2246467991473532e-16,-1.0,20929.692731250798,21323.86986875413,0.07180646596427068,56.65884560911406,1.2856877629158237,0.07858483635090807,1.4630541578320049
2022-07-19 00:00:00+00:00,23396.62,263770.76574,22.50739962144392,1.4630541578320049,0.5037496618597033,-0.2710070139498499,Neutral,0.7818314824680298,0.6234898018587336,1.2246467991473532e-16,-1.0,21309.22000336606,21477.406915513082,0.0979575975237108,61.40942568968122,1.0710052626207471,0.04297499440545827,-0.2710070139498499
2022-07-20 00:00:00+00:00,23223.3,238762.17094,22.45169514822224,-0.2710070139498499,0.50184061004417,-0.1214314572631211,Neutral,0.9749279121818236,-0.2225209339563143,1.2246467991473532e-16,-1.0,21603.693849002048,21606.73232917878,0.07496894569595872,60.13328254968439,1.1146515397804804,-0.007407907637940858,-0.1214314572631211
2022-07-21 00:00:00+00:00,23152.19,184817.68191,22.16603782341284,-0.1214314572631211,0.502975651676379,-0.7108136519132356,Neutral,0.4338837391175582,-0.900968867902419,1.2246467991473532e-16,-1.0,21841.924026078657,21721.210675165534,0.059988578495050154,59.58617021141081,1.1561996186972012,-0.003062010997575748,-0.7108136519132356
2022-07-22 00:00:00+00:00,22684.83,171598.43966,22.10489803862757,-0.7108136519132356,0.4954996586709639,-0.3707072464977626,Neutral,-0.433883739117558,-0.9009688679024191,1.2246467991473532e-16,-1.0,21971.601868220405,21792.589884412533,0.03246136244673202,55.981140224893885,1.2570902583680326,-0.020186427288303888,-0.3707072464977626
2022-07-23 00:00:00+00:00,22451.07,122137.77375,21.733142594280213,-0.3707072464977626,0.5041017390412358,0.1811158248529794,Neutral,-0.9749279121818236,-0.2225209339563146,1.2246467991473532e-16,-1.0,22045.366196186496,21841.366189270866,0.018403132894371413,54.21436568660215,1.2882130032057277,-0.010304683790885893,0.1811158248529794
2022-07-24 00:00:00+00:00,22579.68,115189.67277,21.682929406563133,0.1811158248529794,0.5042725874044516,-1.9500144213481976,Neutral,-0.7818314824680299,0.6234898018587334,1.2246467991473532e-16,-1.0,22127.568319850114,21896.056101176728,0.02043205442255071,55.05481549498052,1.2223957091067372,0.00572845748554518,-1.9500144213481976
2022-07-25 00:00:00+00:00,21310.9,180344.76643,22.097994307407067,-1.9500144213481976,0.4880759632920389,-0.1068571257233462,Bearish (<49%),0.0,1.0,1.2246467991473532e-16,-1.0,22001.927039873175,21852.711204793264,-0.031407568919797534,46.070210069300856,1.0209658960656864,-0.056191230345159826,-0.1068571257233462
2022-07-26 00:00:00+00:00,21254.67,177817.24326,22.04202381432104,-0.1068571257233462,0.4912541595995497,2.7331680906734803,Neutral,0.7818314824680298,0.6234898018587336,1.2246467991473532e-16,-1.0,21886.964418354226,21808.41185629006,-0.028889086959176066,45.71415201978725,0.704119585258633,-0.0026385558563929434,2.7331680906734803
2022-07-27 00:00:00+00:00,22952.45,210971.19796,22.2525581286957,2.7331680906734803,0.50489890781298,1.3192481007819463,Neutral,0.9749279121818236,-0.2225209339563143,1.2246467991473532e-16,-1.0,22050.885277068963,21893.155422490796,0.04088564751949385,56.616563706771196,1.411698392684122,0.07987797505207106,1.3192481007819463
2022-07-28 00:00:00+00:00,23842.93,236029.0741,22.430082433375173,1.3192481007819463,0.500661665943467,-0.1159066683342612,Neutral,0.4338837391175582,-0.900968867902419,1.2246467991473532e-16,-1.0,22326.584465212196,22037.58316897296,0.06791659230951665,61.03654883790861,1.5015962589976108,0.038796729760875115,-0.1159066683342612
2022-07-29 00:00:00+00:00,23773.75,198298.50623,22.27799001010468,-0.1159066683342612,0.5051253809437232,-0.2045948346285953,Neutral,-0.433883739117558,-0.9009688679024191,1.2246467991473532e-16,-1.0,22549.225316718013,22166.188119419407,0.0543045122873522,60.520677130805716,1.460606178230348,-0.0029014890367921042,-0.2045948346285953
2022-07-30 00:00:00+00:00,23643.51,151060.13211,22.013765201872992,-0.2045948346285953,0.5016452174477051,-0.5258127634317857,Neutral,-0.9749279121818236,-0.2225209339563146,1.2246467991473532e-16,-1.0,22717.576806453704,22275.619369832784,0.04075844890654232,59.50108808450005,1.4503163420554266,-0.005478311162521732,-0.5258127634317857
2022-07-31 00:00:00+00:00,23293.32,127743.32483,21.83129575046141,-0.5258127634317857,0.4989492693635567,-0.0534416791040082,Neutral,-0.7818314824680299,0.6234898018587334,1.2246467991473532e-16,-1.0,22806.152682383905,22351.004601697023,0.021361223192739393,56.73347846928712,1.4814235685168529,-0.014811252643960215,-0.0534416791040082
2022-08-01 00:00:00+00:00,23268.01,144210.16219,21.931142577881307,-0.0534416791040082,0.495515674795872,-0.4305409717483758,Neutral,0.0,1.0,-0.4999999999999997,-0.8660254037844388,22877.20765432484,22418.930927497244,0.017082606915152884,56.52882318827821,1.1712810991416194,-0.0010865776110919878,-0.4305409717483758
2022-08-02 00:00:00+00:00,22987.79,158073.28225,22.012779616287908,-0.4305409717483758,0.4942143536087674,-0.2697023036564903,Neutral,0.7818314824680298,0.6234898018587336,-0.4999999999999997,-0.8660254037844388,22894.22032289025,22461.068636571523,0.004087043620183763,54.19774712392551,1.2022240128802644,-0.012043144213879864,-0.2697023036564903
2022-08-03 00:00:00+00:00,22818.37,145948.80995,21.9427469889236,-0.2697023036564903,0.4957598232886448,-0.3107569961854686,Neutral,0.9749279121818236,-0.2225209339563143,-0.4999999999999997,-0.8660254037844388,22882.551042445597,22487.53540423289,-0.0028048027655022583,52.78061234313318,0.6220783336975679,-0.007369999464933441,-0.3107569961854686
2022-08-04 00:00:00+00:00,22622.98,154854.67016,21.98666753703949,-0.3107569961854686,0.491582337499714,1.0328408315257904,Neutral,0.4338837391175582,-0.900968867902419,-0.4999999999999997,-0.8660254037844388,22842.617035915508,22497.568337252676,-0.009615230845492534,51.12046343567552,0.16719915569143692,-0.008562837748708585,1.0328408315257904
2022-08-05 00:00:00+00:00,23312.42,175251.69749,22.12110231861574,1.0328408315257904,0.503507561089587,-0.544893100444841,Neutral,-0.433883739117558,-0.9009688679024191,-0.4999999999999997,-0.8660254037844388,22914.894415005427,22557.927719678402,0.017347912575772496,56.338961300393535,0.5259401163271732,0.030475207068211052,-0.544893100444841
2022-08-06 00:00:00+00:00,22954.21,83911.80307,21.38837029863329,-0.544893100444841,0.4938396576394768,0.3140947098655781,Neutral,-0.9749279121818236,-0.2225209339563146,-0.4999999999999997,-0.8660254037844388,22920.94296654305,22587.281962665187,0.0014513815380766493,53.163147524516596,0.5513763938365138,-0.01536562913674333,0.3140947098655781
2022-08-07 00:00:00+00:00,23174.39,88890.00877,21.4419652822228,0.3140947098655781,0.5033738243380759,0.927937621564043,Neutral,-0.7818314824680299,0.6234898018587334,-0.4999999999999997,-0.8660254037844388,22959.93481784412,22630.77144691221,0.009340409014977107,54.84794819940811,0.5492447437112274,0.009592140178206865,0.927937621564043
2022-08-08 00:00:00+00:00,23810.0,170958.44152,22.12888528747292,0.927937621564043,0.5027087079519605,-0.97015472806318,Neutral,0.0,1.0,-0.4999999999999997,-0.8660254037844388,23090.71407663733,22718.1217101039,0.031150440864469716,59.389428778830684,0.6588145594075412,0.027427259142527527,-0.97015472806318
2022-08-09 00:00:00+00:00,23149.95,143182.50858,21.93136339842548,-0.97015472806318,0.493068463670299,1.179432810253473,Neutral,0.7818314824680298,0.6234898018587336,-0.4999999999999997,-0.8660254037844388,23099.827295616204,22750.108990836943,0.0021698302650647607,53.384523774570226,0.7560098990983234,-0.027721545569088568,1.179432810253473
2022-08-10 00:00:00+00:00,23954.05,208916.54953,22.316335639666693,1.179432810253473,0.502817577192062,-0.0442921052830399,Neutral,0.9749279121818236,-0.2225209339563143,-0.4999999999999997,-0.8660254037844388,23231.24617321371,22839.2898063305,0.031113433235437183,58.84396762299639,0.8537529720961053,0.034734416273037194,-0.0442921052830399
2022-08-11 00:00:00+00:00,23934.39,249759.79557,22.53119614435996,-0.0442921052830399,0.5004885070662456,0.6587947677205347,Neutral,0.4338837391175582,-0.900968867902419,-0.4999999999999997,-0.8660254037844388,23339.422146565445,22920.408339194906,0.025491970182394103,58.66306653686841,0.8311268401965978,-0.0008207380380352847,0.6587947677205347
2022-08-12 00:00:00+00:00,24403.68,174207.5704,22.152580079908216,0.6587947677205347,0.5010305952811797,0.0371258444374875,Neutral,-0.433883739117558,-0.9009688679024191,-0.4999999999999997,-0.8660254037844388,23503.154124016917,23030.280314069358,0.03831510746308183,61.690587689237404,0.7846878039506058,0.019607351597429545,0.0371258444374875
2022-08-13 00:00:00+00:00,24441.38,152852.25435,22.04539951174073,0.0371258444374875,0.4995183376567583,-0.2077526802239207,Neutral,-0.9749279121818236,-0.2225209339563146,-0.4999999999999997,-0.8660254037844388,23647.496566475853,23134.806216730885,0.0335715635391869,61.931798088741864,0.7185137142354437,0.0015448489735974125,-0.2077526802239207
2022-08-14 00:00:00+00:00,24305.24,151206.14473,22.03391088536061,-0.2077526802239207,0.4979756203324502,-0.3140113451562135,Neutral,-0.7818314824680299,0.6234898018587334,-0.4999999999999997,-0.8660254037844388,23748.687863941108,23221.50501549156,0.023435068886645156,60.45157478706395,0.743496304763941,-0.005570061919580649,-0.3140113451562135
2022-08-15 00:00:00+00:00,24094.82,242539.54758,22.49721193574319,-0.3140113451562135,0.4959375321268998,-0.3589805870313591,Neutral,0.0,1.0,-0.4999999999999997,-0.8660254037844388,23801.938961796324,23286.195014344037,0.012304923505339994,58.13863497506189,0.6946156994189154,-0.008657392397688812,-0.3589805870313591
2022-08-16 00:00:00+00:00,23854.74,179324.94821,22.180695900103,-0.3589805870313591,0.5008369178215195,-0.7548739570817896,Neutral,0.7818314824680298,0.6234898018587336,-0.4999999999999997,-0.8660254037844388,23810.062198443044,23328.30945772596,0.0018764252350369549,55.528136400389265,0.5730080326982189,-0.009963967358959214,-0.7548739570817896
2022-08-17 00:00:00+00:00,23342.66,210668.68766,22.331434831492004,-0.7548739570817896,0.4991671095408199,-0.2393648586310758,Neutral,0.9749279121818236,-0.2225209339563143,-0.4999999999999997,-0.8660254037844388,23738.154167913344,23329.372460857372,-0.016660695903977674,50.336457836729586,0.4357937637154777,-0.021466593222143726,-0.2393648586310758
2022-08-18 00:00:00+00:00,23191.2,144185.97011,21.939761583565243,-0.2393648586310758,0.4984122297417332,-3.5137444601518344,Neutral,0.4338837391175582,-0.900968867902419,-0.4999999999999997,-0.8660254037844388,23654.007372849755,23319.137463756826,-0.019565706797782117,48.88073971384084,0.43484710292555073,-0.006488549291297496,-3.5137444601518344
2022-08-19 00:00:00+00:00,20834.39,283995.87747,22.544868736632136,-3.5137444601518344,0.4915628060296294,0.4889279707636698,Neutral,-0.433883739117558,-0.9009688679024191,-0.4999999999999997,-0.8660254037844388,23220.220084719025,23135.082096071135,-0.10274795312078522,32.92463420510795,1.2351897474056506,-0.10162518541515753,0.4889279707636698
2022-08-20 00:00:00+00:00,21140.07,183041.68363,22.07684146069972,0.4889279707636698,0.5018670763304975,0.5953636278979287,Neutral,-0.9749279121818236,-0.2225209339563146,-0.4999999999999997,-0.8660254037844388,22900.19699476225,22987.30342228809,-0.07686077963280522,35.84956678060583,1.2944427624224064,0.014671895841442906,0.5953636278979287
2022-08-21 00:00:00+00:00,21515.61,159200.6841,21.948521032826296,0.5953636278979287,0.5040131727675157,-0.2012528155462292,Neutral,-0.7818314824680299,0.6234898018587334,-0.4999999999999997,-0.8660254037844388,22687.183610952674,22878.289094711192,-0.051640328347634726,39.34874804323185,1.3782213009724489,0.017764368802941632,-0.2012528155462292
2022-08-22 00:00:00+00:00,21399.83,222222.04526,22.27537374792921,-0.2012528155462292,0.4991661712959971,0.1918947206922482,Neutral,0.0,1.0,-0.4999999999999997,-0.8660254037844388,22489.12920926765,22768.77360621407,-0.04843670019996828,38.6488014507024,1.3825717981646506,-0.0053812092708502846,0.1918947206922482
2022-08-23 00:00:00+00:00,21529.12,200967.77164,22.18183726193852,0.1918947206922482,0.5036742964007321,-0.2734917526603418,Neutral,0.7818314824680298,0.6234898018587336,-0.4999999999999997,-0.8660254037844388,22341.435484764934,22676.947413161175,-0.03635914466278896,39.933735050537635,1.41189440954009,0.006041636779357429,-0.2734917526603418
2022-08-24 00:00:00+00:00,21368.08,174383.22046,22.043472964576576,-0.2734917526603418,0.4960330894327148,0.2915358039850491,Neutral,0.9749279121818236,-0.2225209339563143,-0.4999999999999997,-0.8660254037844388,22191.68848710879,22579.994271445532,-0.03711337637004161,38.84249997237359,1.408587229041947,-0.0074801013696795815,0.2915358039850491
2022-08-25 00:00:00+00:00,21559.04,169915.78301,22.02404269195066,0.2915358039850491,0.4976292912414363,-2.120132384603884,Neutral,0.4338837391175582,-0.900968867902419,-0.4999999999999997,-0.8660254037844388,22094.357950630514,22504.36802911623,-0.024228717205843797,40.904671859231286,1.4341005758051966,0.008936694359062525,-2.120132384603884
2022-08-26 00:00:00+00:00,20241.05,273811.61955,22.47856003392168,-2.120132384603884,0.4958910264405541,-0.3619882999188938,Neutral,-0.433883739117558,-0.9009688679024191,-0.4999999999999997,-0.8660254037844388,21809.23365053351,22336.714841774286,-0.07190457379941685,32.70730621585642,0.928696745928984,-0.061133983702428396,-0.3619882999188938
2022-08-27 00:00:00+00:00,20037.6,162582.46032,21.90798367073789,-0.3619882999188938,0.4977350814517431,-0.8439359888882231,Neutral,-0.9749279121818236,-0.2225209339563146,-0.4999999999999997,-0.8660254037844388,21536.67462737451,22166.410038679896,-0.06960566815960942,31.65281258041432,0.8863495480395418,-0.010051356031431258,-0.8439359888882231
2022-08-28 00:00:00+00:00,19555.61,139307.95976,21.7461245523742,-0.8439359888882231,0.4979148881334531,1.268958684077502,Neutral,-0.7818314824680299,0.6234898018587334,-0.4999999999999997,-0.8660254037844388,21231.895453932277,21973.01744322213,-0.07895128617081702,29.247083244189383,0.8168237731204097,-0.024054277957439862,1.268958684077502
2022-08-29 00:00:00+00:00,20285.73,210509.49545,22.16104539617347,1.268958684077502,0.5026370060115974,-0.8203720065531969,Neutral,0.0,1.0,-0.4999999999999997,-0.8660254037844388,21086.331537942693,21848.03318816864,-0.037967796176499126,37.05182443030112,1.0533808453924067,0.03733557787253883,-0.8203720065531969
2022-08-30 00:00:00+00:00,19811.66,256634.35529,22.36380986393792,-0.8203720065531969,0.4945521775390511,0.39804481957923,Neutral,0.7818314824680298,0.6234898018587336,-0.4999999999999997,-0.8660254037844388,20890.228224413047,21697.190729785776,-0.051630274826418375,34.398521449036835,1.049860054021865,-0.02336962978408963,0.39804481957923
2022-08-31 00:00:00+00:00,20050.02,276946.60765,22.44528735260976,0.39804481957923,0.5072257845726315,0.1237548107386054,Neutral,0.9749279121818236,-0.2225209339563143,-0.4999999999999997,-0.8660254037844388,20760.965420657194,21575.17808313498,-0.03424433335599132,36.847274188149534,1.094005397300504,0.012031298740236895,0.1237548107386054
2022-09-01 00:00:00+00:00,20131.46,245289.97263,22.31110384843858,0.1237548107386054,0.4939398255498921,-0.3230964867454843,Neutral,0.4338837391175582,-0.900968867902419,-0.8660254037844384,-0.5000000000000004,20664.11843286378,21468.23600290276,-0.025776973481561705,37.7029084177546,1.0803167516441299,0.004061841334821459,-0.3230964867454843
2022-09-02 00:00:00+00:00,19951.86,245986.6033,22.32202489676179,-0.3230964867454843,0.4984698589478023,-0.2229793969530364,Neutral,-0.433883739117558,-0.9009688679024191,-0.8660254037844384,-0.5000000000000004,20554.5402124232,21355.91185453959,-0.02932102621584973,36.527551252390055,0.7483419832933501,-0.00892135990136822,-0.2229793969530364
2022-09-03 00:00:00+00:00,19831.9,146639.03204,21.79101205702608,-0.2229793969530364,0.4947989410500749,0.2762087841023328,Neutral,-0.9749279121818236,-0.2225209339563146,-0.8660254037844384,-0.5000000000000004,20443.36479512732,21243.022087536658,-0.029910183634401562,35.72642786688344,0.7414181590440994,-0.006012472020152426,0.2762087841023328
2022-09-04 00:00:00+00:00,20000.3,145588.77893,21.78217622133537,0.2762087841023328,0.4999647763032447,-0.3661697477719679,Neutral,-0.7818314824680299,0.6234898018587334,-0.8660254037844384,-0.5000000000000004,20375.200980492347,21150.96859957098,-0.018399866624691764,37.789125040521526,0.6604695130580148,0.00849136996455191,-0.3661697477719679
2022-09-05 00:00:00+00:00,19796.84,222543.01057,22.205999556450973,-0.3661697477719679,0.4978186191794717,-1.7654180497842178,Neutral,0.0,1.0,-0.8660254037844384,-0.5000000000000004,20286.22236810891,21050.662777380538,-0.024123878720675253,36.274429779285924,0.4255316232111028,-0.010172847407288854,-1.7654180497842178
2022-09-06 00:00:00+00:00,18790.61,356315.05718,22.665857512871103,-1.7654180497842178,0.4933326311584978,0.903860829014258,Neutral,0.7818314824680298,0.6234898018587336,-0.8660254037844384,-0.5000000000000004,20056.128157630614,20883.251460537536,-0.06309882683658113,29.89284449373899,0.7245929222853489,-0.05082780888262972,0.903860829014258
2022-09-07 00:00:00+00:00,19292.84,287394.7788,22.41646162281624,0.903860829014258,0.4965329049325095,0.0319978089502378,Neutral,0.9749279121818236,-0.2225209339563143,-0.8660254037844384,-0.5000000000000004,19938.699210302828,20765.443204201423,-0.03239224402207221,35.94959821724039,0.8209577534355114,0.026727711340930327,0.0319978089502378
2022-09-08 00:00:00+00:00,19319.77,262813.28273,22.34408220189817,0.0319978089502378,0.5000868196795953,3.6187667115806312,Neutral,0.4338837391175582,-0.900968867902419,-0.8660254037844384,-0.5000000000000004,19843.4793317947,20658.356300186504,-0.02639201135234253,36.267546578747385,0.8157122324530737,0.0013958546279344564,3.6187667115806312
2022-09-09 00:00:00+00:00,21360.11,428919.74652,22.912663343941865,3.6187667115806312,0.5082051902216069,0.4483822054841209,Neutral,-0.433883739117558,-0.9009688679024191,-0.8660254037844384,-0.5000000000000004,20076.807126903208,20710.338055728243,0.06391966934708201,54.63974400068525,1.6539985705069855,0.10560891770450676,0.4483822054841209
2022-09-10 00:00:00+00:00,21648.34,307997.33504,22.60878172176076,0.4483822054841209,0.5005596598424387,0.2677920069919643,Neutral,-0.9749279121818236,-0.2225209339563146,-0.8660254037844384,-0.5000000000000004,20318.581415071945,20779.819681229856,0.06544544413625573,56.5454548062477,1.6343303087873364,0.013493844366906371,0.2677920069919643
2022-09-11 00:00:00+00:00,21826.87,280702.55149,22.525741621262732,0.2677920069919643,0.5029233985250371,0.8809771710962888,Neutral,-0.7818314824680299,0.6234898018587334,-0.8660254037844384,-0.5000000000000004,20550.625812753184,20857.378964101717,0.062102448795248434,57.7300499311112,1.6344822774681746,0.008246821696259232,0.8809771710962888
2022-09-12 00:00:00+00:00,22395.74,395395.61828,22.89160644688071,0.8809771710962888,0.504531490429242,-3.431063021942638,Neutral,0.0,1.0,-0.8660254037844384,-0.5000000000000004,20834.48953386808,20971.331633427515,0.07493586361182442,61.34594867849036,1.5984601868151072,0.02606282989727804,-3.431063021942638
2022-09-13 00:00:00+00:00,20173.57,431915.03333,22.95352099031537,-3.431063021942638,0.5027482854575545,0.0746166704302958,Neutral,0.7818314824680298,0.6234898018587336,-0.8660254037844384,-0.5000000000000004,20732.809605580685,20912.23817909955,-0.026973652689607216,45.11196231048548,2.0686978655892716,-0.0992228879242214,0.0746166704302958
2022-09-14 00:00:00+00:00,20226.71,340826.40151,22.65279035705148,0.0746166704302958,0.4978209755414789,-0.9090918934403422,Neutral,0.9749279121818236,-0.2225209339563143,-0.8660254037844384,-0.5000000000000004,20654.94812779904,20861.458313981064,-0.02073295585877973,45.483494335273754,2.0579943128750053,0.0026341396193136912,-0.9090918934403422
2022-09-15 00:00:00+00:00,19701.88,333069.76076,22.618674103810587,-0.9090918934403422,0.4973514519060899,0.1611286206416208,Neutral,0.4338837391175582,-0.900968867902419,-0.8660254037844384,-0.5000000000000004,20508.322261983805,20775.56362405654,-0.039322683332254,42.42884379967072,2.1063210397345102,-0.02594737354715615,0.1611286206416208
2022-09-16 00:00:00+00:00,19803.3,283791.07064,22.44317351510329,0.1611286206416208,0.4971446248883991,0.5232843502320874,Neutral,-0.433883739117558,-0.9009688679024191,-0.8660254037844384,-0.5000000000000004,20399.85729860168,20703.54409634865,-0.02924320939453693,43.22239403344072,1.4595091881529612,0.005147732094602064,0.5232843502320874
2022-09-17 00:00:00+00:00,20113.62,179350.24338,21.998256457129575,0.5232843502320874,0.4997015094097944,-1.2094766880272885,Neutral,-0.9749279121818236,-0.2225209339563146,-0.8660254037844384,-0.5000000000000004,20355.8207911245,20659.84601513764,-0.01189835544386919,45.68915395910537,1.4666650218372195,0.015670115586796207,-1.2094766880272885
2022-09-18 00:00:00+00:00,19416.18,254217.46904,22.33947456509275,-1.2094766880272885,0.4896618512491505,0.1981600592845473,Bearish (<49%),-0.7818314824680299,0.6234898018587334,-0.8660254037844384,-0.5000000000000004,20211.260669413037,20567.722606608924,-0.03933849958287274,41.34183662607017,1.46965742116127,-0.03467501126102601,0.1981600592845473
2022-09-19 00:00:00+00:00,19537.02,380512.40306,22.69945530470547,0.1981600592845473,0.4973327786115819,-1.182300585126777,Neutral,0.0,1.0,-0.8660254037844384,-0.5000000000000004,20107.531335657186,20491.374265378636,-0.028373017360190985,42.36508816857676,1.377991750455052,0.006223675305853105,-1.182300585126777
2022-09-20 00:00:00+00:00,18875.0,324098.3286,22.54878936482595,-1.182300585126777,0.4958875631177815,-0.7702968084447003,Neutral,0.7818314824680298,0.6234898018587336,-0.8660254037844384,-0.5000000000000004,19917.911130171462,20371.642838313554,-0.052360467086916065,38.41175699873641,0.7356459873292044,-0.03388541343562124,-0.7702968084447003
2022-09-21 00:00:00+00:00,18461.36,385034.10021,22.71642314262624,-0.7702968084447003,0.494240565514092,1.7369081706201457,Neutral,0.9749279121818236,-0.2225209339563143,-0.8660254037844384,-0.5000000000000004,19693.82634091431,20230.140405845883,-0.06258135517087593,36.142373687156336,0.7265309932542943,-0.021914701986754936,1.7369081706201457
2022-09-22 00:00:00+00:00,19401.63,379321.72111,22.69786637820307,1.7369081706201457,0.5034969283886997,-0.2142306726257025,Neutral,0.4338837391175582,-0.900968867902419,-0.8660254037844384,-0.5000000000000004,19648.873057696725,20168.769264672115,-0.01258306555142994,44.21111999105146,1.062063549861267,0.050931784007245406,-0.2142306726257025
2022-09-23 00:00:00+00:00,19289.91,385886.91829,22.71528719206596,-0.2142306726257025,0.504920168279903,-0.6751569311630676,Neutral,-0.433883739117558,-0.9009688679024191,-0.8660254037844384,-0.5000000000000004,19593.647971897226,20103.668578400106,-0.015501859190941438,43.5076876651144,1.0574724425878688,-0.00575827907242854,-0.6751569311630676
2022-09-24 00:00:00+00:00,18920.5,239496.56746,22.2425444374534,-0.6751569311630676,0.5031441868999887,-0.2218170554246122,Neutral,-0.9749279121818236,-0.2225209339563146,-0.8660254037844384,-0.5000000000000004,19490.086745451496,20016.02646148158,-0.0292244335743874,41.17484635801966,1.0305338669139197,-0.019150426310957425,-0.2218170554246122
2022-09-25 00:00:00+00:00,18807.38,191191.4492,22.01115783872801,-0.2218170554246122,0.4968286858929254,0.753364240095237,Neutral,-0.7818314824680299,0.6234898018587334,-0.8660254037844384,-0.5000000000000004,19385.054938458958,19926.497093964426,-0.029800015542534215,40.45943725067292,0.9501085900574832,-0.005978700351470523,0.753364240095237
2022-09-26 00:00:00+00:00,19227.82,439239.21943,22.8463595575934,0.753364240095237,0.5022850633108366,-0.2821981992251152,Neutral,0.0,1.0,-0.8660254037844384,-0.5000000000000004,19360.86494792681,19874.743235152248,-0.006871849387134774,44.33099090644842,1.0066067664912937,0.022355054239346472,-0.2821981992251152
2022-09-27 00:00:00+00:00,19079.13,593260.74161,23.183347741847367,-0.2821981992251152,0.5001640758913792,0.585913311648557,Neutral,0.7818314824680298,0.6234898018587336,-0.8660254037844384,-0.5000000000000004,19317.521109784222,19815.808921437267,-0.012340667750764213,43.259673882991216,0.8937840396746021,-0.007733065942992945,0.585913311648557
2022-09-28 00:00:00+00:00,19412.82,521385.45547,23.022290600212077,0.585913311648557,0.5004826629557074,0.3007613750397418,Neutral,0.9749279121818236,-0.2225209339563143,-0.8660254037844384,-0.5000000000000004,19332.182477509727,19785.95789021969,0.0041711546321313445,46.39076898308636,0.8320392109836057,0.017489791201171112,0.3007613750397418
2022-09-29 00:00:00+00:00,19591.51,406424.93256,22.786169683527792,0.3007613750397418,0.4999387568084389,-0.3127616015668619,Neutral,0.4338837391175582,-0.900968867902419,-0.8660254037844384,-0.5000000000000004,19372.079019431305,19771.55434279601,0.011327177653394437,48.04417833108973,0.5201265674619874,0.009204742020994416,-0.3127616015668619
2022-09-30 00:00:00+00:00,19422.61,444322.9534,22.88591360634822,-0.3127616015668619,0.4952025191278358,-0.2139102722944232,Neutral,-0.433883739117558,-0.9009688679024191,-0.8660254037844384,-0.5000000000000004,19379.853016441873,19745.70661370001,0.0022062594345711533,46.581762721500894,0.5292559607980015,-0.008621081274490683,-0.2139102722944232
2022-10-01 00:00:00+00:00,19310.95,165625.13959,21.88652610780066,-0.2139102722944232,0.4995267269498215,-0.4690124245108567,Neutral,-0.9749279121818236,-0.2225209339563146,-1.0,-1.8369701987210294e-16,19369.252552373895,19713.502420092605,-0.003010056904170457,45.59369326568831,0.4510508683227514,-0.005748969886127497,-0.4690124245108567
2022-10-02 00:00:00+00:00,19056.8,206812.47032,22.102214484240164,-0.4690124245108567,0.4979011177646669,1.0175256085561917,Neutral,-0.7818314824680299,0.6234898018587334,-1.0,-1.8369701987210294e-16,19321.182928931757,19664.85779638204,-0.013683578790399433,43.34028199600229,0.48746942460778986,-0.01316092683166814,1.0175256085561917
2022-10-03 00:00:00+00:00,19629.08,293585.75212,22.45882628005235,1.0175256085561917,0.5020132450424856,1.2266613091425895,Neutral,0.0,1.0,-1.0,-1.8369701987210294e-16,19368.551709096104,19662.20758924263,0.013451098193446507,49.40419967144054,0.5562159261516242,0.03003022543134226,1.2266613091425895
2022-10-04 00:00:00+00:00,20337.82,327012.00127,22.60019763938649,1.2266613091425895,0.5065449104518732,-0.3199132542312079,Neutral,0.7818314824680298,0.6234898018587336,-1.0,-1.8369701987210294e-16,19517.669907696705,19712.252953002437,0.04202090188951664,55.724088741424566,0.6690883177990499,0.03610663362725086,-0.3199132542312079
2022-10-05 00:00:00+00:00,20158.26,312239.75224,22.55990898662257,-0.3199132542312079,0.4972123253885656,-0.3534038918853655,Neutral,0.9749279121818236,-0.2225209339563143,-1.0,-1.8369701987210294e-16,19616.22222958952,19745.290512039293,0.02763211815539377,53.88758817052917,0.6928814041781627,-0.00882887153097045,-0.3534038918853655
2022-10-06 00:00:00+00:00,19960.67,320122.1702,22.587794301706285,-0.3534038918853655,0.5046757567870568,-0.7584818554143832,Neutral,0.4338837391175582,-0.900968867902419,-1.0,-1.8369701987210294e-16,19669.214194268054,19761.24454818453,0.014817867295221167,51.86206172343261,0.7168894141161326,-0.00980193727037948,-0.7584818554143832
2022-10-07 00:00:00+00:00,19530.09,220874.83913,22.19428764227966,-0.7584818554143832,0.4971163587146966,-0.2136496310984897,Neutral,-0.433883739117558,-0.9009688679024191,-1.0,-1.8369701987210294e-16,19647.810472072968,19744.12198905975,-0.005991531333239065,47.65809361104455,0.7752339058944135,-0.02157142019781888,-0.2136496310984897
2022-10-08 00:00:00+00:00,19417.96,102480.09842,21.414369431676327,-0.2136496310984897,0.4954631748293748,0.0212838804511269,Neutral,-0.9749279121818236,-0.2225209339563146,-1.0,-1.8369701987210294e-16,19612.44886098482,19719.96184172199,-0.009916602580502754,46.59875070857285,0.7752208892230105,-0.005741396993050318,0.0212838804511269
2022-10-09 00:00:00+00:00,19439.02,113900.82681,21.51852149291587,0.0212838804511269,0.5018950394044115,-0.5598669995277149,Neutral,-0.7818314824680299,0.6234898018587334,-1.0,-1.8369701987210294e-16,19585.767497756387,19699.151334927767,-0.007492557938982856,46.837765265494596,0.7454049026790665,0.0010845629510001231,-0.5598669995277149
2022-10-10 00:00:00+00:00,19131.87,212509.09849,22.13467844765296,-0.5598669995277149,0.4933878615787073,-0.145336171281431,Neutral,0.0,1.0,-1.0,-1.8369701987210294e-16,19515.937113486176,19657.130495303485,-0.019679665457661952,43.761379621404544,0.650108303586808,-0.015800693656367493,-0.145336171281431
2022-10-11 00:00:00+00:00,19060.0,243473.84286,22.25859281627477,-0.145336171281431,0.4978714830968598,0.1564593520553168,Neutral,0.7818314824680298,0.6234898018587336,-1.0,-1.8369701987210294e-16,19445.792942180607,19612.898606762486,-0.01983940399487487,43.048874128828615,0.2607904449518753,-0.003756559081783406,0.1564593520553168
2022-10-12 00:00:00+00:00,19155.53,213826.26731,22.131053459632334,0.1564593520553168,0.4985763430338581,0.3785215332330254,Neutral,0.9749279121818236,-0.2225209339563143,-1.0,-1.8369701987210294e-16,19401.137104922054,19579.019450706008,-0.012659418032757734,44.34596582228239,0.3201115172762145,0.005012067156348277,0.3785215332330254
2022-10-13 00:00:00+00:00,19375.13,399756.68337,22.7453840287994,0.3785215332330254,0.4999770291895495,-0.3681233409934117,Neutral,0.4338837391175582,-0.900968867902419,-1.0,-1.8369701987210294e-16,19397.13601185712,19563.916528431488,-0.0011344979920575981,47.31640722518159,0.39669112762273767,0.011464052417239357,-0.3681233409934117
2022-10-14 00:00:00+00:00,19176.93,351634.32601,22.651538765651647,-0.3681233409934117,0.4999465483782164,-0.2090508398728249,Neutral,-0.433883739117558,-0.9009688679024191,-1.0,-1.8369701987210294e-16,19363.2581638791,19535.250859658783,-0.009622769179759448,44.982804795544396,0.3182422258165357,-0.010229608781979871,-0.2090508398728249
2022-10-15 00:00:00+00:00,19069.39,113847.64232,21.50181796829424,-0.2090508398728249,0.4928429137099762,0.3333593531793263,Neutral,-0.9749279121818236,-0.2225209339563146,-1.0,-1.8369701987210294e-16,19318.04767712847,19500.74264783221,-0.01287178090065841,43.72279452620745,0.31798371667773306,-0.005607779764540077,0.3333593531793263
2022-10-16 00:00:00+00:00,19262.98,131894.61885,21.6520957687506,0.3333593531793263,0.5044694398462943,0.4965314938933018,Neutral,-0.7818314824680299,0.6234898018587334,-1.0,-1.8369701987210294e-16,19309.575726801013,19483.130599844637,-0.0024130891046114564,46.621420229065905,0.3578145965397006,0.010151871664484391,0.4965314938933018
2022-10-17 00:00:00+00:00,19549.86,222813.87634,22.18921815379492,0.4965314938933018,0.5020064597741561,-0.4076160401666155,Neutral,0.0,1.0,-1.0,-1.8369701987210294e-16,19346.542538062396,19488.073518374666,0.010509240167208028,50.67577648960071,0.33337237331143477,0.01489281513036933,-0.4076160401666155
2022-10-18 00:00:00+00:00,19327.44,260313.07848,22.345806526537245,-0.4076160401666155,0.4973943569644653,-0.3783767256652506,Neutral,0.7818314824680298,0.6234898018587336,-1.0,-1.8369701987210294e-16,19343.603686052797,19476.1747392358,-0.0008356088304503603,47.65367176270424,0.3764218654215097,-0.011377063569764756,-0.3783767256652506
2022-10-19 00:00:00+00:00,19123.97,186137.29538,21.99724257063393,-0.3783767256652506,0.4961182544394182,-0.1637106562950313,Neutral,0.9749279121818236,-0.2225209339563143,-1.0,-1.8369701987210294e-16,19309.81388819852,19450.085499292407,-0.009624323117484915,45.00929955199871,0.4053940638858293,-0.01052751942316199,-0.1637106562950313
2022-10-20 00:00:00+00:00,19041.92,223530.13068,22.176289845992606,-0.1637106562950313,0.4950659657083148,0.2052801667233438,Neutral,0.4338837391175582,-0.900968867902419,-1.0,-1.8369701987210294e-16,19268.599443860287,19419.85101786334,-0.011764188908525838,43.950168636716384,0.3659716163973802,-0.004290427144573172,0.2052801667233438
2022-10-21 00:00:00+00:00,19164.37,269310.75769,22.357712309687127,0.2052801667233438,0.4960404121092427,0.0557566027291945,Neutral,-0.433883739117558,-0.9009688679024191,-1.0,-1.8369701987210294e-16,19252.56414480486,19400.92649802161,-0.0045809038287847265,45.992681919368074,0.3599660432302095,0.006430549020266962,0.0557566027291945
2022-10-22 00:00:00+00:00,19204.35,110403.90837,21.47345269927453,0.0557566027291945,0.4903275910176911,0.6399832533124213,Neutral,-0.9749279121818236,-0.2225209339563146,-1.0,-1.8369701987210294e-16,19245.14658406565,19386.365275945936,-0.0021198375334500652,46.67593641902113,0.35028381545533793,0.002086163020229792,0.6399832533124213
2022-10-23 00:00:00+00:00,19570.4,167057.20184,21.89679816841657,0.6399832533124213,0.5056100778636147,-0.4393181737042534,Neutral,-0.7818314824680299,0.6234898018587334,-1.0,-1.8369701987210294e-16,19295.18557113247,19399.99747772772,0.014263372998043526,52.589953506894425,0.41004862249504176,0.019060785707404992,-0.4393181737042534
2022-10-24 00:00:00+00:00,19329.72,256168.14467,22.324098666991745,-0.4393181737042534,0.4950212805083825,1.3199960711197176,Neutral,0.0,1.0,-1.0,-1.8369701987210294e-16,19300.498560189015,19394.791738636777,0.001514025128410992,48.76070469796519,0.39789612103676036,-0.012298164575072601,1.3199960711197176
2022-10-25 00:00:00+00:00,20080.07,326370.67061,22.5879893694896,1.3199960711197176,0.5005070002298023,1.1692352278449152,Neutral,0.7818314824680298,0.6234898018587336,-1.0,-1.8369701987210294e-16,19420.432627852242,19445.55309133035,0.033966152288581054,58.826296223076746,0.6245889764964576,0.03881846193323013,1.1692352278449152
2022-10-26 00:00:00+00:00,20771.59,380492.69576,22.78168184237856,1.1692352278449152,0.5017519822783155,-0.8055515641446627,Neutral,0.9749279121818236,-0.2225209339563143,-1.0,-1.8369701987210294e-16,19628.30299279805,19543.7780475281,0.05824685952837805,65.54407384903826,0.6676236808935773,0.03443812695872084,-0.8055515641446627
2022-10-27 00:00:00+00:00,20295.11,328643.57791,22.635945626072555,-0.8055515641446627,0.49640245808995,0.4871681096842351,Neutral,0.4338837391175582,-0.900968867902419,-1.0,-1.8369701987210294e-16,19730.888686213733,19599.432266229724,0.028595838877774275,58.465729665939435,0.790434329260816,-0.022939023926430213,0.4871681096842351
2022-10-28 00:00:00+00:00,20591.84,287039.94569,22.489639701991653,0.4871681096842351,0.4984611198140448,0.3480415958432084,Neutral,-0.433883739117558,-0.9009688679024191,-1.0,-1.8369701987210294e-16,19863.342734488542,19672.943950212706,0.03667546169087516,61.27076675488844,0.7915988122138508,0.014620763326732344,0.3480415958432084
2022-10-29 00:00:00+00:00,20809.67,254881.77755,22.39154576144857,0.3480415958432084,0.5019643412322867,-0.3173729844660496,Neutral,-0.9749279121818236,-0.2225209339563146,-1.0,-1.8369701987210294e-16,20008.931544567226,19757.14587982658,0.0400190511746834,63.233774390189204,0.7813333259743075,0.010578462148112866,-0.3173729844660496
2022-10-30 00:00:00+00:00,20627.48,192795.60886,22.108156586796195,-0.3173729844660496,0.4981853389085534,-0.2441995681433419,Neutral,-0.7818314824680299,0.6234898018587334,-1.0,-1.8369701987210294e-16,20104.092845403036,19821.6150739135,0.026033860797486316,60.47296830222536,0.8131200566223107,-0.008755064352293895,-0.2441995681433419
2022-10-31 00:00:00+00:00,20490.74,303567.61628,22.55204878352536,-0.2441995681433419,0.4981502912040456,-0.028003469505516,Neutral,0.0,1.0,-1.0,-1.8369701987210294e-16,20163.577023033336,19871.17988325324,0.01622544336220399,58.41166404431105,0.7884520956285941,-0.006629021092251608,-0.028003469505516
2022-11-01 00:00:00+00:00,20483.62,279932.43771,22.470742913829223,-0.028003469505516,0.4975412931754874,-0.5735183704534575,Neutral,0.7818314824680298,0.6234898018587336,-0.8660254037844386,0.5000000000000001,20212.814404105127,19916.545817827075,0.013397718421630208,58.30022941334991,0.6432463320182841,-0.000347474029732564,-0.5735183704534575
2022-11-02 00:00:00+00:00,20151.84,373716.27299,22.755799728546275,-0.5735183704534575,0.4971310738854855,0.079564912975234,Neutral,0.9749279121818236,-0.2225209339563143,-0.8660254037844386,0.5000000000000001,20203.433726550495,19933.97501650655,-0.002553710782474178,53.20645382816221,0.4679601491478035,-0.01619733230747289,0.079564912975234
2022-11-03 00:00:00+00:00,20207.82,319185.1544,22.589154125112263,0.079564912975234,0.5010872733121073,1.5861417020790467,Neutral,0.4338837391175582,-0.900968867902419,-0.8660254037844386,0.5000000000000001,20204.108537850418,19954.259830098654,0.0001836983870200962,53.937731380153714,0.3755116270304943,0.0027779101064715483,1.5861417020790467
2022-11-04 00:00:00+00:00,21148.52,453694.39165,22.96502414697069,1.5861417020790467,0.5012266224472736,0.2294529851560485,Neutral,-0.433883739117558,-0.9009688679024191,-0.8660254037844386,0.5000000000000001,20349.402608950353,20042.723546387642,0.03926982066285172,64.09276162974142,0.71063380766237,0.04655128559141963,0.2294529851560485
2022-11-05 00:00:00+00:00,21299.37,245621.98525,22.37966281504676,0.2294529851560485,0.5008931163257911,-0.6523694842851294,Neutral,-0.9749279121818236,-0.2225209339563146,-0.8660254037844386,0.5000000000000001,20495.551438342605,20135.808468877447,0.039219172222594044,65.40971060035218,0.7057302811882131,0.007132886840308439,-0.6523694842851294
2022-11-06 00:00:00+00:00,20905.58,230036.97217,22.307905818218934,-0.6523694842851294,0.495720604624058,-0.5337352268284764,Neutral,-0.7818314824680299,0.6234898018587334,-0.8660254037844386,0.5000000000000001,20558.632755520666,20192.828582293932,0.016875988233515615,59.29585304636777,0.7491359767508422,-0.018488340265463088,-0.5337352268284764
2022-11-07 00:00:00+00:00,20591.13,386977.60337,22.80707932417874,-0.5337352268284764,0.4951276727681905,-3.4323811770462256,Neutral,0.0,1.0,-0.8660254037844386,0.5000000000000001,20563.63233159441,20222.3323910129,0.001337198991023728,54.88428767197483,0.7760304537291268,-0.015041438697228293,-3.4323811770462256
2022-11-08 00:00:00+00:00,18547.23,760705.362783,23.415077186025087,-3.4323811770462256,0.4926685053381292,-4.886117730954093,Neutral,0.7818314824680298,0.6234898018587336,-0.8660254037844386,0.5000000000000001,20253.416588272194,20098.250732419354,-0.08424191448568569,36.08937002564312,1.5189199659274382,-0.09926118673428808,-4.886117730954093
2022-11-09 00:00:00+00:00,15922.81,731926.929729,23.267833483424543,-4.886117730954093,0.4900800536589243,3.6117401550725945,Neutral,0.9749279121818236,-0.2225209339563143,-0.8660254037844386,0.5000000000000001,19587.1694208457,19788.958826314214,-0.18707957960203767,24.491718910565936,2.260852445548516,-0.14149929666047167,3.6117401550725945
2022-11-10 00:00:00+00:00,17601.15,608448.36432,23.05766878480208,3.6117401550725945,0.4978217796813683,-1.0540597115233663,Neutral,0.4338837391175582,-0.900968867902419,-0.8660254037844386,0.5000000000000001,19281.627971484824,19626.898913253903,-0.08715436134179358,38.17489436688225,2.875300940721608,0.10540476209915228,-1.0540597115233663
2022-11-11 00:00:00+00:00,17070.31,393552.86492,22.629138478756,-1.0540597115233663,0.5016217991454076,-0.5366950076305792,Neutral,-0.433883739117558,-0.9009688679024191,-0.8660254037844386,0.5000000000000001,18941.425206641004,19437.521956716577,-0.09878428820577748,35.95554070209391,2.7119445691675943,-0.03015939299420778,-0.5366950076305792
2022-11-12 00:00:00+00:00,16812.08,167819.96035,21.762811030579694,-0.5366950076305792,0.4961741306358257,-1.003264380407155,Neutral,-0.9749279121818236,-0.2225209339563146,-0.8660254037844386,0.5000000000000001,18613.833636388543,19243.044774737573,-0.09679648328145891,34.892835819928365,2.67110925415644,-0.015127434709738652,-1.003264380407155
2022-11-13 00:00:00+00:00,16329.85,184960.78846,21.846336607401188,-1.003264380407155,0.4969401876759278,0.5943530550375261,Neutral,-0.7818314824680299,0.6234898018587334,-0.8660254037844386,0.5000000000000001,18262.45153848261,19027.252569201453,-0.10582377368176644,32.93516823102942,2.6652716087515427,-0.028683541834204962,0.5943530550375261
2022-11-14 00:00:00+00:00,16619.46,380210.7775,22.55966724745301,0.5943530550375261,0.4984141000053582,0.5661134373489003,Neutral,0.0,1.0,-0.8660254037844386,0.5000000000000001,18009.683609485284,18848.89756407542,-0.07719311674931849,35.283511814671925,2.739640195751135,0.017735006751439686,0.5661134373489003
2022-11-15 00:00:00+00:00,16900.57,282461.84391,22.283207860961525,0.5661134373489003,0.4992380727533996,-0.5003392407156292,Neutral,0.7818314824680298,0.6234898018587336,-0.8660254037844386,0.5000000000000001,17839.050746487548,18704.57700377354,-0.052608222254893935,37.5686727521286,2.5478952459159516,0.016914508654312543,-0.5003392407156292
2022-11-16 00:00:00+00:00,16662.76,261493.40809,22.19631991264616,-0.5003392407156292,0.4957858149731226,0.0455089598307712,Neutral,0.9749279121818236,-0.2225209339563143,-0.8660254037844386,0.5000000000000001,17658.082939335618,18553.331299790312,-0.056366421131617384,36.39778488905255,1.631573946447841,-0.014071123044962497,0.0455089598307712
2022-11-17 00:00:00+00:00,16692.56,228038.97873,22.05436578631477,0.0455089598307712,0.4970527334460844,0.0002238128701085,Neutral,0.4338837391175582,-0.900968867902419,-0.8660254037844386,0.5000000000000001,17509.5409486686,18415.496388694733,-0.04665918718621353,36.66416988125326,0.6858505777183334,0.0017884192054620218,0.0002238128701085
2022-11-18 00:00:00+00:00,16700.45,214224.18184,22.000991084908662,0.0002238128701085,0.4965189026579782,-0.0155702266026697,Neutral,-0.433883739117558,-0.9009688679024191,-0.8660254037844386,0.5000000000000001,17385.0654181042,18288.455915458086,-0.03937951348697633,36.73971633273541,0.5946066733979194,0.00047266566662029774,-0.0155702266026697
2022-11-19 00:00:00+00:00,16700.68,104963.15558,21.281525212873458,-0.0155702266026697,0.4991974582934885,-0.8825300034667728,Neutral,-0.9749279121818236,-0.2225209339563146,-0.8660254037844386,0.5000000000000001,17279.77535378048,18170.842884683414,-0.03351289828277677,36.742085059634064,0.5655291032540735,1.3772083985674755e-05,-0.8825300034667728
2022-11-20 00:00:00+00:00,16280.23,154842.13478,21.663728371665066,-0.8825300034667728,0.4905584001274772,-1.0708415581518227,Neutral,-0.7818314824680299,0.6234898018587334,-0.8660254037844386,0.5000000000000001,17125.999145506557,18030.797485817977,-0.04938509796250147,34.21959249704304,0.5322863604797555,-0.025175621591456254,-1.0708415581518227
2022-11-21 00:00:00+00:00,15781.29,324096.997753,22.369767969165625,-1.0708415581518227,0.4936653708897833,0.9558805282817322,Neutral,0.0,1.0,-0.8660254037844386,0.5000000000000001,16919.120815428625,17864.167301683312,-0.06725117858317028,31.45942448270597,0.5781914152464593,-0.03064698717401404,0.9558805282817322
2022-11-22 00:00:00+00:00,16226.94,239548.06623,22.06446152046684,0.9558805282817322,0.4983737611781597,0.7818195713122194,Neutral,0.7818314824680298,0.6234898018587336,-0.8660254037844386,0.5000000000000001,16812.63145920884,17742.891205262327,-0.0348363943282677,36.39441379487417,0.6811999357132603,0.028239136344367255,0.7818195713122194
2022-11-23 00:00:00+00:00,16603.11,264927.70408,22.197580832324075,0.7818195713122194,0.501285347756221,-0.0246677602167818,Neutral,0.9749279121818236,-0.2225209339563143,-0.8660254037844386,0.5000000000000001,16780.397388561323,17658.46296783549,-0.010565148396436302,40.30170117658081,0.7580575616927321,0.023181819862524877,-0.0246677602167818
2022-11-24 00:00:00+00:00,16598.95,206565.92346,21.95632871396516,-0.0246677602167818,0.4996144454580602,-0.1753085095688195,Neutral,0.4338837391175582,-0.900968867902419,-0.8660254037844386,0.5000000000000001,16752.482405705734,17579.9805257736,-0.009164755526228256,40.27223798994117,0.7574102752375815,-0.00025055546822250196,-0.1753085095688195
2022-11-25 00:00:00+00:00,16522.14,182089.49533,21.823061815520283,-0.1753085095688195,0.4952924703676809,-0.1484683654639119,Neutral,-0.433883739117558,-0.9009688679024191,-0.8660254037844386,0.5000000000000001,16717.045112520234,17501.62196830889,-0.01165906481727807,39.69520125166978,0.7588950462651134,-0.004627401130794517,-0.1484683654639119
2022-11-26 00:00:00+00:00,16458.57,181804.81666,21.82586695552685,-0.1484683654639119,0.4930905247557371,-0.0783401544165322,Neutral,-0.9749279121818236,-0.2225209339563146,-0.8660254037844386,0.5000000000000001,16677.279710594044,17424.358859545267,-0.01311423172060321,39.19465561242582,0.7592138156999121,-0.0038475645406708114,-0.0783401544165322
2022-11-27 00:00:00+00:00,16428.78,162025.47607,21.708727555572004,-0.0783401544165322,0.4943484378061362,-0.4682834377973427,Neutral,-0.7818314824680299,0.6234898018587334,-0.8660254037844386,0.5000000000000001,16639.048985887268,17350.61227735673,-0.012637079562997429,38.946810393544,0.6736639922702143,-0.0018099992891241756,-0.4682834377973427
2022-11-28 00:00:00+00:00,16212.91,252695.40367,22.133374031315707,-0.4682834377973427,0.497701202963871,0.4714056591533618,Neutral,0.0,1.0,-0.8660254037844386,0.5000000000000001,16573.48914190461,17266.338034589564,-0.021756380857240146,37.115284920992345,0.5326549497504643,-0.013139746225830473,0.4714056591533618
2022-11-29 00:00:00+00:00,16442.53,248106.25009,22.1275599921661,0.4714056591533618,0.4986377422782482,1.4933897070692383,Neutral,0.7818314824680298,0.6234898018587336,-0.8660254037844386,0.5000000000000001,16553.341581611592,17205.31521721256,-0.006694212226894972,40.32969603843117,0.4269954951753127,0.014162787556336154,1.4933897070692383
2022-11-30 00:00:00+00:00,17163.64,303019.80719,22.357122216982976,1.4933897070692383,0.5008404376511278,-0.3895649961609072,Neutral,0.9749279121818236,-0.2225209339563143,-0.8660254037844386,0.5000000000000001,16647.23364597904,17202.228164085704,0.03102055062137566,49.12476486369646,0.6541882198728406,0.0438563894972368,-0.3895649961609072
2022-12-01 00:00:00+00:00,16977.37,232818.18218,22.10268843646897,-0.3895649961609072,0.4983240036652364,0.2178414944377321,Neutral,0.4338837391175582,-0.900968867902419,-0.5000000000000004,0.8660254037844384,16698.023854289957,17185.572003783058,0.016729293726471358,47.18987650040648,0.6845229692697444,-0.010852593039704872,0.2178414944377321
2022-12-02 00:00:00+00:00,17092.74,202372.2062,21.956521238866177,0.2178414944377321,0.4919457217934901,-0.433943256932258,Neutral,-0.433883739117558,-0.9009688679024191,-0.5000000000000004,0.8660254037844384,16758.749415168426,17178.695559058386,0.019929326261617062,48.54177744186208,0.674153603868091,0.0067955166200655,-0.433943256932258
2022-12-03 00:00:00+00:00,16885.2,154542.57306,21.687395519917477,-0.433943256932258,0.4931622693405672,0.4334080832500516,Neutral,-0.9749279121818236,-0.2225209339563146,-0.5000000000000004,0.8660254037844384,16778.20335129636,17156.955147276283,0.006377121939899059,46.24818633173105,0.7036898018948476,-0.01214199712860553,0.4334080832500516
2022-12-04 00:00:00+00:00,17105.7,178619.13387,21.8351299625569,0.4334080832500516,0.5002787199440584,-0.2964244393688418,Neutral,-0.7818314824680299,0.6234898018587334,-0.5000000000000004,0.8660254037844384,16828.587451096922,17153.15846970026,0.01646677415489293,49.00507208373865,0.7067023957030468,0.013058773363655796,-0.2964244393688418
2022-12-05 00:00:00+00:00,16966.35,233703.29225,22.11338656732041,-0.2964244393688418,0.4942514846407774,0.2326803500927293,Neutral,0.0,1.0,-0.5000000000000004,0.8660254037844384,16849.781689389703,17139.320805278017,0.006918090261293898,47.35216460170106,0.6826302229866286,-0.00814640733790506,0.2326803500927293
2022-12-06 00:00:00+00:00,17088.96,218730.76883,22.03643182565512,0.2326803500927293,0.4958129211546282,-0.5242238883651846,Neutral,0.7818314824680298,0.6234898018587336,-0.5000000000000004,0.8660254037844384,16886.57835256052,17135.590375257423,0.01198476347393334,48.982694015047635,0.6735138276052419,0.007226657471996134,-0.5242238883651846
2022-12-07 00:00:00+00:00,16836.64,220657.41334,22.037851175367067,-0.5242238883651846,0.4885539549667957,0.7760059248762193,Bearish (<49%),0.9749279121818236,-0.2225209339563143,-0.5000000000000004,0.8660254037844384,16878.89552908967,17113.445903016134,-0.0025034534408276956,45.836604856392924,0.3893627035212161,-0.014765088103664614,0.7760059248762193
2022-12-08 00:00:00+00:00,17224.1,236417.97804,22.111914306235647,0.7760059248762193,0.4958961154813877,-0.2069547814031855,Neutral,0.4338837391175582,-0.900968867902419,-0.5000000000000004,0.8660254037844384,16932.00390922972,17121.642502792718,0.017251123513564524,51.03721558548382,0.48633591121076436,0.023012905187733468,-0.2069547814031855
2022-12-09 00:00:00+00:00,17128.56,238422.06465,22.133758402041597,-0.2069547814031855,0.4950544900836635,-0.018194257606008,Neutral,-0.433883739117558,-0.9009688679024191,-0.5000000000000004,0.8660254037844384,16962.243307809764,17122.15490999326,0.009805111810515176,49.76826698134747,0.48954554064398587,-0.005546879082216072,-0.018194257606008
2022-12-10 00:00:00+00:00,17127.49,140573.97937,21.603694444967736,-0.018194257606008,0.5004862276454457,-0.1013273115095577,Neutral,-0.9749279121818236,-0.2225209339563146,-0.5000000000000004,0.8660254037844384,16987.665875839033,17122.55010184561,0.008230920314946592,49.75334719557638,0.4523220557215733,-6.246876561721848e-05,-0.1013273115095577
2022-12-11 00:00:00+00:00,17085.05,155286.47871,21.70297675388436,-0.1013273115095577,0.5006255240366511,0.2353237545019359,Neutral,-0.7818314824680299,0.6234898018587334,-0.5000000000000004,0.8660254037844384,17002.648048786872,17119.77231652371,0.004846418685882667,49.1243007229517,0.42223495162899494,-0.0024778878866665854,0.2353237545019359
2022-12-12 00:00:00+00:00,17209.83,226227.49694,22.06998419298962,0.2353237545019359,0.4963452526718302,1.1136298515875382,Neutral,0.0,1.0,-0.5000000000000004,0.8660254037844384,17034.522195127352,17126.44325604047,0.01029132504361028,51.082595749148105,0.4118743518592016,0.0073034612131659404,1.1136298515875382
2022-12-13 00:00:00+00:00,17774.7,284462.9139,22.329477759542065,1.1136298515875382,0.5059459153279805,0.0390443059713313,Neutral,0.7818314824680298,0.6234898018587336,-0.5000000000000004,0.8660254037844384,17148.3957035693,17174.46227411155,0.03652261746562929,58.811709645939644,0.5764851459558392,0.03282252061757718,0.0390443059713313
2022-12-14 00:00:00+00:00,17803.15,266681.22209,22.28768875180573,0.0390443059713313,0.4998781366953949,-0.8798324317573166,Neutral,0.9749279121818236,-0.2225209339563143,-0.5000000000000004,0.8660254037844384,17249.127133789407,17221.031735288474,0.03211889285257318,59.16169706558182,0.4950300875009658,0.0016005896020749866,-0.8798324317573166
2022-12-15 00:00:00+00:00,17356.34,223701.96882,22.090219027130363,-0.8798324317573166,0.4925912677535101,-1.45217371751656,Neutral,0.4338837391175582,-0.900968867902419,-0.5000000000000004,0.8660254037844384,17265.62142089873,17231.05456971155,0.005254289833522167,51.727628930851054,0.5944031978434677,-0.025097244027040277,-1.45217371751656
2022-12-16 00:00:00+00:00,16632.12,253379.04116,22.18395619015857,-1.45217371751656,0.4869180721308875,0.2827696860110267,Bearish (<49%),-0.433883739117558,-0.9009688679024191,-0.5000000000000004,0.8660254037844384,17168.159663837385,17186.689046029212,-0.031222896008270908,42.42263898802748,0.8194510306486666,-0.041726539120575,0.2827696860110267
2022-12-17 00:00:00+00:00,16776.52,144825.66684,21.60614514068911,0.2827696860110267,0.4991495397695212,-0.0946386121848567,Neutral,-0.9749279121818236,-0.2225209339563146,-0.5000000000000004,0.8660254037844384,17107.907407862403,17156.30615373075,-0.01937042327632104,44.56388936081676,0.8353781899849131,0.008681996041394635,-0.0946386121848567
2022-12-18 00:00:00+00:00,16738.21,112619.31646,21.357016469788363,-0.0946386121848567,0.4931581096900577,-0.6315363082462995,Neutral,-0.7818314824680299,0.6234898018587334,-0.5000000000000004,0.8660254037844384,17051.030883575877,17125.336068269215,-0.01834615664658712,44.09535848510893,0.8353921714003925,-0.0022835486739801736,-0.6315363082462995
2022-12-19 00:00:00+00:00,16438.88,179094.28305,21.81555619526219,-0.6315363082462995,0.4891849902073131,0.9400947020168494,Bearish (<49%),0.0,1.0,-0.5000000000000004,0.8660254037844384,16956.853824564205,17074.487470619642,-0.030546576028971335,40.511459235061025,0.840255961810009,-0.017883035282745152,0.9400947020168494
2022-12-20 00:00:00+00:00,16895.56,248808.92324,22.15285808189249,0.9400947020168494,0.4992481149085656,-0.1604530164139777,Neutral,0.7818314824680298,0.6234898018587336,-0.5000000000000004,0.8660254037844384,16947.424005400484,17061.233583907077,-0.0030602884181074167,47.51965217205648,0.7953015494476178,0.027780481395326184,-0.1604530164139777
2022-12-21 00:00:00+00:00,16824.67,156810.96362,21.693487297139235,-0.1604530164139777,0.4953439351232526,-0.022672186513992,Neutral,0.9749279121818236,-0.2225209339563143,-0.5000000000000004,0.8660254037844384,16928.53877380041,17043.710355469513,-0.00613571999262956,46.60188216998281,0.7864663895536438,-0.004195776878659463,-0.022672186513992
2022-12-22 00:00:00+00:00,16821.43,176044.27235,21.80493949765089,-0.022672186513992,0.4974538565838208,-0.1038815764812443,Neutral,0.4338837391175582,-0.900968867902419,-0.5000000000000004,0.8660254037844384,16912.06050090804,17027.245143953252,-0.005358927193003638,46.55762372727833,0.7440199959212331,-0.0001925743565845961,-0.1038815764812443
2022-12-23 00:00:00+00:00,16778.5,161612.00947,21.723905781184644,-0.1038815764812443,0.5014119049428833,0.1021513833404637,Neutral,-0.433883739117558,-0.9009688679024191,-0.5000000000000004,0.8660254037844384,16891.512731537572,17008.81957773449,-0.0066905038840346055,45.93512547024639,0.48344267574887906,-0.0025521016940890373,0.1021513833404637
2022-12-24 00:00:00+00:00,16836.12,100224.29096,21.246073762343222,0.1021513833404637,0.494672724198038,-0.0242417703411165,Neutral,-0.9749279121818236,-0.2225209339563146,-0.5000000000000004,0.8660254037844384,16882.990772839483,16996.027016420827,-0.00277621266694567,46.960178737861426,0.4723941562136317,0.003434156807819555,-0.0242417703411165
2022-12-25 00:00:00+00:00,16832.11,125441.07202,21.469412345556584,-0.0242417703411165,0.494842240586904,0.162422560348009,Neutral,-0.7818314824680299,0.6234898018587334,-0.5000000000000004,0.8660254037844384,16875.162961633407,16983.88501520447,-0.0025512619778125588,46.89354409201881,0.4706867477417968,-0.00023817839264617113,0.162422560348009
2022-12-26 00:00:00+00:00,16919.39,124564.00656,21.464744761680155,0.162422560348009,0.4956582709168118,-0.4493927325928678,Neutral,0.0,1.0,-0.5000000000000004,0.8660254037844384,16881.967121382113,16979.107606670805,0.002216736849966254,48.60302006736831,0.37510082876912076,0.005185327329728651,-0.4493927325928678
2022-12-27 00:00:00+00:00,16706.36,173749.58616,21.79429433668868,-0.4493927325928678,0.4955210988572751,-0.3437115067258421,Neutral,0.7818314824680298,0.6234898018587336,-0.5000000000000004,0.8660254037844384,16854.950641169482,16958.904080250744,-0.008815845524135656,44.811479732083434,0.20052156112688369,-0.012590879458420079,-0.3437115067258421
2022-12-28 00:00:00+00:00,16547.31,193037.56577,21.889815313738797,-0.3437115067258421,0.4979247784574879,0.1631646490540867,Neutral,0.9749279121818236,-0.2225209339563143,-0.5000000000000004,0.8660254037844384,16807.621311758794,16928.4156298618,-0.015487694952805494,42.166642008277975,0.22467542092553036,-0.00952032639066791,0.1631646490540867
2022-12-29 00:00:00+00:00,16633.47,160998.47158,21.70596799051504,0.1631646490540867,0.5029713862206591,-0.0698222304014551,Neutral,0.4338837391175582,-0.900968867902419,-0.5000000000000004,0.8660254037844384,16780.82880225744,16906.567805427592,-0.008781378082923827,44.09169535364357,0.24498944574796971,0.00520688861210683,-0.0698222304014551
2022-12-30 00:00:00+00:00,16607.48,164916.31174,21.72640598682806,-0.0698222304014551,0.4982555942043286,-0.15091723658844,Neutral,-0.433883739117558,-0.9009688679024191,-0.5000000000000004,0.8660254037844384,16754.159755756296,16884.413153173697,-0.008754826138380436,43.62002826416802,0.24455376842925067,-0.0015625122118235746,-0.15091723658844
2022-12-31 00:00:00+00:00,16542.4,114490.42864,21.36356456971484,-0.15091723658844,0.4980422369567259,0.138646287122004,Neutral,-0.9749279121818236,-0.2225209339563146,-0.5000000000000004,0.8660254037844384,16721.58133179379,16859.0788455312,-0.010715573380198191,42.396990808645555,0.23409829476485702,-0.003918716144773238,0.138646287122004
2023-01-01 00:00:00+00:00,16616.75,96925.41374,21.196261105322243,0.138646287122004,0.5008880520255595,0.1001950238165122,Neutral,-0.7818314824680299,0.6234898018587334,0.0,1.0,16705.453434594747,16841.128560677036,-0.005309848962917338,44.3178174755228,0.25060463988558906,0.004494511074571994,0.1001950238165122
2023-01-02 00:00:00+00:00,16672.87,121888.57191,21.43360597555039,0.1001950238165122,0.4998439027162116,-0.011275717712801,Neutral,0.0,1.0,0.0,1.0,16700.440598503246,16828.664963589847,-0.0016508904864293392,45.78730325910267,0.24157442065626625,0.003377315058600505,-0.011275717712801
2023-01-03 00:00:00+00:00,16675.18,159541.53733,21.70263123767112,-0.011275717712801,0.4989030680791422,0.3455281324369681,Neutral,0.7818314824680298,0.6234898018587336,0.0,1.0,16696.554352579667,16817.295707027635,-0.001280165483746338,45.85064957925429,0.18142453247065546,0.0001385484322735664,0.3455281324369681
2023-01-04 00:00:00+00:00,16850.36,220362.18862,22.034252755640168,0.3455281324369681,0.4980306090953363,-0.05385177368711,Neutral,0.9749279121818236,-0.2225209339563143,0.0,1.0,16720.216759875104,16819.744913914477,0.00778358570309999,50.56787753622996,0.1658748770198244,0.01050543382440261,-0.05385177368711
2023-01-05 00:00:00+00:00,16831.85,163473.56641,21.73525949106157,-0.05385177368711,0.4952456436715235,0.2268771973284088,Neutral,0.4338837391175582,-0.900968867902419,0.0,1.0,16737.391104509705,16820.64158695785,0.005643585365274932,50.0715241331216,0.16663369644263898,-0.0010984928511914571,0.2268771973284088
2023-01-06 00:00:00+00:00,16950.65,207401.28415,21.973254964668108,0.2268771973284088,0.4981658145147989,-0.0304199007496251,Neutral,-0.433883739117558,-0.9009688679024191,0.0,1.0,16770.200165354367,16830.271839775785,0.010760147933023899,53.24365802413459,0.1709379153163704,0.007058047689350921,-0.0304199007496251
2023-01-07 00:00:00+00:00,16943.57,104526.5688,21.294359337609176,-0.0304199007496251,0.4938919517082627,0.3582450433840325,Neutral,-0.9749279121818236,-0.2225209339563146,0.0,1.0,16796.87244760754,16838.66429608869,0.008733623050959953,53.02743332172109,0.14770593263124168,-0.00041768309769840695,0.3582450433840325
2023-01-08 00:00:00+00:00,17127.83,135155.89695,21.55265821815241,0.3582450433840325,0.497208068730145,0.0852927276450941,Neutral,-0.7818314824680299,0.6234898018587334,0.0,1.0,16847.78899412946,16860.083977859897,0.016621825330796883,57.82751976548173,0.17711819232815065,0.010874921873017529,0.0852927276450941
2023-01-09 00:00:00+00:00,17178.26,266211.52723,22.2472078091101,0.0852927276450941,0.4949016541127185,0.5096895639998658,Neutral,0.0,1.0,0.0,1.0,16898.630687340312,16883.6525720925,0.016547453922948454,59.060593078445955,0.17767550771220253,0.0029443309514396443,0.5096895639998658
2023-01-10 00:00:00+00:00,17440.66,221382.42581,22.06593418578592,0.5096895639998658,0.4940656678587147,0.9757939075047968,Neutral,0.7818314824680298,0.6234898018587336,0.0,1.0,16982.01981236488,16924.912381567126,0.02700739916115137,64.82384572576932,0.21342342992742885,0.015275120995956515,0.9757939075047968
2023-01-11 00:00:00+00:00,17943.26,262221.60653,22.246484628784938,0.9757939075047968,0.4955524871484357,1.7167250553972178,Neutral,0.9749279121818236,-0.2225209339563143,0.0,1.0,17129.902918154898,17000.34553848808,0.04748170995079459,72.7397323315316,0.3628082927199647,0.02881771676071887,1.7167250553972178
2023-01-12 00:00:00+00:00,18846.62,454568.32178,22.84533947885777,1.7167250553972178,0.5000245745897036,1.96243995631466,Neutral,0.4338837391175582,-0.900968867902419,0.0,1.0,17394.01323843876,17137.106609711183,0.08351188087813709,81.01105680430587,0.6107621568648838,0.05034536644957499,1.96243995631466
2023-01-13 00:00:00+00:00,19930.01,368615.87823,22.6779422301666,1.96243995631466,0.4976695378692722,1.7538994563047463,Neutral,-0.433883739117558,-0.9009688679024191,0.0,1.0,17784.16658637126,17343.98834232517,0.12066033025540752,86.35734608131426,0.785526961718276,0.05748457813655716,1.7538994563047463
2023-01-14 00:00:00+00:00,20954.92,393913.74951,22.825333414273548,1.7538994563047463,0.5021849385457365,-0.1530583769461062,Neutral,-0.9749279121818236,-0.2225209339563146,0.0,1.0,18271.9748038526,17611.464761412197,0.1468338931587025,89.39831589644338,0.7614842419433829,0.0514254634092004,-0.1530583769461062
2023-01-15 00:00:00+00:00,20871.5,178542.22549,22.03443964584841,-0.1530583769461062,0.4946215879052444,0.5019973711973091,Neutral,-0.7818314824680299,0.6234898018587334,0.0,1.0,18671.901757106047,17852.948853159443,0.11780258227080927,87.68511512254926,0.8575539139178364,-0.003980926674976515,0.5019973711973091
2023-01-16 00:00:00+00:00,21185.65,293078.08262,22.54274650731368,0.5019973711973091,0.4959520279394681,-0.0986375607280455,Neutral,0.0,1.0,0.0,1.0,19058.63225601281,18099.81560477726,0.11160390291470881,88.57320120970122,0.7975659888525805,0.0150516254222266,-0.0986375607280455
2023-01-17 00:00:00+00:00,21134.81,275407.74409,22.488096931751414,-0.0986375607280455,0.4978859384040787,-0.7608140573129665,Neutral,0.7818314824680298,0.6234898018587336,0.0,1.0,19378.044216626226,18324.63000442339,0.09065753817748455,87.4738008645451,0.8922718684485481,-0.0023997375582056613,-0.7608140573129665
2023-01-18 00:00:00+00:00,20677.47,350916.01949,22.724707889848265,-0.7608140573129665,0.4934924804848783,0.6399685646957746,Neutral,0.9749279121818236,-0.2225209339563143,0.0,1.0,19577.955875606807,18498.914448540174,0.05616082349859291,78.08443371018987,1.1012742005978309,-0.02163918199406567,0.6399685646957746
2023-01-19 00:00:00+00:00,21071.59,251385.84925,22.380164331001183,0.6399685646957746,0.4969421895970144,2.590189724955351,Neutral,0.4338837391175582,-0.900968867902419,0.0,1.0,19807.74574089807,18689.48300790757,0.06380555746393725,80.06981374999543,1.007307620999512,0.019060358931726196,2.590189724955351
2023-01-20 00:00:00+00:00,22667.21,338079.13659,22.705118376613,2.590189724955351,0.5034325702754244,0.1606051947444215,Neutral,-0.433883739117558,-0.9009688679024191,0.0,1.0,20247.663319221443,18984.129451766268,0.11949757572675758,85.71293754791556,1.1690350575683874,0.07572375886205074,0.1606051947444215
2023-01-21 00:00:00+00:00,22783.55,346445.48432,22.795044993455264,0.1606051947444215,0.4983848227922546,-0.1303540582183124,Neutral,-0.9749279121818236,-0.2225209339563146,0.0,1.0,20637.799731648913,19265.568010894694,0.10397185243834353,86.02366931851823,1.0664045130038613,0.0051325240292035,-0.1303540582183124
2023-01-22 00:00:00+00:00,22707.88,253577.75286,22.476899728875267,-0.1303540582183124,0.4962695473505428,0.3000790549131774,Neutral,-0.7818314824680299,0.6234898018587334,0.0,1.0,20956.27361908754,19520.55408416175,0.08358386670982623,84.73282531347002,1.064434055170646,-0.003321255906125198,0.3000790549131774
2023-01-23 00:00:00+00:00,22916.45,293588.37938,22.625998734321666,0.3000790549131774,0.4968000084608798,-0.4419160072038216,Neutral,0.0,1.0,0.0,1.0,21257.839216151,19772.1019297794,0.07802348898136577,85.38385591788462,1.0644102459994629,0.009184917306239049,-0.4419160072038216
2023-01-24 00:00:00+00:00,22632.89,293158.78254,22.628567207227626,-0.4419160072038216,0.4920195203100191,0.6348879224428975,Neutral,0.7818314824680298,0.6234898018587336,0.0,1.0,21469.385490589306,19984.01215720315,0.05419365681987934,80.36627506444286,1.097835568863602,-0.012373644259909389,0.6348879224428975
2023-01-25 00:00:00+00:00,23060.94,346042.83223,22.787033985085213,0.6348879224428975,0.498920610600159,-0.0925927722208173,Neutral,0.9749279121818236,-0.2225209339563143,0.0,1.0,21714.240030498644,20211.932738151063,0.06201920802247064,82.07837898624567,0.9863409489349606,0.01891274158978362,-0.0925927722208173
2023-01-26 00:00:00+00:00,23009.65,288924.43581,22.62007464367208,-0.0925927722208173,0.4955796937305785,0.0804493160604456,Neutral,0.4338837391175582,-0.900968867902419,0.0,1.0,21913.533871960393,20419.171053843576,0.050020053107096105,81.165066386614,1.0120253744732244,-0.002224107083232396,0.0804493160604456
2023-01-27 00:00:00+00:00,23074.16,280833.86315,22.589159478171883,0.0804493160604456,0.49744455605549,-0.0929516496061769,Neutral,-0.433883739117558,-0.9009688679024191,0.0,1.0,22092.09173781264,20615.836901707014,0.04445338512271613,81.44473064584216,0.3437357093049113,0.0028036063130034705,-0.0929516496061769
2023-01-28 00:00:00+00:00,23022.6,148115.71085,21.949680550631765,-0.0929516496061769,0.4986765768204123,1.059871778984679,Neutral,-0.9749279121818236,-0.2225209339563146,0.0,1.0,22235.246855072233,20794.115649728716,0.03541013734003842,80.41697199695808,0.3463181969736964,-0.0022345342148967218,1.059871778984679
2023-01-29 00:00:00+00:00,23742.3,295688.79204,22.660844655813385,1.059871778984679,0.5056245286421781,-1.344126662922761,Neutral,-0.7818314824680299,0.6234898018587334,0.0,1.0,22467.10118506112,21012.49967567474,0.056758493427126515,83.53942812870586,0.5059604300993902,0.03126058742279336,-1.344126662922761
2023-01-30 00:00:00+00:00,22826.15,302405.90121,22.67213264492615,-1.344126662922761,0.493034461508285,0.4347628270379511,Neutral,0.0,1.0,0.0,1.0,22522.339464282486,21146.844144143277,0.013489297423978518,68.55456878767546,0.7688252332673317,-0.03858724723383988,0.4347628270379511
2023-01-31 00:00:00+00:00,23125.13,264649.34909,22.52890502312893,0.4347628270379511,0.5026580553756087,0.8881563484455893,Neutral,0.7818314824680298,0.6234898018587336,0.0,1.0,22615.07646977749,21293.383837169702,0.022553694695843278,70.41935499072093,0.7615418567709783,0.01309813525276926,0.8881563484455893
2023-02-01 00:00:00+00:00,23732.66,310790.42271,22.699087292309613,0.8881563484455893,0.5022921344190349,-0.3694926022584215,Neutral,0.9749279121818236,-0.2225209339563143,0.4999999999999999,0.8660254037844387,22787.01239750403,21474.070960342317,0.041499411419092025,73.81716046022225,0.79655751682227,0.026271419879585478,-0.3694926022584215
2023-02-02 00:00:00+00:00,23488.94,364177.20751,22.88356093199152,-0.3694926022584215,0.499246519086474,-0.0996232606409927,Neutral,0.4338837391175582,-0.900968867902419,0.4999999999999999,0.8660254037844387,22895.001259426484,21623.320518835477,0.025941852277862346,70.32718609570013,0.816280168594587,-0.010269392474337113,-0.0996232606409927
2023-02-03 00:00:00+00:00,23431.9,332571.02904,22.77822139123892,-0.0996232606409927,0.4995724761101097,-0.1703602892347166,Neutral,-0.433883739117558,-0.9009688679024191,0.4999999999999999,0.8660254037844387,22977.601065668565,21757.28936929211,0.019771382270632964,69.49902157109551,0.8196020845963328,-0.002428376929737852,-0.1703602892347166
2023-02-04 00:00:00+00:00,23326.84,166126.47295,22.08084627282313,-0.1703602892347166,0.4927807711576411,-0.5972693552789268,Neutral,-0.9749279121818236,-0.2225209339563146,0.4999999999999999,0.8660254037844387,23031.330132488787,21873.552378974175,0.012830777285171067,67.91271530408366,0.8226535156947241,-0.004483631288969336,-0.5972693552789268
2023-02-05 00:00:00+00:00,22932.91,209251.33917,22.300689316011084,-0.5972693552789268,0.4964614493367784,-0.2717650980083031,Neutral,-0.7818314824680299,0.6234898018587334,0.4999999999999999,0.8660254037844387,23016.18857364436,21952.023313864975,-0.0036182608331476736,62.181630942903574,0.7177111898685182,-0.016887413811729313,-0.2717650980083031
2023-02-06 00:00:00+00:00,22762.52,265371.6069,22.52762077716133,-0.2717650980083031,0.4987365884243737,0.7066161979638395,Neutral,0.0,1.0,0.4999999999999999,0.8660254037844387,22977.162639237533,22012.06010543053,-0.009341564169937696,59.829764111770004,0.5129943103421805,-0.007429933663019583,0.7066161979638395
2023-02-07 00:00:00+00:00,23240.46,308006.72482,22.681376842839665,0.7066161979638395,0.5019801029680648,-0.4269449442467892,Neutral,0.7818314824680298,0.6234898018587336,0.4999999999999999,0.8660254037844387,23017.66992550868,22103.05269021345,0.009679088943943003,63.94870404975993,0.561712306196824,0.020996796488262248,-0.4269449442467892
2023-02-08 00:00:00+00:00,22963.0,280056.30717,22.588521346155744,-0.4269449442467892,0.4949994797862206,-1.7646551818206562,Neutral,0.9749279121818236,-0.2225209339563143,0.4999999999999999,0.8660254037844387,23009.259167738113,22166.752490938383,-0.00201045880707774,60.09622775245862,0.4226753510529795,-0.011938662143520351,-1.7646551818206562
2023-02-09 00:00:00+00:00,21796.35,402894.6955,22.926359085141016,-1.7646551818206562,0.4946942364000422,-0.2863154104325093,Neutral,0.4338837391175582,-0.900968867902419,0.4999999999999999,0.8660254037844387,22822.657757316865,22139.315269387393,-0.04496880986561856,47.216028796364135,0.7395386095480003,-0.05080564386186481,-0.2863154104325093
2023-02-10 00:00:00+00:00,21625.19,338591.94247,22.7206097812559,-0.2863154104325093,0.4944585159017295,0.3617269622733188,Neutral,-0.433883739117558,-0.9009688679024191,0.4999999999999999,0.8660254037844387,22638.431948498885,22101.231916099438,-0.04475760294723382,45.66953450868512,0.7312786562531683,-0.007852690932197315,0.3617269622733188
2023-02-11 00:00:00+00:00,21862.55,177021.58433,22.06925913497249,0.3617269622733188,0.4967640529985759,-0.1404276456483804,Neutral,-0.9749279121818236,-0.2225209339563146,0.4999999999999999,0.8660254037844387,22519.06549488367,22083.551774166146,-0.02915376284299328,48.203213657814814,0.7849930902497635,0.01097608853378862,-0.1404276456483804
2023-02-12 00:00:00+00:00,21783.54,204435.65163,22.220614522509383,-0.1404276456483804,0.494993638258104,-0.0311646793423932,Neutral,-0.7818314824680299,0.6234898018587334,0.4999999999999999,0.8660254037844387,22405.90772644003,22061.32867978347,-0.02777694767106468,47.41063356088692,0.7775899885289768,-0.0036139425638820333,-0.0311646793423932
2023-02-13 00:00:00+00:00,21773.97,295730.76791,22.580315694318816,-0.0311646793423932,0.4978223494648484,0.6571194292949306,Neutral,0.0,1.0,0.4999999999999999,0.8660254037844387,22308.68653775695,22040.04285165136,-0.023968983420514317,47.309166046693925,0.7822995880858022,-0.0004393225343538587,0.6571194292949306
2023-02-14 00:00:00+00:00,22199.84,361958.40109,22.794975751074585,0.6571194292949306,0.5028387656479467,3.277237155392189,Neutral,0.7818314824680298,0.6234898018587336,0.4999999999999999,0.8660254037844387,22291.940916563573,22051.879677454963,-0.004131579071929962,52.210697021922755,0.7726302101192083,0.01955867487646934,3.277237155392189
2023-02-15 00:00:00+00:00,24324.05,375669.16111,22.87550858677873,3.277237155392189,0.5078887887316688,-1.1569720377593442,Neutral,0.9749279121818236,-0.2225209339563143,0.4999999999999999,0.8660254037844387,22604.5730832461,22220.188590236077,0.07606765721350109,68.13390604613113,1.5223555626632879,0.09568582476270104,-1.1569720377593442
2023-02-16 00:00:00+00:00,23517.72,450080.68366,23.127955082789363,-1.1569720377593442,0.4985701093306947,1.5238998617681363,Neutral,0.4338837391175582,-0.900968867902419,0.4999999999999999,0.8660254037844387,22745.057224285163,22316.302027996368,0.03397057954595326,59.96609435866966,1.3974505707978084,-0.033149496074872276,1.5238998617681363
2023-02-17 00:00:00+00:00,24569.97,496813.21376,23.20554673012224,1.5238998617681363,0.5013714225812221,0.0707774496511057,Neutral,-0.433883739117558,-0.9009688679024191,0.4999999999999999,0.8660254037844387,23025.8130359336,22483.240396292935,0.06706199523363728,65.73830388597727,1.420249212367105,0.04474285772600406,0.0707774496511057
2023-02-18 00:00:00+00:00,24631.95,216917.25213,22.398476581477077,0.0707774496511057,0.4954289553031689,-0.5193293509021487,Neutral,-0.9749279121818236,-0.2225209339563146,0.4999999999999999,0.8660254037844387,23272.911030405354,22642.404070641605,0.05839574464144617,66.04882154281896,1.4339968351111012,0.002522591602675872,-0.5193293509021487
2023-02-19 00:00:00+00:00,24271.76,300395.99542,22.72592695107279,-0.5193293509021487,0.4982765511594915,0.792846646620743,Neutral,-0.7818314824680299,0.6234898018587334,0.4999999999999999,0.8660254037844387,23426.580102650685,22763.097102445932,0.0360778181726014,62.50357020738603,1.4732214116379077,-0.014622878010064233,0.792846646620743
2023-02-20 00:00:00+00:00,24842.2,346938.56997,22.87050932151434,0.792846646620743,0.5028355404678271,-0.556425550314259,Neutral,0.0,1.0,0.4999999999999999,0.8660254037844387,23644.367779165965,22917.104724486977,0.050660361572005985,65.64836539955564,1.4521940110987561,0.02350220997570851,-0.556425550314259
2023-02-21 00:00:00+00:00,24452.16,376000.82868,22.951234311694428,-0.556425550314259,0.4974177802389199,-0.3960125047362712,Neutral,0.7818314824680298,0.6234898018587336,0.4999999999999999,0.8660254037844387,23768.643505448123,23030.812522673124,0.028757067873696925,61.82993318409458,1.5237766675617712,-0.01570070283630276,-0.3960125047362712
2023-02-22 00:00:00+00:00,24182.21,379425.75365,22.9317320942628,-0.3960125047362712,0.4960225837848843,-0.3604881770901527,Neutral,0.9749279121818236,-0.2225209339563143,0.4999999999999999,0.8660254037844387,23832.269119994566,23116.101224697337,0.014683489777809006,59.26079474275304,0.9149040458680072,-0.011039924489288477,-0.3604881770901527
2023-02-23 00:00:00+00:00,23940.2,398400.45437,22.984620906511992,-0.3604881770901527,0.4971899040708416,-1.1013413200234912,Neutral,0.4338837391175582,-0.900968867902419,0.4999999999999999,0.8660254037844387,23848.873870764633,23177.14557842346,0.003829368620516722,56.97514928310877,0.7935080235143103,-0.01000777017485166,-1.1013413200234912
2023-02-24 00:00:00+00:00,23185.29,343582.57453,22.813588476724533,-1.1013413200234912,0.4955522955810829,-0.0579357101384155,Neutral,-0.433883739117558,-0.9009688679024191,0.4999999999999999,0.8660254037844387,23746.78404449315,23177.74886891061,-0.02364505625018975,50.43989996597073,0.5916848069161939,-0.031533153440656325,-0.0579357101384155
2023-02-25 00:00:00+00:00,23157.07,191311.8101,22.206298062850543,-0.0579357101384155,0.4936451105168859,0.5751641348101811,Neutral,-0.9749279121818236,-0.2225209339563146,0.4999999999999999,0.8660254037844387,23656.05880687882,23176.217100843158,-0.021093488604861016,50.20805556848498,0.5802876008213748,-0.0012171510470647684,0.5751641348101811
2023-02-26 00:00:00+00:00,23554.85,202323.73623,22.27426036045547,0.5751641348101811,0.4992167239595662,-0.1077472891745605,Neutral,-0.7818314824680299,0.6234898018587334,0.4999999999999999,0.8660254037844387,23640.488221205153,23204.263982262182,-0.0036225233761601337,53.45563733416417,0.658019575293194,0.017177475388725716,-0.1077472891745605
2023-02-27 00:00:00+00:00,23492.09,283706.0859,22.61935315706693,-0.1077472891745605,0.4982623055179233,-0.5295819885824531,Neutral,0.0,1.0,0.4999999999999999,0.8660254037844387,23617.65772563513,23225.58442802054,-0.005316688347923514,52.86972487487673,0.5133148145916192,-0.002664419429544207,-0.5295819885824531
2023-02-28 00:00:00+00:00,23141.57,264140.99894,22.543439592224523,-0.5295819885824531,0.4967075447072207,0.7088488273682145,Neutral,0.7818314824680298,0.6234898018587336,0.4999999999999999,0.8660254037844387,23544.413460152802,23219.361137056054,-0.017109938237985223,49.59982879720617,0.5110566229720225,-0.014920766947512987,0.7088488273682145
2023-03-01 00:00:00+00:00,23628.97,315287.41737,22.73034783090401,0.7088488273682145,0.5010092949082917,-0.254414699749375,Neutral,0.9749279121818236,-0.2225209339563143,0.8660254037844386,0.5000000000000001,23557.42215859083,23249.70253431116,0.0030371676887013957,53.87200253794365,0.6275231831055585,0.021061665219775483,-0.254414699749375
2023-03-02 00:00:00+00:00,23465.32,239315.45219,22.446705424293405,-0.254414699749375,0.4994328813548894,-1.6455691041055434,Neutral,0.4338837391175582,-0.900968867902419,0.8660254037844386,0.5000000000000001,23543.2525957307,23265.674198436256,-0.003310188148974504,52.26992353865392,0.622138789888343,-0.00692582029601807,-1.6455691041055434
2023-03-03 00:00:00+00:00,22354.34,319954.19785,22.692778773693377,-1.6455691041055434,0.4901555119883857,-0.0280072376193708,Neutral,-0.433883739117558,-0.9009688679024191,0.8660254037844386,0.5000000000000001,23360.342965618285,23198.167961515053,-0.043064563182951494,42.93506312349085,0.7805669041301416,-0.04734561471993559,-0.0280072376193708
2023-03-04 00:00:00+00:00,22346.57,121257.38132,21.71889367217278,-0.0280072376193708,0.4951725897126606,0.1128222997346401,Neutral,-0.9749279121818236,-0.2225209339563146,0.8660254037844386,0.5000000000000001,23204.377893984703,23135.086631032456,-0.03696750233528451,42.87738863486754,0.7814751454787483,-0.0003475835117475734,0.1128222997346401
2023-03-05 00:00:00+00:00,22430.24,154841.75786,21.96828790905821,0.1128222997346401,0.49982872010518,-0.0471011092758848,Neutral,-0.7818314824680299,0.6234898018587334,0.8660254037844386,0.5000000000000001,23085.279756448595,23082.8757694745,-0.02837478095822583,43.7535819803915,0.7241478504238997,0.00374419877412957,-0.0471011092758848
2023-03-06 00:00:00+00:00,22410.0,203751.82957,22.242582560666392,-0.0471011092758848,0.5011501651567722,-0.3416987968366517,Neutral,0.0,1.0,0.8660254037844386,0.5000000000000001,22981.390563148812,23033.033119883796,-0.024863184913842866,43.57944180272988,0.7264797904428434,-0.0009023532516817534,-0.3416987968366517
2023-03-07 00:00:00+00:00,22197.96,292519.80912,22.5977712703319,-0.3416987968366517,0.4973975698524824,-0.7796901586568595,Neutral,0.7818314824680298,0.6234898018587336,0.8660254037844386,0.5000000000000001,22860.86278420284,22971.175851744258,-0.028997277594479745,41.706678276094145,0.7174306664060035,-0.009461847389558242,-0.7796901586568595
2023-03-08 00:00:00+00:00,21705.44,301460.57272,22.61655424634955,-0.7796901586568595,0.4976041262262484,-2.145947058034806,Neutral,0.9749279121818236,-0.2225209339563143,0.8660254037844386,0.5000000000000001,22683.10543278702,22877.417640503943,-0.043101039920833126,37.658538502016654,0.6111853813200201,-0.022187624448372745,-2.145947058034806
2023-03-09 00:00:00+00:00,20362.22,443658.28584,22.96429768333566,-2.145947058034806,0.4911451068640318,-0.3735870638222427,Neutral,0.4338837391175582,-0.900968867902419,0.8660254037844386,0.5000000000000001,22326.046135435172,22691.106704170317,-0.08796121460656887,29.30456432051284,0.8811013466611128,-0.06188402538718396,-0.3735870638222427
2023-03-10 00:00:00+00:00,20150.69,618456.4671,23.236516375613167,-0.3735870638222427,0.4982659674899533,0.504968225275482,Neutral,-0.433883739117558,-0.9009688679024191,0.8660254037844386,0.5000000000000001,21991.375960752837,22502.927689046588,-0.08370035435881047,28.2420485950568,0.7778530084103427,-0.010388356475865668,0.504968225275482
2023-03-11 00:00:00+00:00,20455.73,427831.82133,22.881009033754925,0.504968225275482,0.4982132415662219,2.577394377025058,Neutral,-0.9749279121818236,-0.2225209339563146,0.8660254037844386,0.5000000000000001,21755.122736021633,22351.283415783877,-0.05972812710774223,32.067204079195136,0.8556334814654536,0.015137943167206735,2.577394377025058
2023-03-12 00:00:00+00:00,21997.11,430944.94288,22.918534994116506,2.577394377025058,0.5073480323004551,3.2953219195352936,Neutral,-0.7818314824680299,0.6234898018587334,0.8660254037844386,0.5000000000000001,21792.351545864458,22325.048347948035,0.00939588615320405,47.34215309832594,1.432777045422893,0.07535199183798391,3.2953219195352936
2023-03-13 00:00:00+00:00,24113.48,687889.31259,23.48485655717919,3.2953219195352936,0.5039883072825632,0.7788730838677586,Neutral,0.0,1.0,0.8660254037844386,0.5000000000000001,22149.44823111608,22457.524766618553,0.08867181468316675,60.48135272270629,1.9216508380521975,0.09621127502658289,0.7788730838677586
2023-03-14 00:00:00+00:00,24670.41,699360.93423,23.58348229866837,0.7788730838677586,0.5029436199882491,-0.5528083720784074,Neutral,0.7818314824680298,0.6234898018587336,0.8660254037844386,0.5000000000000001,22537.288503252064,22621.442191313476,0.09464854196813127,63.091280507113844,1.8969599798458394,0.023096210086640312,-0.5528083720784074
2023-03-15 00:00:00+00:00,24285.66,581450.72984,23.382896207370127,-0.5528083720784074,0.5008040269209545,0.9945898545315274,Neutral,0.9749279121818236,-0.2225209339563143,0.8660254037844386,0.5000000000000001,22806.268733520978,22744.717584549515,0.06486774683596497,60.13648675316898,1.872210119384635,-0.01559560623435119,0.9945898545315274
2023-03-16 00:00:00+00:00,24998.78,439421.32998,23.10718481770742,0.9945898545315274,0.5015762500651288,3.283186354578656,Neutral,0.4338837391175582,-0.900968867902419,0.8660254037844386,0.5000000000000001,23143.578159133136,22911.68517087918,0.08016054510286455,63.54441594321486,1.4341895288289832,0.02936383034267953,3.283186354578656
2023-03-17 00:00:00+00:00,27395.13,624460.68091,23.525211949837736,3.283186354578656,0.5092756410164355,-0.6286868287123203,Neutral,-0.433883739117558,-0.9009688679024191,0.8660254037844386,0.5000000000000001,23797.663057728038,23243.7921952585,0.15116891660938633,72.15805816847492,1.501249056603283,0.09585867790348179,-0.6286868287123203
2023-03-18 00:00:00+00:00,26907.49,371238.97174,23.039353860617755,-0.6286868287123203,0.5001837679101422,1.346694462242151,Neutral,-0.9749279121818236,-0.2225209339563146,0.8660254037844386,0.5000000000000001,24276.097971923726,23515.17721783194,0.10839435691516756,68.60570017355764,1.683433601753099,-0.017800244057976755,1.346694462242151
2023-03-19 00:00:00+00:00,27972.87,372066.99054,23.05197743962779,1.346694462242151,0.5056900135024808,-0.3308528404446025,Neutral,-0.7818314824680299,0.6234898018587334,0.8660254037844386,0.5000000000000001,24844.832130089304,23845.37668317772,0.1259029585521877,71.86462603775836,1.601331281540743,0.039594179910500626,-0.3308528404446025
2023-03-20 00:00:00+00:00,27717.01,477378.23373,23.3110617917034,-0.3308528404446025,0.5022543437026681,0.4663267392302704,Neutral,0.0,1.0,0.8660254037844386,0.5000000000000001,25286.705648537103,24132.16433627567,0.09610996328434322,69.98567537488879,1.3893435570963864,-0.009146719660871439,0.4663267392302704
2023-03-21 00:00:00+00:00,28105.47,420929.7422,23.188011676186964,0.4663267392302704,0.5000177444576878,-1.0624555983257966,Neutral,0.7818314824680298,0.6234898018587336,0.8660254037844386,0.5000000000000001,25720.36170260832,24426.483274329323,0.09273229999521376,71.21616364270304,1.3913588228117246,0.014015220256441863,-1.0624555983257966
2023-03-22 00:00:00+00:00,27250.97,224113.41296,22.559377035437,-1.0624555983257966,0.4924112858862957,1.3030710935543637,Neutral,0.9749279121818236,-0.2225209339563143,0.8660254037844386,0.5000000000000001,25955.83990220704,24635.70451326789,0.049897445148089185,64.91204156084153,1.4758087779689801,-0.030403334297558482,1.3030710935543637
2023-03-23 00:00:00+00:00,28295.41,128649.60818,22.001730963493284,1.3030710935543637,0.5065854899364685,-1.0389373410598275,Neutral,0.4338837391175582,-0.900968867902419,0.8660254037844386,0.5000000000000001,26315.773763405956,24906.79380858138,0.07522622189991904,68.57383270856931,1.4946931776932737,0.038326709104299805,-1.0389373410598275
2023-03-24 00:00:00+00:00,27454.47,86242.06544,21.600168292712755,-1.0389373410598275,0.4806188373217607,-0.0054134765120603,Bearish (<49%),-0.433883739117558,-0.9009688679024191,0.8660254037844386,0.5000000000000001,26490.957799805037,25095.510563501277,0.03637136140853522,62.88349141776324,1.0361402454173934,-0.029720014659621374,-0.0054134765120603
2023-03-25 00:00:00+00:00,27462.95,50844.08102,21.057755852560824,-0.0054134765120603,0.4981297380522504,0.616967003916296,Neutral,-0.9749279121818236,-0.2225209339563146,0.8660254037844386,0.5000000000000001,26640.49506137349,25270.876447686365,0.03087235941868818,62.916908716925654,0.9984140278968079,0.0003088750210802349,0.616967003916296
2023-03-26 00:00:00+00:00,27968.05,49671.70353,21.046054451952852,0.616967003916296,0.508300629648246,-1.053617417885767,Neutral,-0.7818314824680299,0.6234898018587334,0.8660254037844386,0.5000000000000001,26844.734282700647,25470.66708119108,0.041844918465937,64.94161634322245,0.8768716095105228,0.018392051837111456,-1.053617417885767
2023-03-27 00:00:00+00:00,27124.91,88039.46898,21.601701372347268,-1.053617417885767,0.4901428403640514,0.1567234387417068,Neutral,0.0,1.0,0.8660254037844386,0.5000000000000001,26887.83823920824,25593.203593695445,0.008817062892250661,59.1372535692066,0.9599348519185356,-0.030146542215134797,0.1567234387417068
2023-03-28 00:00:00+00:00,27261.07,78602.44341,21.47681813606456,0.1567234387417068,0.4958193812972715,1.3569843678665228,Neutral,0.7818314824680298,0.6234898018587336,0.8660254037844386,0.5000000000000001,26945.258510099276,25716.74925342171,0.01172048469241276,59.76270666461615,0.9357515600850413,0.005019740157663266,1.3569843678665228
2023-03-29 00:00:00+00:00,28348.6,89486.16008,21.647480239944443,1.3569843678665228,0.5111637398353768,-0.4046368852718237,Bullish (>51%),0.9749279121818236,-0.2225209339563143,0.8660254037844386,0.5000000000000001,27161.15720085323,25911.701160575656,0.04371841708973524,64.44391067791344,0.9898855871982489,0.03989315166279228,-0.4046368852718237
2023-03-30 00:00:00+00:00,28028.53,98865.43256,21.75590637830502,-0.4046368852718237,0.4966367770676752,0.5203614533696105,Neutral,0.4338837391175582,-0.900968867902419,0.8660254037844386,0.5000000000000001,27294.599169952733,26068.503296829313,0.0268892327554388,62.152129083469156,0.873700571788037,-0.011290504645732002,0.5203614533696105
2023-03-31 00:00:00+00:00,28465.36,78198.12139,21.51320088307572,0.5203614533696105,0.5068724210434641,-0.0313152444210934,Neutral,-0.433883739117558,-0.9009688679024191,0.8660254037844386,0.5000000000000001,27474.716220729235,26246.04823780492,0.03605656092357892,64.03213069606593,0.7735046693435891,0.015585191231934026,-0.0313152444210934
2023-04-01 00:00:00+00:00,28452.73,30238.44753,20.57337767005051,-0.0313152444210934,0.5017247451261596,-0.3557846213745085,Neutral,-0.9749279121818236,-0.2225209339563146,1.0,6.123233995736766e-17,27625.179879078583,26409.50614611567,0.029956370403515307,63.93324826946876,0.7745428181883978,-0.00044369718141634706,-0.3557846213745085
2023-04-02 00:00:00+00:00,28171.87,37365.65692,20.775479593992497,-0.3557846213745085,0.478969724212733,-0.4703588389683149,Bearish (<49%),-0.7818314824680299,0.6234898018587334,1.0,6.123233995736766e-17,27709.286051528034,26540.05161677377,0.01669418503283509,61.65317991072441,0.7673614142046647,-0.0098711090289052,-0.4703588389683149
2023-04-03 00:00:00+00:00,27800.0,79180.01405,21.51822973326831,-0.4703588389683149,0.5119324688980653,0.4364240853388507,Bullish (>51%),0.0,1.0,1.0,6.123233995736766e-17,27723.242043600643,26633.38112664238,0.0027687222251509655,58.66971449451744,0.6537254618501073,-0.013200046713263913,0.4364240853388507
2023-04-04 00:00:00+00:00,28165.47,49722.55691,21.05769417542661,0.4364240853388507,0.5044783273193905,-0.0104964384796429,Neutral,0.7818314824680298,0.6234898018587336,1.0,6.123233995736766e-17,27791.27711381593,26746.869191335536,0.01346440052580557,60.68337842941933,0.6654794876967084,0.013146402877697971,-0.0104964384796429
2023-04-05 00:00:00+00:00,28170.01,60737.64732,21.26622860940251,-0.0104964384796429,0.5030963178242512,-0.1824389157473211,Neutral,0.9749279121818236,-0.2225209339563143,1.0,6.123233995736766e-17,27849.543711690403,26852.287029014384,0.01150705705009713,60.70898790029385,0.3999242241339443,0.00016119028015504355,-0.1824389157473211
2023-04-06 00:00:00+00:00,28033.82,40118.94963,20.839013992576863,-0.1824389157473211,0.4812848758024675,-0.1725661164982774,Bearish (<49%),0.4338837391175582,-0.900968867902419,1.0,6.123233995736766e-17,27877.89390989188,26939.807989828132,0.005593180410690596,59.45784299057731,0.3746520925629186,-0.004834574073633635,-0.1725661164982774
2023-04-07 00:00:00+00:00,27906.33,24762.09387,20.35411879433762,-0.1725661164982774,0.4839305485598661,0.0234839255274785,Bearish (<49%),-0.433883739117558,-0.9009688679024191,1.0,6.123233995736766e-17,27882.26869298544,27011.402212803827,0.0008629608759424969,58.24766643211624,0.29270660957882866,-0.004547721288072681,0.0234839255274785
2023-04-08 00:00:00+00:00,27938.38,19479.96735,20.11689162254963,0.0234839255274785,0.4994485855747597,0.4587103767778195,Neutral,-0.9749279121818236,-0.2225209339563146,1.0,6.123233995736766e-17,27890.90120175691,27080.06723407762,0.0017023041994820535,58.47647401181955,0.2959503152688761,0.0011484849494720617,0.4587103767778195
2023-04-09 00:00:00+00:00,28323.76,32531.16101,20.63324913798296,0.4587103767778195,0.5190625555850704,1.5801541163770567,Bullish (>51%),-0.7818314824680299,0.6234898018587334,1.0,6.123233995736766e-17,27957.49486302508,27172.192624145944,0.013100785273122549,61.227882044858674,0.33785226251893796,0.013793927922807203,1.5801541163770567
2023-04-10 00:00:00+00:00,29637.34,67754.0622,21.39380995366269,1.5801541163770567,0.5335122660733986,0.6378569403016335,Bullish (>51%),0.0,1.0,1.0,6.123233995736766e-17,28215.932576405838,27354.796133468466,0.0503760568517499,68.813338240048,0.6206679411052627,0.046377317135860574,0.6378569403016335
2023-04-11 00:00:00+00:00,30200.42,67990.07621,21.439190762826158,0.6378569403016335,0.5113529667567348,-0.3720112488478748,Bullish (>51%),0.7818314824680298,0.6234898018587336,1.0,6.123233995736766e-17,28521.23833388186,27565.583086544877,0.05887478118800155,71.39665281832,0.6323496739241744,0.01899900598366777,-0.3720112488478748
2023-04-12 00:00:00+00:00,29888.07,62049.48451,21.345720992279343,-0.3720112488478748,0.5017992656326098,0.5433449397091772,Neutral,0.9749279121818236,-0.2225209339563143,1.0,6.123233995736766e-17,28731.520128669268,27737.619154208216,0.04025369580695062,68.03024644283438,0.6782280676212498,-0.010342571394702404,0.5433449397091772
2023-04-13 00:00:00+00:00,30373.84,51934.11731,21.175036183800177,0.5433449397091772,0.5154155758577963,0.0894392785330911,Bullish (>51%),0.4338837391175582,-0.900968867902419,1.0,6.123233995736766e-17,28984.184724258612,27932.894772415013,0.04794529461366226,70.37012027587285,0.6503170965118423,0.01625297317625396,0.0894392785330911
2023-04-14 00:00:00+00:00,30466.93,75984.19452,21.56624043450583,0.0894392785330911,0.5054549870880174,-0.2101671443031736,Neutral,-0.433883739117558,-0.9009688679024191,1.0,6.123233995736766e-17,29212.29938206498,28120.601085569455,0.04294871148367414,70.81100926651126,0.6196566285401403,0.003064808400913499,-0.2101671443031736
2023-04-15 00:00:00+00:00,30295.09,25429.81247,20.464768513115665,-0.2101671443031736,0.4885739957641142,-0.0051833027598183,Bearish (<49%),-0.9749279121818236,-0.2225209339563146,1.0,6.123233995736766e-17,29378.88255405498,28281.674338490237,0.03118591880611066,68.77656514835525,0.6502990518792171,-0.005640213831849872,-0.0051833027598183
2023-04-16 00:00:00+00:00,30304.65,26431.99322,20.50177457753652,-0.0051833027598183,0.4980228240993775,-1.0090966570584825,Neutral,-0.7818314824680299,0.6234898018587334,1.0,6.123233995736766e-17,29521.3083149696,28431.52438749096,0.02653478892848346,68.83021852385592,0.6655430291878806,0.0003155626868909245,-1.0090966570584825
2023-04-17 00:00:00+00:00,29430.27,56441.81127,21.239250785338346,-1.0090966570584825,0.4762458380616742,1.0946428448564234,Bearish (<49%),0.0,1.0,1.0,6.123233995736766e-17,29507.30242035889,28505.50554397311,-0.002610622254162428,58.86669339405743,0.5621068772360417,-0.028852997807267244,1.0946428448564234
2023-04-18 00:00:00+00:00,30380.01,62004.89434,21.34438061631426,1.0946428448564234,0.5228227710902991,-1.8093301755642053,Bullish (>51%),0.7818314824680298,0.6234898018587336,1.0,6.123233995736766e-17,29641.56512491906,28644.35772590103,0.024912479215213345,64.82305657043722,0.6708056341870079,0.03227085582293321,-1.8093301755642053
2023-04-19 00:00:00+00:00,28797.1,86575.48656,21.655935258107025,-1.8093301755642053,0.4789784079499373,-0.6775153256892658,Bearish (<49%),0.9749279121818236,-0.2225209339563143,1.0,6.123233995736766e-17,29511.64741339305,28655.67196842688,-0.024212386498924265,51.450527378017824,0.9655587263737929,-0.05210366948529643,-0.6775153256892658
2023-04-20 00:00:00+00:00,28243.65,76879.09372,21.51120216679092,-0.6775153256892658,0.4802292022908618,-1.211257203546557,Bearish (<49%),0.4338837391175582,-0.900968867902419,1.0,6.123233995736766e-17,29316.570888255657,28625.15182261748,-0.03659776214432611,47.74207907208813,0.9209613842092002,-0.019218949130294316,-1.211257203546557
2023-04-21 00:00:00+00:00,27262.84,77684.7679,21.495532658639856,-1.211257203546557,0.4945517269158244,0.6833591780342819,Neutral,-0.433883739117558,-0.9009688679024191,1.0,6.123233995736766e-17,29000.612290062476,28524.239835756925,-0.05992191725751774,41.96882832583423,0.9458061324240761,-0.03472674388756414,0.6833591780342819
2023-04-22 00:00:00+00:00,27816.85,36023.69686,20.712588511972086,0.6833591780342819,0.5166847984074449,-0.2959822412955251,Bullish (>51%),-0.9749279121818236,-0.2225209339563146,1.0,6.123233995736766e-17,28818.49501466825,28471.84058866382,-0.03475702024545093,45.94506173889179,1.0530343550686954,0.020321067064179577,-0.2959822412955251
2023-04-23 00:00:00+00:00,27590.6,34812.09581,20.681807909802668,-0.2959822412955251,0.5058723498325337,-0.1154278711817994,Neutral,-0.7818314824680299,0.6234898018587334,1.0,6.123233995736766e-17,28629.588089334673,28406.563508022056,-0.036290710369029956,44.60102530666775,1.0396298974411822,-0.0081335593354388,-0.1154278711817994
2023-04-24 00:00:00+00:00,27510.93,53111.56874,21.10061024898223,-0.1154278711817994,0.4827814551199414,0.9721130715210224,Bearish (<49%),0.0,1.0,1.0,6.123233995736766e-17,28457.486844821648,28340.22028520561,-0.03326213765759468,44.11167856771723,1.0156636001622223,-0.002887577653258644,0.9721130715210224
2023-04-25 00:00:00+00:00,28300.79,52325.14637,21.09229471845288,0.9721130715210224,0.5128217268663896,0.1232035129586295,Bullish (>51%),0.7818314824680298,0.6234898018587336,1.0,6.123233995736766e-17,28433.37963792601,28337.29952333853,-0.0046631684173468095,49.97204284343821,0.9876258278324294,0.02871077059190652,0.1232035129586295
2023-04-26 00:00:00+00:00,28415.29,129228.40403,22.03690924983613,0.1232035129586295,0.4994301035785994,1.2648147120336584,Neutral,0.9749279121818236,-0.2225209339563143,1.0,6.123233995736766e-17,28430.596616706625,28343.076595683826,-0.0005383853498744335,50.77780081150645,0.7544766432124532,0.004045823455811615,1.2648147120336584
2023-04-27 00:00:00+00:00,29472.77,95430.82431,21.7474633292952,1.2648147120336584,0.5092901071683094,-0.2041382277401432,Neutral,0.4338837391175582,-0.900968867902419,1.0,6.123233995736766e-17,28590.930983367143,28426.757588596134,0.030843312417698804,57.574123920825656,0.8472111934981146,0.03721517535101704,-0.2041382277401432
2023-04-28 00:00:00+00:00,29311.7,54298.16578,21.18742980581001,-0.2041382277401432,0.4909782129292397,-0.1114475733391826,Neutral,-0.433883739117558,-0.9009688679024191,1.0,6.123233995736766e-17,28701.81852438758,28492.308878329753,0.021248879233704672,56.29903309769419,0.6228150403540094,-0.005465044513970008,-0.1114475733391826
2023-04-29 00:00:00+00:00,29230.45,20466.83058,20.211551334989664,-0.1114475733391826,0.4897973694957903,-0.0127944430025762,Bearish (<49%),-0.9749279121818236,-0.2225209339563146,1.0,6.123233995736766e-17,28783.14644371257,28546.985998453478,0.015540467653950377,55.62974325847909,0.6236909629474253,-0.002771930662499922,-0.0127944430025762
2023-04-30 00:00:00+00:00,29233.21,39752.5372,20.88211000044941,-0.0127944430025762,0.5004528998969152,-1.3875953964656271,Neutral,-0.7818314824680299,0.6234898018587334,1.0,6.123233995736766e-17,28852.38699083371,28597.817405975442,0.013199012244195743,55.64903124092118,0.5920171660025775,9.442208382015593e-05,-1.3875953964656271
2023-05-01 00:00:00+00:00,28068.26,64433.65958,21.32660927583153,-1.3875953964656271,0.4774201419027952,0.72164521891259,Bearish (<49%),0.0,1.0,0.8660254037844387,-0.4999999999999998,28731.752069166985,28558.590931458744,-0.023092642160134833,46.467289242603364,0.8641315679858068,-0.039850225137779915,0.72164521891259
2023-05-02 00:00:00+00:00,28669.86,50824.5224,21.08911233868036,0.72164521891259,0.4877442287583601,0.411687516904021,Bearish (<49%),0.7818314824680298,0.6234898018587336,0.8660254037844387,-0.4999999999999998,28722.230212372066,28566.83308468402,-0.0018233337726506556,50.9665878590812,0.8259583728537859,0.02143346256590184,0.411687516904021
2023-05-03 00:00:00+00:00,29026.16,64615.79213,21.336265964595803,0.411687516904021,0.4997417645988703,-0.238964467918299,Neutral,0.9749279121818236,-0.2225209339563143,0.8660254037844387,-0.4999999999999998,28768.988641237902,28600.857300633354,0.008939186634926216,53.46136579455892,0.8369799461169889,0.012427685381093623,-0.238964467918299
2023-05-04 00:00:00+00:00,28838.16,42575.47501,20.933377753079203,-0.238964467918299,0.4807982152915973,0.7805413223769202,Bearish (<49%),0.4338837391175582,-0.900968867902419,0.8660254037844387,-0.4999999999999998,28779.630388739763,28618.435278364217,0.002033716572091121,51.95916276613285,0.6621437424224348,-0.006476915995777599,0.7805413223769202
2023-05-05 00:00:00+00:00,29505.61,58415.83048,21.25963453004061,0.7805413223769202,0.497673076306832,-0.7828986809012787,Neutral,-0.433883739117558,-0.9009688679024191,0.8660254037844387,-0.4999999999999998,28891.319559702875,28684.15192441131,0.021262110892087023,56.61961011590743,0.7405868749969351,0.023144680520532646,-0.7828986809012787
2023-05-06 00:00:00+00:00,28848.2,49249.28459,21.08060308645873,-0.7828986809012787,0.4734271964375757,-0.5148628785967702,Bearish (<49%),-0.9749279121818236,-0.2225209339563146,0.8660254037844387,-0.4999999999999998,28884.685781287048,28696.30363371418,-0.0012631531311545086,51.33698656910613,0.8018936886954234,-0.02228084760830229,-0.5148628785967702
2023-05-07 00:00:00+00:00,28430.1,30003.41028,20.579209000328166,-0.5148628785967702,0.4967438994738167,-0.9376907371324742,Neutral,-0.7818314824680299,0.6234898018587334,0.8660254037844387,-0.4999999999999998,28814.749507242886,28676.58484603165,-0.013349049143953249,48.253512732814954,0.8179430116712161,-0.01449310528906489,-0.9376907371324742
2023-05-08 00:00:00+00:00,27668.79,68244.36179,21.36672511519151,-0.9376907371324742,0.4739962174390202,-0.0664477072803515,Bearish (<49%),0.0,1.0,0.8660254037844387,-0.4999999999999998,28638.448044590135,28601.933375955232,-0.03385861004340649,43.169014718738566,0.7151920928609289,-0.02677830890499855,-0.0664477072803515
2023-05-09 00:00:00+00:00,27628.27,40113.31069,20.824850751459337,-0.0664477072803515,0.5009334065016312,-0.0528184854993418,Neutral,0.7818314824680298,0.6234898018587336,0.8660254037844387,-0.4999999999999998,28483.036037730115,28529.810162921513,-0.03000965334586688,42.90985424053792,0.6241924885124756,-0.0014644659199046783,-0.0528184854993418
2023-05-10 00:00:00+00:00,27598.75,71155.11355,21.401894843202925,-0.0528184854993418,0.4834345002601714,-0.8018622405668322,Bearish (<49%),0.9749279121818236,-0.2225209339563143,0.8660254037844387,-0.4999999999999998,28346.99203192548,28460.842743445843,-0.02639581762617996,42.70869290235242,0.5717213103319246,-0.0010684708090662465,-0.8018622405668322
2023-05-11 00:00:00+00:00,26968.62,47635.31365,20.98239341438228,-0.8018622405668322,0.4885055948403523,-0.2376072349673885,Bearish (<49%),0.4338837391175582,-0.900968867902419,0.8660254037844387,-0.4999999999999998,28134.934796244637,28350.307725412815,-0.04145432732263927,38.55385769156918,0.6069324382703896,-0.02283183115177323,-0.2376072349673885
2023-05-12 00:00:00+00:00,26795.01,67207.93494,21.29822172037133,-0.2376072349673885,0.4932047464275205,-0.0413870177359121,Neutral,-0.433883739117558,-0.9009688679024191,0.8660254037844387,-0.4999999999999998,27928.792519899307,28235.10048649335,-0.040595472184896175,37.472233560985316,0.36926412583919516,-0.0064374817843849685,-0.0413870177359121
2023-05-13 00:00:00+00:00,26775.28,22814.90421,20.232345534691422,-0.0413870177359121,0.4803570231601686,0.166923363710678,Bearish (<49%),-0.9749279121818236,-0.2225209339563146,0.8660254037844387,-0.4999999999999998,27751.329055299415,28126.96563564199,-0.035171254441704984,37.344010389553944,0.37582448850269473,-0.0007363311303112408,0.166923363710678
2023-05-14 00:00:00+00:00,26917.62,21594.8036,20.17991994502477,0.166923363710678,0.4941999023320592,0.2966061528529076,Neutral,-0.7818314824680299,0.6234898018587334,0.8660254037844387,-0.4999999999999998,27623.06612371489,28037.384477446285,-0.02553829906337776,38.96660133494242,0.42043037058171484,0.005316097534741049,0.2966061528529076
2023-05-15 00:00:00+00:00,27162.14,40430.08333,20.82277922916549,0.2966061528529076,0.4773981332776045,-0.1786155403062577,Bearish (<49%),0.0,1.0,0.8660254037844387,-0.4999999999999998,27552.154412374133,27972.551553191006,-0.014155496028977387,41.75697574771531,0.35277162524741307,0.009084012628159499,-0.1786155403062577
2023-05-16 00:00:00+00:00,27033.84,33270.45451,20.61820905804594,-0.1786155403062577,0.4800355016250122,0.4572681211630635,Bearish (<49%),0.7818314824680298,0.6234898018587336,0.8660254037844387,-0.4999999999999998,27472.413733547346,27903.01736406575,-0.015964149994282847,40.70539210615929,0.35326370072000046,-0.0047234864410535815,0.4572681211630635
2023-05-17 00:00:00+00:00,27405.61,42958.97785,20.87143971491173,0.4572681211630635,0.5035972269996642,-0.7498818046263334,Neutral,0.9749279121818236,-0.2225209339563143,0.8660254037844387,-0.4999999999999998,27462.136236078524,27866.172374134952,-0.002058333539408417,45.02562771189025,0.4166540606535107,0.013752023389943968,-0.7498818046263334
2023-05-18 00:00:00+00:00,26821.28,49198.65143,21.009005203086662,-0.7498818046263334,0.4809053307825596,0.0596401933678788,Bearish (<49%),0.4338837391175582,-0.900968867902419,0.8660254037844387,-0.4999999999999998,27363.54296898952,27788.772939013845,-0.019816986769734327,40.08236091727073,0.40116230117342244,-0.021321546938747327,0.0596401933678788
2023-05-19 00:00:00+00:00,26880.26,28754.13544,20.465614632853107,0.0596401933678788,0.4737491811716944,0.2684236168150468,Bearish (<49%),-0.433883739117558,-0.9009688679024191,0.8660254037844387,-0.4999999999999998,27289.19174299113,27721.475684272078,-0.014985117435592806,40.78898437809996,0.3925160109540311,0.0021990001968585915,0.2684236168150468
2023-05-20 00:00:00+00:00,27102.43,14434.54718,19.77966982014594,0.2684236168150468,0.4690097718742571,-0.4664178733281884,Bearish (<49%),-0.9749279121818236,-0.2225209339563146,0.8660254037844387,-0.4999999999999998,27260.45916714634,27675.62044840007,-0.005797010467703028,43.49235683100691,0.40416689972294767,0.008265173030320483,-0.4664178733281884
2023-05-21 00:00:00+00:00,26747.78,21347.87279,20.170251956372795,-0.4664178733281884,0.4616590930135479,0.1145478222189199,Bearish (<49%),-0.7818314824680299,0.6234898018587334,0.8660254037844387,-0.4999999999999998,27181.585449123824,27606.89152629636,-0.01595953444054194,40.32716322842569,0.44167406409113796,-0.013085542514084558,0.1145478222189199
2023-05-22 00:00:00+00:00,26849.27,26458.83828,20.380204938095265,0.1145478222189199,0.4777110437064888,0.4586887191412774,Bearish (<49%),0.0,1.0,0.8660254037844387,-0.4999999999999998,27130.459995412468,27550.77141323737,-0.010364365199116207,41.63616174286015,0.42319948139444297,0.0037943335858154903,0.4586887191412774
2023-05-23 00:00:00+00:00,27219.61,38700.83858,20.77639493773201,0.4586887191412774,0.4900720983291933,-1.1421573721552665,Neutral,0.7818314824680298,0.6234898018587336,0.8660254037844387,-0.4999999999999998,27144.175380733624,27526.24093818275,0.0027790352150435203,46.26804068134288,0.46281669091482425,0.013793298663241194,-1.1421573721552665
2023-05-24 00:00:00+00:00,26329.01,54393.0657,21.08973799587613,-1.1421573721552665,0.4908513900881303,0.173214219986952,Neutral,0.9749279121818236,-0.2225209339563143,0.8660254037844387,-0.4999999999999998,27018.76532215922,27437.557164984028,-0.025528750627014162,38.37975991077515,0.5888105487435665,-0.03271905806144915,0.173214219986952
2023-05-25 00:00:00+00:00,26473.79,37435.44895,20.707256152833924,0.173214219986952,0.4747662795159293,0.2857398928717944,Bearish (<49%),0.4338837391175582,-0.900968867902419,0.8660254037844387,-0.4999999999999998,26934.922964903955,27366.167004614843,-0.017120262994804476,40.16568061311853,0.5493103505972576,0.005498877473934849,0.2857398928717944
2023-05-26 00:00:00+00:00,26705.92,35061.18713,20.65372037487441,0.2857398928717944,0.4708161919559054,0.1751440398263247,Bearish (<49%),-0.433883739117558,-0.9009688679024191,0.8660254037844387,-0.4999999999999998,26899.691739534115,27317.25981908782,-0.007203492940007681,43.01728519787625,0.5650573369800943,0.008768294981564617,0.1751440398263247
2023-05-27 00:00:00+00:00,26854.27,15095.6867,19.81528365090021,0.1751440398263247,0.4737976418124788,1.5356823074112396,Bearish (<49%),-0.9749279121818236,-0.2225209339563146,0.8660254037844387,-0.4999999999999998,26892.70377960579,27282.96427693317,-0.0014291526772750327,44.826985362645246,0.5575111937628152,0.005554948116372804,1.5356823074112396
2023-05-28 00:00:00+00:00,28065.0,43916.00855,20.910377852789225,1.5356823074112396,0.5316184104805217,-0.4190244657387781,Bullish (>51%),-0.7818314824680299,0.6234898018587334,0.8660254037844387,-0.4999999999999998,27073.05704428182,27340.89284901219,0.03663948825933163,56.866795763052465,0.7813000575006008,0.04508519501740316,-0.4190244657387781
2023-05-29 00:00:00+00:00,27736.4,42385.41945,20.8910476873378,-0.4190244657387781,0.4765755198867095,-0.0681613523570714,Bearish (<49%),0.0,1.0,0.8660254037844387,-0.4999999999999998,27175.109806700002,27370.189675011286,0.020654569467889093,53.45719123989979,0.8193917914648778,-0.011708533760912077,-0.0681613523570714
2023-05-30 00:00:00+00:00,27694.4,32686.75371,20.62747483817517,-0.0681613523570714,0.4649138459825351,-0.6176049883355021,Bearish (<49%),0.7818314824680298,0.6234898018587336,0.8660254037844387,-0.4999999999999998,27255.000605669233,27394.20525464008,0.01612178993088595,53.01962049329183,0.8107272802156908,-0.0015142556351941394,-0.6176049883355021
2023-05-31 00:00:00+00:00,27210.35,46588.80573,20.959090386479343,-0.6176049883355021,0.4714151370885548,-0.5124059028562459,Bearish (<49%),0.9749279121818236,-0.2225209339563143,0.8660254037844387,-0.4999999999999998,27248.13128172012,27380.586346888962,-0.0013865641401056064,48.12991343151137,0.6952554010572787,-0.017478262753480966,-0.5124059028562459
2023-06-01 00:00:00+00:00,26817.93,39217.8088,20.77693219775576,-0.5124059028562459,0.474801937685004,0.5289568184458008,Bearish (<49%),0.4338837391175582,-0.900968867902419,0.4999999999999999,-0.8660254037844387,27181.946469147795,27338.90809897126,-0.013391847032035137,44.54337920125329,0.7387270466630335,-0.014421718206491185,0.5289568184458008
2023-06-02 00:00:00+00:00,27242.59,36380.90269,20.70699118190478,0.5289568184458008,0.498466943894294,-0.2350758364096813,Neutral,-0.433883739117558,-0.9009688679024191,0.4999999999999999,-0.8660254037844387,27191.276243125056,27331.773424973388,0.001887140434900269,48.974579649793874,0.7569280778069245,0.01583492834831035,-0.2350758364096813
2023-06-03 00:00:00+00:00,27069.22,16595.34117,19.92606544687681,-0.2350758364096813,0.4667446556629001,0.0424305918075975,Bearish (<49%),-0.9749279121818236,-0.2225209339563146,0.4999999999999999,-0.8660254037844387,27172.498359567355,27312.325023123507,-0.003800841505285789,47.312465485241155,0.7649789237588784,-0.006363932357385971,0.0424305918075975
2023-06-04 00:00:00+00:00,27115.21,19258.41049,20.07651975460718,0.0424305918075975,0.4938997600523157,-1.7765921660964374,Neutral,-0.7818314824680299,0.6234898018587334,0.4999999999999999,-0.8660254037844387,27163.684765787762,27297.723910299545,-0.0017845430841112002,47.81838541732558,0.39300096735451584,0.001698977658018963,-1.7765921660964374
2023-06-05 00:00:00+00:00,25728.2,65805.60305,21.267138810554933,-1.7765921660964374,0.4647529991748931,1.9930812696387432,Bearish (<49%),0.0,1.0,0.4999999999999999,-0.8660254037844387,26942.84095566657,27181.462879906987,-0.04508214102830557,36.45052829170741,0.7242567758617802,-0.05115247125137512,1.9930812696387432
2023-06-06 00:00:00+00:00,27230.08,68392.60438,21.30973831873317,1.9930812696387432,0.5129763403228366,-1.1419013342231952,Bullish (>51%),0.7818314824680298,0.6234898018587336,0.4999999999999999,-0.8660254037844387,26987.031577871712,27185.064148062025,0.009006119158639869,50.24389790463122,1.1591598088996393,0.05837485716062529,-1.1419013342231952
2023-06-07 00:00:00+00:00,26339.34,59619.44364,21.186554135960275,-1.1419013342231952,0.4712474240727416,0.1920740977464288,Bearish (<49%),0.9749279121818236,-0.2225209339563143,0.4999999999999999,-0.8660254037844387,26887.386719737602,27122.417914872247,-0.02038304151497511,44.12660408982022,1.2150909774495153,-0.0327116189155523,0.1920740977464288
2023-06-08 00:00:00+00:00,26498.61,31075.51083,20.52849548026639,0.1920740977464288,0.4702933924384985,-0.0430602560579803,Bearish (<49%),0.4338837391175582,-0.900968867902419,0.4999999999999999,-0.8660254037844387,26827.57491670105,27076.209921178008,-0.012262193572191228,45.4065288259447,1.2099463847503014,0.006046848554291717,-0.0430602560579803
2023-06-09 00:00:00+00:00,26477.81,27934.7097,20.42372467606146,-0.0430602560579803,0.456674644089822,-0.8435400472902563,Bearish (<49%),-0.433883739117558,-0.9009688679024191,0.4999999999999999,-0.8660254037844387,26773.764929516274,27031.884001090748,-0.011053915289664847,45.260709609125875,1.1828108901767223,-0.000784946833060296,-0.8435400472902563
2023-06-10 00:00:00+00:00,25841.21,64944.60108,21.23835948098288,-0.8435400472902563,0.4859238559511066,0.0962873812560121,Bearish (<49%),-0.9749279121818236,-0.2225209339563146,0.4999999999999999,-0.8660254037844387,26630.294940359923,26943.68592693588,-0.029631100298630756,40.92849270921978,1.2130673045231453,-0.024042773930321393,0.0962873812560121
2023-06-11 00:00:00+00:00,25925.55,30014.29595,20.46980671714406,0.0962873812560121,0.475310419200421,-0.0430732948368731,Bearish (<49%),-0.7818314824680299,0.6234898018587334,0.4999999999999999,-0.8660254037844387,26521.872641843012,26868.268450866555,-0.022484183145582533,41.72433627216971,1.2152177031816993,0.003263779056785765,-0.0430732948368731
2023-06-12 00:00:00+00:00,25905.19,29900.50893,20.466182412786917,-0.0430732948368731,0.4755762242472305,0.0225649048020424,Bearish (<49%),0.0,1.0,0.4999999999999999,-0.8660254037844387,26426.998389251778,26796.92930635792,-0.01974527646181738,41.57870672722197,1.0026176204974688,-0.0007853256729365432,0.0225649048020424
2023-06-13 00:00:00+00:00,25934.25,41065.60853,20.78997565833517,0.0225649048020424,0.4899556492703945,-1.085231927281614,Bearish (<49%),0.7818314824680298,0.6234898018587336,0.4999999999999999,-0.8660254037844387,26351.190944751506,26733.027135516593,-0.015822470628582747,41.89045927985131,0.5201026154369165,0.0011217829323004747,-1.085231927281614
2023-06-14 00:00:00+00:00,25128.6,45077.31608,20.865466903906583,-1.085231927281614,0.4597908529695231,0.6275455581445973,Bearish (<49%),0.9749279121818236,-0.2225209339563143,0.4999999999999999,-0.8660254037844387,26163.10003017435,26614.180681033882,-0.03954042254095449,36.133600512823485,0.5041293492664644,-0.03106509731339835,0.6275455581445973
2023-06-15 00:00:00+00:00,25598.49,48664.86063,20.92574696292185,0.6275455581445973,0.4939049638453675,0.9876525173794796,Neutral,0.4338837391175582,-0.900968867902419,0.4999999999999999,-0.8660254037844387,26076.23694860907,26538.94433429063,-0.018321161506186966,41.208414198619785,0.5869012407938309,0.018699410233757652,0.9876525173794796
2023-06-16 00:00:00+00:00,26345.0,51596.91662,21.0123155926726,0.9876525173794796,0.4662228095365594,0.2086470557760718,Bearish (<49%),-0.433883739117558,-0.9009688679024191,0.4999999999999999,-0.8660254037844387,26117.585110361517,26524.57808730614,0.00870734750849005,48.244459516173016,0.7373507480287854,0.029162266993092212,0.2086470557760718
2023-06-17 00:00:00+00:00,26516.99,27842.2195,20.4201205696659,0.2086470557760718,0.4972179599402986,-0.2458068342561399,Neutral,-0.9749279121818236,-0.2225209339563146,0.4999999999999999,-0.8660254037844387,26179.032016459747,26524.01600676495,0.012909491203791175,49.73695991582684,0.6464545342539293,0.006528373505409135,-0.2458068342561399
2023-06-18 00:00:00+00:00,26339.97,21538.31022,20.16292255870091,-0.2458068342561399,0.481331879061402,0.6430140436657806,Bearish (<49%),-0.7818314824680299,0.6234898018587334,0.4999999999999999,-0.8660254037844387,26203.79170623517,26510.382969226805,0.0051968926974956765,48.19640880822292,0.6609906520820046,-0.006675719981792838,0.6430140436657806
2023-06-19 00:00:00+00:00,26844.35,35872.65974,20.676377549721472,0.6430140436657806,0.49043477393405,1.860516449669472,Neutral,0.0,1.0,0.4999999999999999,-0.8660254037844387,26302.339136045142,26535.1212678026,0.020606945304422596,52.69261312366419,0.6920062975800345,0.019148844892382,1.860516449669472
2023-06-20 00:00:00+00:00,28307.99,69666.95525,21.371832919910325,1.860516449669472,0.503144919915242,2.033720480899799,Neutral,0.7818314824680298,0.6234898018587336,0.4999999999999999,-0.8660254037844387,26610.900807422815,26666.444877594997,0.06377421060860151,62.78630531542256,0.9348231562792175,0.05452320506922326,2.033720480899799
2023-06-21 00:00:00+00:00,29993.89,108926.40412,21.889630579459904,2.033720480899799,0.5127036917373639,-0.1410860796018079,Bullish (>51%),0.9749279121818236,-0.2225209339563143,0.4999999999999999,-0.8660254037844387,27131.36068320392,26912.92229406944,0.10550629399756471,70.57436349504961,0.8308467903932173,0.0595556236949355,-0.1410860796018079
2023-06-22 00:00:00+00:00,29884.92,59054.5646,21.297529309699392,-0.1410860796018079,0.4724940960787306,0.90941705727307,Bearish (<49%),0.4338837391175582,-0.900968867902419,0.4999999999999999,-0.8660254037844387,27554.98519348024,27133.070272286517,0.08455583590990436,69.5610303991086,0.9152871829293899,-0.003633073269255882,0.90941705727307
2023-06-23 00:00:00+00:00,30688.5,73931.89635,21.540874809951937,0.90941705727307,0.4908479180380174,-0.1966868529055294,Neutral,-0.433883739117558,-0.9009688679024191,0.4999999999999999,-0.8660254037844387,28037.064394483277,27396.43543730233,0.09456894517239235,72.67666047579277,0.9125719178370125,0.026889146766998273,-0.1966868529055294
2023-06-24 00:00:00+00:00,30527.43,30513.30135,20.654177672744968,-0.1966868529055294,0.475122776906603,-0.0890681065261058,Bearish (<49%),-0.9749279121818236,-0.2225209339563146,0.4999999999999999,-0.8660254037844387,28420.19756456277,27628.36096046512,0.07414559419054648,71.10561038405469,0.9642389648459708,-0.005248545872232224,-0.0890681065261058
2023-06-25 00:00:00+00:00,30462.66,30223.44801,20.64672668277357,-0.0890681065261058,0.483994239345559,-0.2359883920890752,Bearish (<49%),-0.7818314824680299,0.6234898018587334,0.4999999999999999,-0.8660254037844387,28734.422554630037,27838.309037467705,0.06014519491680158,70.44613865224059,0.9402802792239684,-0.002121698420076701,-0.2359883920890752
2023-06-26 00:00:00+00:00,30267.99,45180.41489,21.036496977719665,-0.2359883920890752,0.4930805282385931,0.4665967468999242,Neutral,0.0,1.0,0.4999999999999999,-0.8660254037844387,28970.356007763876,28018.285405062692,0.04479178619304395,68.39302062765378,1.0080761190751542,-0.0063904465335593574,0.4665967468999242
2023-06-27 00:00:00+00:00,30692.44,42699.64157,20.99039278566738,0.4665967468999242,0.495350649145976,-0.7057218273918662,Neutral,0.7818314824680298,0.6234898018587336,0.4999999999999999,-0.8660254037844387,29235.292006569434,28216.370930613604,0.0498420878814253,70.41745825593972,0.8391522448798695,0.014023065291087988,-0.7057218273918662
2023-06-28 00:00:00+00:00,30077.41,40463.51937,20.9254746887048,-0.7057218273918662,0.473926998406812,0.4072332185777343,Bearish (<49%),0.9749279121818236,-0.2225209339563143,0.4999999999999999,-0.8660254037844387,29364.84862094337,28354.225676494076,0.02426579439433663,64.01887410782086,0.5267829880578541,-0.020038485047132126,0.4072332185777343
2023-06-29 00:00:00+00:00,30447.31,36330.62903,20.825768624116883,0.4072332185777343,0.4908912685016618,0.0118653566867235,Neutral,0.4338837391175582,-0.900968867902419,0.4999999999999999,-0.8660254037844387,29531.381140798236,28509.268959716737,0.031015442685692417,66.0188046245706,0.5426502603435499,0.012298266373334643,0.0118653566867235
2023-06-30 00:00:00+00:00,30472.0,89419.07618,21.72623157459607,0.0118653566867235,0.4956415838023702,0.1126040550411893,Neutral,-0.433883739117558,-0.9009688679024191,0.4999999999999999,-0.8660254037844387,29676.091734521582,28654.656444182165,0.02681984786266698,66.15403321600864,0.4015300336720322,0.0008109090753829484,0.1126040550411893
2023-07-01 00:00:00+00:00,30585.9,17501.75075,20.095642950488685,0.1126040550411893,0.4629330445698411,0.0189856862212092,Bearish (<49%),-0.9749279121818236,-0.2225209339563146,1.2246467991473532e-16,-1.0,29816.062236902875,28797.71152239089,0.025819565205505577,66.81021123497831,0.39955978431373324,0.003737857705434555,0.0189856862212092
2023-07-02 00:00:00+00:00,30617.03,23286.41019,20.38222718289981,0.0189856862212092,0.4565000493105202,0.590055227073641,Bearish (<49%),-0.7818314824680299,0.6234898018587334,1.2246467991473532e-16,-1.0,29939.288046610123,28932.47585406564,0.022637210087786738,66.9985276381104,0.39783795211358103,0.00101778924275564,0.590055227073641
2023-07-03 00:00:00+00:00,31156.2,43761.64311,21.025320629855624,0.590055227073641,0.4772659759941084,-0.4465272367078922,Bearish (<49%),0.0,1.0,1.2246467991473532e-16,-1.0,30126.505270208567,29097.196161171887,0.034179030078529425,70.15687072175587,0.4333608902562001,0.017610133967925767,-0.4465272367078922
2023-07-04 00:00:00+00:00,30766.51,33206.11943,20.751653087679237,-0.4465272367078922,0.4248423453917572,-0.308800848114959,Bearish (<49%),0.7818314824680298,0.6234898018587336,1.2246467991473532e-16,-1.0,30224.967536330325,29220.849038122116,0.017917056917223846,65.29311659400253,0.45177353125791087,-0.012507622880839175,-0.308800848114959
2023-07-05 00:00:00+00:00,30504.81,33215.67122,20.736867701064536,-0.308800848114959,0.4702333743776743,-0.7035891957142738,Bearish (<49%),0.9749279121818236,-0.2225209339563143,1.2246467991473532e-16,-1.0,30268.020223048738,29315.95725752048,0.007823100923229567,62.17572468813776,0.3653100950533663,-0.008506002143239377,-0.7035891957142738
2023-07-06 00:00:00+00:00,29895.43,71319.6261,21.503399399973123,-0.7035891957142738,0.4760629608797122,0.5011859411730044,Bearish (<49%),0.4338837391175582,-0.900968867902419,1.2246467991473532e-16,-1.0,30210.69865027201,29358.881164370814,-0.01043566234338547,55.527560239559094,0.4234687656963589,-0.019976521735424746,0.5011859411730044
2023-07-07 00:00:00+00:00,30344.7,34070.53895,20.7503573213886,0.5011859411730044,0.4366195413530433,-0.0841769950733984,Bearish (<49%),-0.433883739117558,-0.9009688679024191,1.2246467991473532e-16,-1.0,30231.314242537857,29431.90478182483,0.003750606293609314,59.00762913170558,0.48204642670501974,0.015028049437656454,-0.0841769950733984
2023-07-08 00:00:00+00:00,30284.63,13094.59042,19.796317811250027,-0.0841769950733984,0.4575106580538622,-0.1568759117601611,Bearish (<49%),-0.9749279121818236,-0.2225209339563146,1.2246467991473532e-16,-1.0,30239.5166667628,29495.069612800766,0.0014918668751999758,58.350162297203546,0.4778098106956578,-0.001979587868721766,-0.1568759117601611
2023-07-09 00:00:00+00:00,30160.71,15388.50196,19.95922722862217,-0.1568759117601611,0.4560126091701781,0.2702226420974961,Bearish (<49%),-0.7818314824680299,0.6234898018587334,1.2246467991473532e-16,-1.0,30227.39256418391,29544.376308148858,-0.0022060309714877946,56.9406889804348,0.47747509014315254,-0.004091844608965056,0.2702226420974961
2023-07-10 00:00:00+00:00,30411.57,41262.87652,20.94983474521508,0.2702226420974961,0.4743788206455365,0.2222186489286068,Bearish (<49%),0.0,1.0,1.2246467991473532e-16,-1.0,30255.727554309462,29608.61287791561,0.005150841122917911,59.09479964532902,0.4128176553231773,0.008317443455409412,0.2222186489286068
2023-07-11 00:00:00+00:00,30622.1,28476.83311,20.582814838103825,0.2222186489286068,0.48004498032471,-0.2881520686686417,Bearish (<49%),0.7818314824680298,0.6234898018587336,1.2246467991473532e-16,-1.0,30312.09254595416,29683.68599807001,0.010227187502012782,60.86426352318685,0.4053880511215696,0.006922694224599457,-0.2881520686686417
2023-07-12 00:00:00+00:00,30380.0,38108.99669,20.877271482628014,-0.2881520686686417,0.4789231214473098,1.200956229294176,Bearish (<49%),0.9749279121818236,-0.2225209339563143,1.2246467991473532e-16,-1.0,30322.539846576597,29735.26481302779,0.001894965056163979,57.769501360730956,0.4031505911089382,-0.007906054777431892,1.200956229294176
2023-07-13 00:00:00+00:00,31454.23,70772.51836,21.50941472129472,1.200956229294176,0.5098708173198883,-1.2658770840109868,Neutral,0.4338837391175582,-0.900968867902419,1.2246467991473532e-16,-1.0,30496.64602402635,29862.595567618322,0.03139964884070298,66.02451419909531,0.505700806620113,0.03535977616853181,-1.2658770840109868
2023-07-14 00:00:00+00:00,30312.01,60749.48424,21.34890650891366,-1.2658770840109868,0.4693666179510596,-0.0415804107822714,Bearish (<49%),-0.433883739117558,-0.9009688679024191,1.2246467991473532e-16,-1.0,30468.24048186845,29895.88552557252,-0.005127650281000821,53.948852854002915,0.7394133245469117,-0.036313716787853334,-0.0415804107822714
2023-07-15 00:00:00+00:00,30289.52,14118.55329,19.874449377442783,-0.0415804107822714,0.4554680410885073,-0.0814149417563571,Bearish (<49%),-0.9749279121818236,-0.2225209339563146,1.2246467991473532e-16,-1.0,30440.74502311946,29925.04363478937,-0.004967848947343614,53.74043674640326,0.7389196943489085,-0.0007419501379155591,-0.0814149417563571
2023-07-16 00:00:00+00:00,30231.99,15760.1281,19.98342388416448,-0.0814149417563571,0.4646182869541523,-0.1230472774491048,Bearish (<49%),-0.7818314824680299,0.6234898018587334,1.2246467991473532e-16,-1.0,30408.628865716466,29947.78040258275,-0.005808840197843051,53.174533279025084,0.7369410539747904,-0.0018993368003190625,-0.1230472774491048
2023-07-17 00:00:00+00:00,30138.0,30882.76839,20.6503161951618,-0.1230472774491048,0.4647322658627755,-0.3345142843519589,Bearish (<49%),0.0,1.0,1.2246467991473532e-16,-1.0,30366.99365560624,29961.870743132178,-0.007540873429990082,52.20727129995326,0.7280520031097331,-0.0031089584245033164,-0.3345142843519589
2023-07-18 00:00:00+00:00,29859.13,30003.8601,20.61474153900034,-0.3345142843519589,0.458980816604994,0.0416813639113742,Bearish (<49%),0.7818314824680298,0.6234898018587336,1.2246467991473532e-16,-1.0,30288.86078551297,29954.26031771498,-0.014187750029823098,49.33952814066162,0.7232618830186738,-0.009253102395646695,0.0416813639113742
2023-07-19 00:00:00+00:00,29909.21,25657.36137,20.46093289685896,0.0416813639113742,0.477873894871209,-0.14171627947243,Bearish (<49%),0.9749279121818236,-0.2225209339563143,1.2246467991473532e-16,-1.0,30230.45297235713,29950.9232571435,-0.01062646903276228,49.87204874950443,0.7222412237994724,0.0016772089474810237,-0.14171627947243
2023-07-20 00:00:00+00:00,29800.0,37540.68193,20.84189353240982,-0.14171627947243,0.4811136612722688,0.1014377681287454,Bearish (<49%),0.4338837391175582,-0.900968867902419,1.2246467991473532e-16,-1.0,30164.229438148337,29939.743756614353,-0.01207487958196275,48.6705691949255,0.45063189827691974,-0.003651383637347849,0.1014377681287454
2023-07-21 00:00:00+00:00,29901.72,23881.40865,20.3851650598384,0.1014377681287454,0.4843260533544782,-0.1400327302549449,Bearish (<49%),-0.433883739117558,-0.9009688679024191,1.2246467991473532e-16,-1.0,30123.8433707409,29936.927182050327,-0.00737367300736414,49.881681168528736,0.14118024056443282,0.003413422818792089,-0.1400327302549449
2023-07-22 00:00:00+00:00,29794.0,14660.40467,19.89724007997874,-0.1400327302549449,0.4587530427289358,0.3186713028082887,Bearish (<49%),-0.9749279121818236,-0.2225209339563146,1.2246467991473532e-16,-1.0,30073.09823678076,29926.339983379934,-0.009280661226963619,48.57460234084695,0.1413008271739036,-0.0036024683529910506,0.3186713028082887
2023-07-23 00:00:00+00:00,30083.75,18292.78637,20.12350028881381,0.3186713028082887,0.4859487652782335,-1.0539937689908632,Bearish (<49%),-0.7818314824680299,0.6234898018587334,1.2246467991473532e-16,-1.0,30074.73696958372,29937.99998461105,0.0002996877553874084,52.20267575156536,0.21186040018574112,0.009725112438746075,-1.0539937689908632
2023-07-24 00:00:00+00:00,29176.5,39628.99691,20.87389238329125,-1.0539937689908632,0.455415712413499,0.0457804967788308,Bearish (<49%),0.0,1.0,1.2246467991473532e-16,-1.0,29936.54666657084,29881.592578343567,-0.025388588571558925,42.170495495022244,0.44110586915789834,-0.03015747704325422,0.0457804967788308
2023-07-25 00:00:00+00:00,29228.91,21565.7478,20.260486213408804,0.0457804967788308,0.4756289763344075,0.1288497141683342,Bearish (<49%),0.7818314824680298,0.6234898018587336,1.2246467991473532e-16,-1.0,29827.679487098405,29833.24572068849,-0.020074289968061224,42.853718381691316,0.44126494587376974,0.001796308673075897,0.1288497141683342
2023-07-26 00:00:00+00:00,29351.96,33931.63366,20.718825163875948,0.1288497141683342,0.4711810465774079,-0.1675186876731734,Bearish (<49%),0.9749279121818236,-0.2225209339563143,1.2246467991473532e-16,-1.0,29754.49187369865,29797.594926563415,-0.013528440526133405,44.51128037556289,0.4477152692757946,0.0042098730332400525,-0.1675186876731734
2023-07-27 00:00:00+00:00,29222.78,22476.47626,20.307135290733527,-0.1675186876731734,0.4620367254132922,0.0915566441387166,Bearish (<49%),0.4338837391175582,-0.900968867902419,1.2246467991473532e-16,-1.0,29672.690046975782,29755.016043114276,-0.015162428693304053,43.09797184020184,0.4481656887666549,-0.004401068957575638,0.0915566441387166
2023-07-28 00:00:00+00:00,29314.14,23993.61627,20.37044784089493,0.0915566441387166,0.4760583515825312,0.0294637806694914,Bearish (<49%),-0.433883739117558,-0.9009688679024191,1.2246467991473532e-16,-1.0,29617.5285012872,29722.358558439144,-0.010243545516433486,44.44154871386267,0.44740532107243036,0.003126328159059444,0.0294637806694914
2023-07-29 00:00:00+00:00,29352.9,10851.36844,19.57843179462833,0.0294637806694914,0.5016042216330828,-0.1002448216733501,Neutral,-0.9749279121818236,-0.2225209339563146,1.2246467991473532e-16,-1.0,29576.816424166092,29694.99125781402,-0.007570673630145583,45.0345247220262,0.450147567158604,0.0013222287947045608,-0.1002448216733501
2023-07-30 00:00:00+00:00,29281.09,15706.97441,19.94636823955697,-0.1002448216733501,0.4915279250142994,-0.0734518636949803,Neutral,-0.7818314824680299,0.6234898018587334,1.2246467991473532e-16,-1.0,29531.32005121746,29664.331905383355,-0.008473378460003613,44.09552100570505,0.4136322213829926,-0.0024464362976061027,-0.0734518636949803
2023-07-31 00:00:00+00:00,29232.25,22605.48964,20.312323562823096,-0.0734518636949803,0.4879003275595494,0.5417307723254807,Bearish (<49%),0.0,1.0,1.2246467991473532e-16,-1.0,29485.30927410708,29632.32583831792,-0.008582554510605285,43.43222223841455,0.10890282768963079,-0.0016679706937139382,0.5417307723254807
2023-08-01 00:00:00+00:00,29705.99,44719.65162,20.984983904271896,0.5417307723254807,0.4881914274626454,-0.6184981622979927,Bearish (<49%),0.7818314824680298,0.6234898018587336,-0.4999999999999997,-0.8660254037844388,29519.260155013682,29637.78244288696,0.006325695292014431,51.1137945664358,0.23588618773591702,0.01620607377126304,-0.6184981622979927
2023-08-02 00:00:00+00:00,29186.01,48181.65141,21.073732369777115,-0.6184981622979927,0.4764015704790887,-0.007046538987751,Bearish (<49%),0.9749279121818236,-0.2225209339563143,-0.4999999999999997,-0.8660254037844388,29467.99090039619,29604.317817487925,-0.009569057535999225,44.044108946771644,0.3454879547189547,-0.01750421379661149,-0.007046538987751
2023-08-03 00:00:00+00:00,29193.64,26476.91994,20.466181128208557,-0.007046538987751,0.4872580462242392,-0.109947077893669,Bearish (<49%),0.4338837391175582,-0.900968867902419,-0.4999999999999997,-0.8660254037844388,29425.78306956601,29573.897238414742,-0.007889104225950273,44.16614332355489,0.341100040742425,0.00026142662186434684,-0.109947077893669
2023-08-04 00:00:00+00:00,29113.99,23551.95217,20.347325724770148,-0.109947077893669,0.4475055381364592,-0.0655298168424621,Bearish (<49%),-0.433883739117558,-0.9009688679024191,-0.4999999999999997,-0.8660254037844388,29377.814905017392,29539.830035569204,-0.008980412800283952,43.10919866748292,0.3386597485086226,-0.002728333979592712,-0.0655298168424621
2023-08-05 00:00:00+00:00,29072.13,11645.52018,19.639971310413557,-0.0655298168424621,0.4715543930301273,0.003241029219169,Bearish (<49%),-0.9749279121818236,-0.2225209339563146,-0.4999999999999997,-0.8660254037844388,29330.786458091643,29505.185588490003,-0.008818599476056156,42.533111695812764,0.33692382422320427,-0.0014377967430778682,0.003241029219169
2023-08-06 00:00:00+00:00,29088.42,13178.1972,19.76409239205686,0.003241029219169,0.4910569155847812,0.1290644014202765,Neutral,-0.7818314824680299,0.6234898018587334,-0.4999999999999997,-0.8660254037844388,29293.49931069293,29474.31406341667,-0.007000847133960226,42.853160980155245,0.3372288702858833,0.0005603304608226001,0.1290644014202765
2023-08-07 00:00:00+00:00,29211.06,30966.87746,20.617341379727065,0.1290644014202765,0.496514160972819,0.6430163328902241,Neutral,0.0,1.0,-0.4999999999999997,-0.8660254037844388,29280.816339817095,29454.81376242284,-0.0023823222347198053,45.322080323256614,0.3432222040493478,0.004216110740975276,0.6430163328902241
2023-08-08 00:00:00+00:00,29770.42,45700.53392,21.025541797429955,0.6430163328902241,0.5293071930482164,-0.2338885896970592,Bullish (>51%),0.7818314824680298,0.6234898018587336,-0.4999999999999997,-0.8660254037844388,29356.139979845233,29478.192002243373,0.014112210271486425,54.893889223556215,0.37171133988041033,0.019148911405474367,-0.2338885896970592
2023-08-09 00:00:00+00:00,29581.99,38003.88725,20.84583460279268,-0.2338885896970592,0.4920774987300805,-0.1629202287629585,Neutral,0.9749279121818236,-0.2225209339563143,-0.4999999999999997,-0.8660254037844388,29390.88613679212,29485.88074281794,0.006502147036956939,51.615890458319804,0.2836875795590728,-0.006329437072100319,-0.1629202287629585
2023-08-10 00:00:00+00:00,29455.75,23463.45373,20.35634352777074,-0.1629202287629585,0.4775113527159328,-0.0507706446797801,Bearish (<49%),0.4338837391175582,-0.900968867902419,-0.4999999999999997,-0.8660254037844388,29400.865192670255,29483.64883594254,0.0018667752452206042,49.48392320634174,0.29492327460047185,-0.0042674613844437825,-0.0507706446797801
2023-08-11 00:00:00+00:00,29426.03,20637.0443,20.224329342064863,-0.0507706446797801,0.4750651254840791,-0.0112019493478534,Bearish (<49%),-0.433883739117558,-0.9009688679024191,-0.4999999999999997,-0.8660254037844388,29404.736701490216,29479.38077402087,0.0007241451853811045,48.971093224931415,0.2910998164604362,-0.0010089710837443144,-0.0112019493478534
2023-08-12 00:00:00+00:00,29430.17,8971.48068,19.391267997075285,-0.0112019493478534,0.4661428162379992,-0.1637831630536239,Bearish (<49%),-0.9749279121818236,-0.2225209339563146,-0.4999999999999997,-0.8660254037844388,29408.649516645568,29475.735531500806,0.0007317739409369863,49.05030451657335,0.288609936639047,0.0001406917616817438,-0.1637831630536239
2023-08-13 00:00:00+00:00,29303.84,11101.70947,19.603219343886632,-0.1637831630536239,0.473536989434475,0.1332242401514791,Bearish (<49%),-0.7818314824680299,0.6234898018587334,-0.4999999999999997,-0.8660254037844388,29392.52497562317,29463.002529167414,-0.0030172629162252187,46.66965084253985,0.2993629293554752,-0.004292533818187172,0.1332242401514791
2023-08-14 00:00:00+00:00,29430.93,31443.11532,20.644886345100904,0.1332242401514791,0.4782004049845528,-0.2861025760413556,Bearish (<49%),0.0,1.0,-0.4999999999999997,-0.8660254037844388,29398.433440911915,29460.626786266126,0.0011053840386903832,49.33382259565878,0.2996163890437292,0.004336974266853755,-0.2861025760413556
2023-08-15 00:00:00+00:00,29200.0,27503.87691,20.508442522899013,-0.2861025760413556,0.4636306202113526,-0.5694258483790293,Bearish (<49%),0.7818314824680298,0.6234898018587336,-0.4999999999999997,-0.8660254037844388,29367.90521923316,29441.32109839456,-0.005717303225399832,44.94062663764257,0.14403509372368709,-0.007846507059070196,-0.5694258483790293
2023-08-16 00:00:00+00:00,28730.51,32996.69854,20.682309194826484,-0.5694258483790293,0.4473738641490162,-2.54024006849825,Bearish (<49%),0.9749279121818236,-0.2225209339563143,-0.4999999999999997,-0.8660254037844388,29269.844416274213,29388.66842443941,-0.01842628230624762,37.60818158942829,0.22494257398351192,-0.016078424657534285,-2.54024006849825
2023-08-17 00:00:00+00:00,26623.41,100271.54033,21.736981338336285,-2.54024006849825,0.4736737318853152,-0.752154105157708,Bearish (<49%),0.4338837391175582,-0.900968867902419,-0.4999999999999997,-0.8660254037844388,28862.700659924332,29183.834467073528,-0.07758423878308701,21.0266794514867,0.9280694375591457,-0.07334015302895769,-0.752154105157708
2023-08-18 00:00:00+00:00,26054.0,69790.65711,21.32988490029122,-0.752154105157708,0.480325692838286,0.044735541566219,Bearish (<49%),-0.433883739117558,-0.9009688679024191,-0.4999999999999997,-0.8660254037844388,28430.592866089817,28951.994876919933,-0.08359280009684442,18.635524193870694,0.9093697104655206,-0.0213875683092436,0.044735541566219
2023-08-19 00:00:00+00:00,26100.01,26160.75343,20.33852040731553,0.044735541566219,0.4951040884452081,0.1026109088901208,Neutral,-0.9749279121818236,-0.2225209339563146,-0.4999999999999997,-0.8660254037844388,28072.041655922152,28740.736737888827,-0.07024895731109493,19.432797443607868,0.9156153227331799,0.001765947647194288,0.1026109088901208
2023-08-20 00:00:00+00:00,26189.99,19056.91209,20.02587115296221,0.1026109088901208,0.5199756000973398,-0.0989278536213801,Bullish (>51%),-0.7818314824680299,0.6234898018587334,-0.4999999999999997,-0.8660254037844388,27782.495247318744,28551.792535082248,-0.05732045423358556,21.061859736428005,0.9414797518543107,0.003447508257659715,-0.0989278536213801
2023-08-21 00:00:00+00:00,26126.92,30267.24233,20.48526896459872,-0.0989278536213801,0.4642666975336567,-0.109468936751488,Bearish (<49%),0.0,1.0,-0.4999999999999997,-0.8660254037844388,27527.79136311586,28372.172347298376,-0.050889348318473186,20.745224623293183,0.9170719067043029,-0.0024081719771562593,-0.109468936751488
2023-08-22 00:00:00+00:00,26056.0,34247.06688,20.603110125900983,-0.109468936751488,0.4799514346029741,0.4815692849851143,Bearish (<49%),0.7818314824680298,0.6234898018587336,-0.4999999999999997,-0.8660254037844388,27301.361922636497,28200.604025276272,-0.045615377216911834,20.374308413608077,0.929039437050206,-0.0027144416563451568,0.4815692849851143
2023-08-23 00:00:00+00:00,26432.72,44023.69978,20.868513792225038,0.4815692849851143,0.498723763557339,-0.3450420791434902,Neutral,0.9749279121818236,-0.2225209339563143,-0.4999999999999997,-0.8660254037844388,27167.724703769345,28069.649653033586,-0.02705433420662448,27.762760275903887,1.0088381622434577,0.014458090267116974,-0.3450420791434902
2023-08-24 00:00:00+00:00,26180.05,30205.22116,20.49129212160441,-0.3450420791434902,0.4630965903512026,-0.1738550396992959,Bearish (<49%),0.4338837391175582,-0.900968867902419,-0.4999999999999997,-0.8660254037844388,27015.77474934329,27929.679308364433,-0.030934694899453385,26.018910671760608,0.3841844372624439,-0.009558985984038038,-0.1738550396992959
2023-08-25 00:00:00+00:00,26060.01,27753.33772,20.398381708956908,-0.1738550396992959,0.4777320506010835,-0.0723591988208873,Bearish (<49%),-0.433883739117558,-0.9009688679024191,-0.4999999999999997,-0.8660254037844388,26868.734018675095,27791.185285522624,-0.030099074192070002,25.20877977059328,0.2627122677605231,-0.0045851707693453925,-0.0723591988208873
2023-08-26 00:00:00+00:00,26017.37,10022.22322,19.380190073225577,-0.0723591988208873,0.4671524648001205,0.0956061718396607,Bearish (<49%),-0.9749279121818236,-0.2225209339563146,-0.4999999999999997,-0.8660254037844388,26737.754938878927,27659.7915606691,-0.026942611319674705,24.91205653145842,0.26207217652232534,-0.0016362234703670708,0.0956061718396607
2023-08-27 00:00:00+00:00,26101.77,12099.64216,19.569822518275085,0.0956061718396607,0.5099726552574345,0.007993749244442,Neutral,-0.7818314824680299,0.6234898018587334,-0.4999999999999997,-0.8660254037844388,26639.911102128324,27544.382556175093,-0.020200559231045277,26.749938697258855,0.26149067822057476,0.003243986613558514,0.007993749244442
2023-08-28 00:00:00+00:00,26120.0,22692.62655,20.197341700766252,0.007993749244442,0.480878908660311,2.087411897685989,Bearish (<49%),0.0,1.0,-0.4999999999999997,-0.8660254037844388,26559.924778723966,27438.87273719916,-0.01656347984375207,27.164624078025724,0.2600335649147772,0.0006984200688304742,2.087411897685989
2023-08-29 00:00:00+00:00,27716.34,74251.99488,21.428008554047587,2.087411897685989,0.5110374579339518,-0.533060158103978,Bullish (>51%),0.7818314824680298,0.6234898018587336,-0.4999999999999997,-0.8660254037844388,26737.834812766432,27459.425867777,0.03659627617889105,52.51523525100884,0.8300675290598359,0.061115620214395205,-0.533060158103978
2023-08-30 00:00:00+00:00,27299.99,35448.25848,20.69186438276144,-0.533060158103978,0.4715486130138375,-1.7296278718351856,Bearish (<49%),0.9749279121818236,-0.2225209339563143,-0.4999999999999997,-0.8660254037844388,26824.32022618698,27447.615803497225,0.01773278017120645,47.83851282344056,0.8796413137969293,-0.015021824670934159,-1.7296278718351856
2023-08-31 00:00:00+00:00,25940.78,51032.80401,21.03102490053234,-1.7296278718351856,0.4820059263288754,-0.1961277835031884,Bearish (<49%),0.4338837391175582,-0.900968867902419,-0.4999999999999997,-0.8660254037844388,26688.390960619752,27335.998336571505,-0.02801259025779771,36.43201850580968,1.1301389053556743,-0.04978793032524931,-0.1961277835031884
2023-09-01 00:00:00+00:00,25805.05,41032.15056,20.78101063766495,-0.1961277835031884,0.4864719501068237,0.0699297108072135,Bearish (<49%),-0.433883739117558,-0.9009688679024191,-0.8660254037844384,-0.5000000000000004,26552.492351293637,27222.594756084727,-0.028149611772968722,35.5211912629063,1.1305920570231935,-0.005232302189833948,0.0699297108072135
2023-09-02 00:00:00+00:00,25869.51,16250.77698,19.85531986041157,0.0699297108072135,0.4698184074150034,0.1192608140001764,Bearish (<49%),-0.9749279121818236,-0.2225209339563146,-0.8660254037844384,-0.5000000000000004,26447.418143402305,27122.366255634006,-0.021851212102020404,36.33524113424659,1.1313724252781991,0.002497960670488908,0.1192608140001764
2023-09-03 00:00:00+00:00,25971.21,17474.47667,19.9316249327042,0.1192608140001764,0.4911829488281894,-0.2084533949045377,Neutral,-0.7818314824680299,0.6234898018587334,-0.8660254037844384,-0.5000000000000004,26374.155352109643,27037.095421883336,-0.015278038167672075,37.67223946401991,1.1318393129774085,0.003931268895313478,-0.2084533949045377
2023-09-04 00:00:00+00:00,25826.02,21777.59609,20.14973625809921,-0.2084533949045377,0.4673320488606785,-0.0612485134456417,Bearish (<49%),0.0,1.0,-0.8660254037844384,-0.5000000000000004,26289.826836400465,26947.38613137346,-0.01764206509562419,36.49394716077166,1.1337462558091949,-0.005590421085501895,-0.0612485134456417
2023-09-05 00:00:00+00:00,25792.1,21323.39337,20.123415369800192,-0.0612485134456417,0.4655290181892845,-0.0589460288045966,Bearish (<49%),0.7818314824680298,0.6234898018587336,-0.8660254037844384,-0.5000000000000004,26213.25347695424,26861.80938090135,-0.01606643285712338,36.209008058274,0.6402317776062142,-0.0013134040785224288,-0.0589460288045966
2023-09-06 00:00:00+00:00,25759.95,27262.52386,20.36768055739513,-0.0589460288045966,0.4671873266542095,0.6453878949201208,Bearish (<49%),0.9749279121818236,-0.2225209339563143,-0.8660254037844384,-0.5000000000000004,26143.51448049974,26780.190167501252,-0.014671496473277805,35.92271541524664,0.6442786799771931,-0.0012465057129895651,0.6453878949201208
2023-09-07 00:00:00+00:00,26255.0,27687.49567,20.393264829154987,0.6453878949201208,0.4878083493349039,-0.4676489139987693,Bearish (<49%),0.4338837391175582,-0.900968867902419,-0.8660254037844384,-0.5000000000000004,26160.666098884394,26741.28719213079,0.0036059441590299817,43.35024465209649,0.29185403868339244,0.01921781680476853,-0.4676489139987693
2023-09-08 00:00:00+00:00,25910.5,28999.76471,20.44114764020457,-0.4676489139987693,0.4910005164659144,-0.027853068402744,Neutral,-0.433883739117558,-0.9009688679024191,-0.8660254037844384,-0.5000000000000004,26122.179006748334,26679.7474001211,-0.008103420725110633,39.88543450204835,0.3427350352607778,-0.01312131022662355,-0.027853068402744
2023-09-09 00:00:00+00:00,25901.61,10980.62277,19.464870193004007,-0.027853068402744,0.4746947053167914,-0.0957712849363212,Bearish (<49%),-0.9749279121818236,-0.2225209339563146,-0.8660254037844384,-0.5000000000000004,26088.245313402436,26622.107592704724,-0.0071540002464847525,39.7970378419551,0.3416609037302046,-0.0003431041469674767,-0.0957712849363212
2023-09-10 00:00:00+00:00,25841.61,18738.26914,19.99672206520822,-0.0957712849363212,0.466825972807006,-0.9205034740299252,Bearish (<49%),-0.7818314824680299,0.6234898018587334,-0.8660254037844384,-0.5000000000000004,26050.30141903283,26564.29295620808,-0.008011094216374564,39.16612937508351,0.3379055273940166,-0.002316458320544501,-0.9205034740299252
2023-09-11 00:00:00+00:00,25162.52,41682.32,20.77905231229704,-0.9205034740299252,0.47178041985187,0.9107593024816498,Bearish (<49%),0.0,1.0,-0.8660254037844384,-0.5000000000000004,25913.719662258547,26460.457922414887,-0.028988492275488123,32.82359877396692,0.476212854039726,-0.026278935406888304,0.9107593024816498
2023-09-12 00:00:00+00:00,25840.1,56434.38537,21.10470668432447,0.9107593024816498,0.4911990822307417,0.4926264478178829,Neutral,0.7818314824680298,0.6234898018587336,-0.8660254037844384,-0.5000000000000004,25902.393560372617,26414.505483717487,-0.002404934518017651,42.780298924151545,0.6225515255200375,0.026928145511657675,0.4926264478178829
2023-09-13 00:00:00+00:00,26222.0,31610.82753,20.53142456890949,0.4926264478178829,0.4836001324385449,0.378678537045396,Bearish (<49%),0.9749279121818236,-0.2225209339563143,-0.8660254037844384,-0.5000000000000004,25951.563781853754,26400.24581825693,0.010420806253507706,47.50316447817377,0.6485193196257145,0.01477935456906132,0.378678537045396
2023-09-14 00:00:00+00:00,26522.73,38333.1725,20.73841778399908,0.378678537045396,0.5071444235407335,0.0842264419607975,Neutral,0.4338837391175582,-0.900968867902419,-0.8660254037844384,-0.5000000000000004,26039.43550772241,26409.31872060827,0.018560098667817163,50.93734280359596,0.6165893235944864,0.011468614140797806,0.0842264419607975
2023-09-15 00:00:00+00:00,26600.0,26227.29369,20.35971481832629,0.0842264419607975,0.4804304744108731,-0.0682270824427046,Bearish (<49%),-0.433883739117558,-0.9009688679024191,-0.8660254037844384,-0.5000000000000004,26125.676198842037,26423.44325982247,0.01815546505085241,51.80964839055254,0.5749441830938898,0.0029133501717206745,-0.0682270824427046
2023-09-16 00:00:00+00:00,26559.67,13960.93351,19.73141572059635,-0.0682270824427046,0.466223373625966,-0.0577191326248381,Bearish (<49%),-0.9749279121818236,-0.2225209339563146,-0.8660254037844384,-0.5000000000000004,26192.444475943263,26433.53412946525,0.014020284528770039,51.29700940777227,0.5768441676150612,-0.001516165413533943,-0.0577191326248381
2023-09-17 00:00:00+00:00,26527.51,12998.10277,19.658195845354086,-0.0577191326248381,0.4892940687220001,0.2888523906974656,Bearish (<49%),-0.7818314824680299,0.6234898018587334,-0.8660254037844384,-0.5000000000000004,26243.993018105837,26440.495305060416,0.010803119087044483,50.86480334508481,0.5747387850700799,-0.0012108584180451354,0.2888523906974656
2023-09-18 00:00:00+00:00,26762.51,43000.43256,20.870633864469287,0.2888523906974656,0.5011976570218948,0.5597800683850613,Neutral,0.0,1.0,-0.8660254037844384,-0.5000000000000004,26323.76486147417,26464.34824542631,0.016667264004015945,53.92005683080556,0.34781285479213897,0.00885872816559119,0.5597800683850613
2023-09-19 00:00:00+00:00,27210.26,36190.52187,20.70463256635692,0.5597800683850613,0.4932549921253733,-0.1238877038720047,Neutral,0.7818314824680298,0.6234898018587336,-0.8660254037844384,-0.5000000000000004,26460.14872893968,26519.600967987324,0.028348717112081704,59.13402984201704,0.2567759304788541,0.016730493514995448,-0.1238877038720047
2023-09-20 00:00:00+00:00,27125.0,34207.21867,20.647686402991024,-0.1238877038720047,0.4964867510521866,-0.7226941301631377,Neutral,0.9749279121818236,-0.2225209339563143,-0.8660254037844384,-0.5000000000000004,26562.433539872036,26564.445340729002,0.021179025607104607,57.79303603861386,0.261274099211448,-0.0031333768953327734,-0.7226941301631377
2023-09-21 00:00:00+00:00,26568.08,34476.82662,20.64071881806551,-0.7226941301631377,0.489568898148202,-0.000421087676973,Bearish (<49%),0.4338837391175582,-0.900968867902419,-0.8660254037844384,-0.5000000000000004,26563.30222604557,26564.714574749076,0.00017986370496315702,49.84210731307772,0.39776042165053066,-0.020531612903225693,-0.000421087676973
2023-09-22 00:00:00+00:00,26580.14,18198.2292,19.99828039318062,-0.000421087676973,0.4662045244490051,-0.0214567585925065,Bearish (<49%),-0.433883739117558,-0.9009688679024191,-0.8660254037844384,-0.5000000000000004,26565.892652807786,26565.857198841735,0.000536302219481687,50.00251666032689,0.3958541824727116,0.00045392817245337724,-0.0214567585925065
2023-09-23 00:00:00+00:00,26575.96,9440.7026,19.340461209172485,-0.0214567585925065,0.4647108892086061,-0.4402823125463557,Bearish (<49%),-0.9749279121818236,-0.2225209339563146,-0.8660254037844384,-0.5000000000000004,26567.441475452742,26566.60555448309,0.0003206377458336533,49.942898606957556,0.39525464432502555,-0.00015726027026197187,-0.4402823125463557
2023-09-24 00:00:00+00:00,26248.38,15706.65771,19.84708076638397,-0.4402823125463557,0.4805009161939648,0.0579484544523638,Bearish (<49%),-0.7818314824680299,0.6234898018587334,-0.8660254037844384,-0.5000000000000004,26518.35509461386,26543.033291188047,-0.01018068781606646,45.376797245992094,0.4278805349338834,-0.012326177492741452,0.0579484544523638
2023-09-25 00:00:00+00:00,26304.81,26266.2039,20.34966647441866,0.0579484544523638,0.4817819171045116,-0.1248259905376219,Bearish (<49%),0.0,1.0,-0.8660254037844384,-0.5000000000000004,26485.502003134803,26525.387121470412,-0.006822298596168395,46.28780497042599,0.4042362285848093,0.0021498469619840588,-0.1248259905376219
2023-09-26 00:00:00+00:00,26221.67,18495.35066,20.0001086367484,-0.1248259905376219,0.4765392990932349,0.1825731373924747,Bearish (<49%),0.7818314824680298,0.6234898018587336,-0.8660254037844384,-0.5000000000000004,26444.912464190988,26502.88955691705,-0.008441792518439285,45.09449550775248,0.28300496988050605,-0.0031606386816709353,0.1825731373924747
2023-09-27 00:00:00+00:00,26372.99,34771.57978,20.638576650727284,0.1825731373924747,0.4835487822635823,0.8301398904827559,Bearish (<49%),0.9749279121818236,-0.2225209339563143,-0.8660254037844384,-0.5000000000000004,26433.847469700067,26493.267367515786,-0.0023022554612915896,47.73547194798539,0.31769176605822363,0.005770799495226742,0.8301398904827559
2023-09-28 00:00:00+00:00,27021.39,44517.83491,20.90008900537893,0.8301398904827559,0.5045886096081037,-0.1617958683200375,Neutral,0.4338837391175582,-0.900968867902419,-0.8660254037844384,-0.5000000000000004,26524.23862820775,26532.387562514617,0.018743285293156123,57.22903155312735,0.3877915167966183,0.024585759900564774,-0.1617958683200375
2023-09-29 00:00:00+00:00,26906.96,28478.76219,20.45907541548024,-0.1617958683200375,0.5059684632311612,0.0550757125076092,Neutral,-0.433883739117558,-0.9009688679024191,-0.8660254037844384,-0.5000000000000004,26583.11883925271,26560.13366899502,0.012182210925119263,55.319266097902236,0.39729331860983513,-0.004234793250828317,0.0550757125076092
2023-09-30 00:00:00+00:00,26962.56,12804.62307,19.66023125878859,0.0550757125076092,0.4858591061985864,1.2987613891695526,Bearish (<49%),-0.9749279121818236,-0.2225209339563146,-0.8660254037844384,-0.5000000000000004,26641.4944024446,26589.94302684724,0.012051335886245905,56.086072090506754,0.39617767957399846,0.002066379851161315,1.2987613891695526
2023-10-01 00:00:00+00:00,27992.57,24602.81468,20.329715152361977,1.2987613891695526,0.5209154768140537,-0.6284229992634044,Bullish (>51%),-0.7818314824680299,0.6234898018587334,-1.0,-1.8369701987210294e-16,26849.352186683893,26693.84132115485,0.04257897193821656,67.28667155771257,0.548401637808406,0.03820149125305594,-0.6284229992634044
2023-10-02 00:00:00+00:00,27494.51,57071.14241,21.193859594213727,-0.6284229992634044,0.4980382168593075,-0.1012292788786553,Neutral,0.0,1.0,-1.0,-1.8369701987210294e-16,26948.60723488637,26753.150112180418,0.020257179169056578,59.397489497562944,0.6516611448569045,-0.017792578530660186,-0.1012292788786553
2023-10-03 00:00:00+00:00,27426.46,28928.96555,20.492974067168547,-0.1012292788786553,0.4688047087808848,0.425821010359592,Bearish (<49%),0.7818314824680298,0.6234898018587336,-1.0,-1.8369701987210294e-16,27022.123044903856,26803.024918685573,0.014963182368174358,58.390154994837935,0.6497145338252327,-0.0024750395624435484,0.425821010359592
2023-10-04 00:00:00+00:00,27778.57,29816.142,20.525328650687445,0.425821010359592,0.5056892286735152,-0.4722192947566441,Neutral,0.9749279121818236,-0.2225209339563143,-1.0,-1.8369701987210294e-16,27138.49949953403,26875.287517301454,0.023585331255213966,61.9828480298198,0.6544454336951424,0.012838332034101452,-0.4722192947566441
2023-10-05 00:00:00+00:00,27410.39,30681.49619,20.56005913457209,-0.4722192947566441,0.4884375245977859,0.6377688398699205,Bearish (<49%),0.4338837391175582,-0.900968867902419,-1.0,-1.8369701987210294e-16,27180.328807298025,26914.924738242087,0.008464253480267029,56.49040893199624,0.6455938654105129,-0.013254101993011136,0.6377688398699205
2023-10-06 00:00:00+00:00,27931.09,37983.24277,20.774780281005302,0.6377688398699205,0.502622700636784,0.0154763281401631,Neutral,-0.433883739117558,-0.9009688679024191,-1.0,-1.8369701987210294e-16,27295.830529252176,26990.196239113044,0.02327313213888231,61.664215051601246,0.6701938619646948,0.01899644623808716,0.0154763281401631
2023-10-07 00:00:00+00:00,27956.67,13348.83825,19.73660703715871,0.0154763281401631,0.4788694544261183,-0.0648206880501653,Bearish (<49%),-0.9749279121818236,-0.2225209339563146,-1.0,-1.8369701987210294e-16,27397.498140136457,27061.786888067632,0.02040959568656281,61.90387946176087,0.6715273597644331,0.0009158253401495564,-0.0648206880501653
2023-10-08 00:00:00+00:00,27917.05,19693.56921,20.125137796533917,-0.0648206880501653,0.4679742210122204,-0.4191012449008911,Bearish (<49%),-0.7818314824680299,0.6234898018587334,-1.0,-1.8369701987210294e-16,27477.42919550008,27125.139711173735,0.015999342637626163,61.26501264886502,0.45011825879932904,-0.0014171931063320375,-0.4191012449008911
2023-10-09 00:00:00+00:00,27590.12,31534.74639,20.584020590577364,-0.4191012449008911,0.4781211760365135,-0.2655368133508649,Bearish (<49%),0.0,1.0,-1.0,-1.8369701987210294e-16,27494.766242346224,27159.582695531237,0.003468069406857332,56.118386478216905,0.4085198697446674,-0.01171076456860598,-0.2655368133508649
2023-10-10 00:00:00+00:00,27390.12,22776.84383,20.255274141248474,-0.2655368133508649,0.4764146977952914,-0.6626760638080176,Bearish (<49%),0.7818314824680298,0.6234898018587336,-1.0,-1.8369701987210294e-16,27478.666820446808,27176.65953289929,-0.0032223841507813392,53.17544815864111,0.4200704564540225,-0.007248971733359588,-0.6626760638080176
2023-10-11 00:00:00+00:00,26875.52,37349.44706,20.73030657858644,-0.6626760638080176,0.4674788724971287,-0.1644566749940449,Bearish (<49%),0.9749279121818236,-0.2225209339563143,-1.0,-1.8369701987210294e-16,27385.87500191653,27154.352900832677,-0.018635701867507046,46.42880202362361,0.4287497624579447,-0.018787796475517426,-0.1644566749940449
2023-10-12 00:00:00+00:00,26759.63,23428.64112,20.256312061583618,-0.1644566749940449,0.4750108797603196,0.1156218287594647,Bearish (<49%),0.4338837391175582,-0.900968867902419,-1.0,-1.8369701987210294e-16,27289.529617006294,27125.114167437663,-0.0194176896576506,45.04280262313099,0.4086025083340764,-0.004312102612340163,0.1156218287594647
2023-10-13 00:00:00+00:00,26862.0,24115.76499,20.288712431265232,0.1156218287594647,0.4648268008353982,-0.0282419824903898,Bearish (<49%),-0.433883739117558,-0.9009688679024191,-1.0,-1.8369701987210294e-16,27223.755829774556,27105.624229108947,-0.013288241050814335,46.56037832085007,0.2682218818065663,0.0038255386939205493,-0.0282419824903898
2023-10-14 00:00:00+00:00,26852.48,10417.25576,19.450510921255624,-0.0282419824903898,0.4203460384273026,0.3706155120573995,Bearish (<49%),-0.9749279121818236,-0.2225209339563146,-1.0,-1.8369701987210294e-16,27166.6364713477,27086.872804730505,-0.011564054743362823,46.431970395756174,0.26264276741158576,-0.00035440399076769324,0.3706155120573995
2023-10-15 00:00:00+00:00,27154.15,15274.6917,19.838168409001263,0.3706155120573995,0.5108248718368568,1.6907977172379294,Bullish (>51%),-0.7818314824680299,0.6234898018587334,-1.0,-1.8369701987210294e-16,27164.715475755747,27091.856300676394,-0.0003889411529149073,51.03981899457385,0.34283825704439874,0.011234344090378379,1.6907977172379294
2023-10-16 00:00:00+00:00,28500.78,78399.22445,21.516613741008623,1.6907977172379294,0.5196230194340908,-0.1426856451291686,Bullish (>51%),0.0,1.0,-1.0,-1.8369701987210294e-16,27370.263864101016,27196.22101914481,0.04130453917113213,65.36286382929352,0.7514066524613727,0.04959205130707445,-0.1426856451291686
2023-10-17 00:00:00+00:00,28395.91,38428.44532,20.81012380311203,-0.1426856451291686,0.4942710492665853,-0.1080519846268712,Neutral,0.7818314824680298,0.6234898018587336,-1.0,-1.8369701987210294e-16,27528.055577316245,27285.08686957853,0.03152617954603691,63.797611276592654,0.7414282154029601,-0.003679548419376566,-0.1080519846268712
2023-10-18 00:00:00+00:00,28320.0,32162.47591,20.634187079109022,-0.1080519846268712,0.4847308541676262,0.4624364779593355,Bearish (<49%),0.9749279121818236,-0.2225209339563143,-1.0,-1.8369701987210294e-16,27649.893180806055,27361.7471014616,0.024235421627564122,62.6284949369034,0.6633326721800235,-0.00267327231280845,0.4624364779593355
2023-10-19 00:00:00+00:00,28713.71,35895.50179,20.746966755075,0.4624364779593355,0.5133578446069691,1.1290608494494276,Bullish (>51%),0.4338837391175582,-0.900968867902419,-1.0,-1.8369701987210294e-16,27813.557306835894,27461.89250135333,0.032363810325796404,66.09853084651826,0.6403399932216134,0.013902189265536657,1.1290608494494276
2023-10-20 00:00:00+00:00,29669.04,59422.0992,21.284828980439947,1.1290608494494276,0.4958888976779871,0.2632500724091186,Neutral,-0.433883739117558,-0.9009688679024191,-1.0,-1.8369701987210294e-16,28099.016182707295,27625.38490866049,0.05587468995654482,72.71809906004962,0.6941912896128085,0.0332708660775638,0.2632500724091186
2023-10-21 00:00:00+00:00,29909.8,27517.51897,20.527207775002363,0.2632500724091186,0.5028114800278449,0.079073861856275,Neutral,-0.9749279121818236,-0.2225209339563146,-1.0,-1.8369701987210294e-16,28377.598308444634,27794.600841352305,0.05399335330993853,74.09111466626052,0.6666810143791503,0.00811485642946308,0.079073861856275
2023-10-22 00:00:00+00:00,29992.46,22852.54563,20.34325621314398,0.079073861856275,0.4884124780106609,3.515555228963247,Bearish (<49%),-0.7818314824680299,0.6234898018587334,-1.0,-1.8369701987210294e-16,28626.03856868392,27957.405223474358,0.04773351464742676,74.56441662138425,0.6866412086971296,0.002763642685674972,3.515555228963247
2023-10-23 00:00:00+00:00,33069.99,93513.64246,21.80222629472216,3.515555228963247,0.5115748848138708,0.8714464614225497,Bullish (>51%),0.0,1.0,-1.0,-1.8369701987210294e-16,29309.72340427101,28336.115206920702,0.12829416858915293,85.31818809250439,1.2970805052798773,0.10261012267749958,0.8714464614225497
2023-10-24 00:00:00+00:00,33922.73,115265.02418,22.09271787612041,0.8714464614225497,0.4980636599732851,0.5656403238716214,Neutral,0.7818314824680298,0.6234898018587336,-1.0,-1.8369701987210294e-16,30019.416726690855,28749.938524926576,0.13002628628152643,86.96293121974867,1.2369537299938993,0.02578591647593509,0.5656403238716214
2023-10-25 00:00:00+00:00,34496.05,54887.02529,21.3588955645406,0.5656403238716214,0.4764423583138586,-0.359651542480524,Bearish (<49%),0.9749279121818236,-0.2225209339563143,-1.0,-1.8369701987210294e-16,30708.129537969187,29175.57641196905,0.1233523669146708,87.94105304494398,1.1710328481567043,0.0169007624091575,-0.359651542480524
2023-10-26 00:00:00+00:00,34151.66,39744.66255,21.03301114658133,-0.359651542480524,0.4661866379338525,-0.2777064465463455,Bearish (<49%),0.4338837391175582,-0.900968867902419,-1.0,-1.8369701987210294e-16,31237.903455204698,29544.175196267643,0.0932763157096521,83.87043805303034,1.2691447671915437,-0.009983461874620403,-0.2777064465463455
2023-10-27 00:00:00+00:00,33892.02,32330.40106,20.8157442140886,-0.2777064465463455,0.442627490560428,0.175866663181936,Bearish (<49%),-0.433883739117558,-0.9009688679024191,-1.0,-1.8369701987210294e-16,31646.229077480897,29866.237774321893,0.07096551431200944,80.83262664443994,1.3305058749685459,-0.007602558704320916,0.175866663181936
2023-10-28 00:00:00+00:00,34081.0,16880.13144,20.171508010065462,0.175866663181936,0.4924906905819686,0.4332403879542082,Neutral,-0.9749279121818236,-0.2225209339563146,-1.0,-1.8369701987210294e-16,32020.809219406914,30178.442383631384,0.06433912292711398,81.36178438872695,1.3353088276850518,0.005575943835746777,0.4332403879542082
2023-10-29 00:00:00+00:00,34525.89,20685.52176,20.3831009702014,0.4332403879542082,0.4860385479587729,-0.0670438432628049,Bearish (<49%),-0.7818314824680299,0.6234898018587334,-1.0,-1.8369701987210294e-16,32406.20626257508,30500.475540399428,0.06540980824012331,82.58096521284399,1.316520692475622,0.013053901000557477,-0.0670438432628049
2023-10-30 00:00:00+00:00,34474.73,33657.95976,20.871489191387194,-0.0670438432628049,0.4527181064643355,0.1487225208847322,Bearish (<49%),0.0,1.0,-1.0,-1.8369701987210294e-16,32724.440683717374,30794.8647596291,0.05348569080826237,81.91737132898545,0.45675638682211084,-0.0014817865665446295,0.1487225208847322
2023-10-31 00:00:00+00:00,34639.77,32737.89822,20.841442079276685,0.1487225208847322,0.4839588324677735,0.7606035829594225,Bearish (<49%),0.7818314824680298,0.6234898018587336,-1.0,-1.8369701987210294e-16,33019.10673237624,31079.672555212128,0.04908258968843173,82.40847070067106,0.34566586386577236,0.004787274621149917,0.7606035829594225
2023-11-01 00:00:00+00:00,35421.43,53473.28165,21.341877395720196,0.7606035829594225,0.4820912819364996,-0.4822864440351025,Bearish (<49%),0.9749279121818236,-0.2225209339563143,-0.8660254037844386,0.5000000000000001,33388.69492739528,31401.284217789005,0.060880938204531984,84.54881207060433,0.3948762756974915,0.022565392322177802,-0.4822864440351025
2023-11-02 00:00:00+00:00,34941.59,48015.57732,21.245708736940117,-0.4822864440351025,0.4853290286336601,-0.2374832728939486,Bearish (<49%),0.4338837391175582,-0.900968867902419,-0.8660254037844386,0.5000000000000001,33627.60186164216,31663.529090545373,0.03907469059982717,78.2544497910109,0.42134479513779505,-0.013546601591183705,-0.2374832728939486
2023-11-03 00:00:00+00:00,34716.78,39071.20644,21.021860276034023,-0.2374832728939486,0.4906133809673065,0.3262706667235778,Neutral,-0.433883739117558,-0.9009688679024191,-0.8660254037844386,0.5000000000000001,33795.167729081826,31889.695824579052,0.027270534009662447,75.42147249959092,0.41558977453179574,-0.006433880083877019,0.3262706667235778
2023-11-04 00:00:00+00:00,35062.07,18377.55545,20.276914042256497,0.3262706667235778,0.5021977223853241,-0.0653117693987015,Neutral,-0.9749279121818236,-0.2225209339563146,-0.8660254037844386,0.5000000000000001,33990.07577076154,32124.686504239864,0.031538447765409046,76.81010067503807,0.423702220396423,0.009945910882288134,-0.0653117693987015
2023-11-05 00:00:00+00:00,35011.88,24528.73376,20.57168798090285,-0.0653117693987015,0.4839357810372353,0.0175851519221462,Bearish (<49%),-0.7818314824680299,0.6234898018587334,-0.8660254037844386,0.5000000000000001,34147.27642141361,32338.552689110984,0.025319840092552646,76.13674842481852,0.4049363278029046,-0.0014314614054447006,0.0175851519221462
2023-11-06 00:00:00+00:00,35046.09,22346.47086,20.477912082838905,0.0175851519221462,0.481967704765351,0.3306553186306014,Bearish (<49%),0.0,1.0,-0.8660254037844386,0.5000000000000001,34285.555433503825,32539.1110084361,0.022182360964552946,76.28932520902704,0.40194517792437867,0.00097709691681791,0.3306553186306014
2023-11-07 00:00:00+00:00,35399.12,38688.73692,21.02930195948184,0.3306553186306014,0.5007986877437713,0.2033008337862816,Neutral,0.7818314824680298,0.6234898018587336,-0.8660254037844386,0.5000000000000001,34456.873059118625,32750.963526329724,0.02734568918267012,77.8623432672028,0.41382632566529376,0.010073306323187703,0.2033008337862816
2023-11-08 00:00:00+00:00,35624.72,33401.34137,20.89342385062014,0.2033008337862816,0.5147345524105817,1.023855247977189,Bullish (>51%),0.9749279121818236,-0.2225209339563143,-0.8660254037844386,0.5000000000000001,34636.54181925422,32963.83437623123,0.028529931940158626,78.82893838350063,0.30261683146509594,0.006373039781779832,1.023855247977189
2023-11-09 00:00:00+00:00,36701.09,82537.88885,21.83295584804393,1.023855247977189,0.5107570952852158,0.5471318649288881,Bullish (>51%),0.4338837391175582,-0.900968867902419,-0.8660254037844386,0.5000000000000001,34954.16461629203,33240.66812614002,0.04997760360989232,82.70828211234911,0.4084871609862874,0.030214132209319677,0.5471318649288881
2023-11-10 00:00:00+00:00,37301.63,43414.04898,21.196432691991603,0.5471318649288881,0.4926646855687958,-0.1744046429488952,Neutral,-0.433883739117558,-0.9009688679024191,-0.8660254037844386,0.5000000000000001,35315.31313686249,33541.480116796316,0.05624520035939226,84.4232554115317,0.3646348211332182,0.016363001752808914,-0.1744046429488952
2023-11-11 00:00:00+00:00,37130.0,22984.97235,20.563008598172125,-0.1744046429488952,0.4667683631126926,-0.0771024226146462,Bearish (<49%),-0.9749279121818236,-0.2225209339563146,-0.8660254037844386,0.5000000000000001,35594.49573119134,33807.29640444103,0.04313881225919726,81.9225718149766,0.4136953379353006,-0.004601139414014854,-0.0771024226146462
2023-11-12 00:00:00+00:00,37064.13,17687.18874,20.30101688452974,-0.0771024226146462,0.4809390929810364,-0.5743169360114964,Bearish (<49%),-0.7818314824680299,0.6234898018587334,-0.8660254037844386,0.5000000000000001,35820.59331100806,34048.5433374454,0.03471569212143078,80.9317518791254,0.4153041115292499,-0.0017740371667116506,-0.5743169360114964
2023-11-13 00:00:00+00:00,36462.93,32798.18252,20.91226294781936,-0.5743169360114964,0.4708323429380074,-0.8766429173698095,Bearish (<49%),0.0,1.0,-0.8660254037844386,0.5000000000000001,35919.41434008374,34227.38679393093,0.015131529004628842,72.33285470385073,0.5213385920543301,-0.016220534516795504,-0.8766429173698095
2023-11-14 00:00:00+00:00,35551.19,45503.68416,21.21743192918464,-0.8766429173698095,0.4660103141415616,2.2174074930201977,Bearish (<49%),0.7818314824680298,0.6234898018587336,-0.8660254037844386,0.5000000000000001,35862.764441609324,34325.44629067679,-0.008687964981523336,61.63728263471672,0.6484509351497023,-0.025004573137704433,2.2174074930201977
2023-11-15 00:00:00+00:00,37858.2,53569.13385,21.397866925259088,2.2174074930201977,0.5253424944073461,-1.5567210201350468,Bullish (>51%),0.9749279121818236,-0.2225209339563143,-0.8660254037844386,0.5000000000000001,36169.75452751558,34587.13175062666,0.04668114269893536,72.6553230625962,1.0628302188782421,0.06489262384747163,-1.5567210201350468
2023-11-16 00:00:00+00:00,36163.51,47490.39566,21.27973573261345,-1.5567210201350468,0.4677587746170401,0.4126214195148447,Bearish (<49%),0.4338837391175582,-0.900968867902419,-0.8660254037844386,0.5000000000000001,36168.79383097472,34703.9005098395,-0.00014608811671766768,59.203835465658614,1.2068816722218711,-0.044764146208747246,0.4126214195148447
2023-11-17 00:00:00+00:00,36613.92,38283.61112,21.053450527737223,0.4126214195148447,0.4807112905915443,-0.0591157387720453,Bearish (<49%),-0.433883739117558,-0.9009688679024191,-0.8660254037844386,0.5000000000000001,36237.27478005553,34845.38343503657,0.010393861630890866,61.25688691208756,1.196431398317688,0.012454819789339933,-0.0591157387720453
2023-11-18 00:00:00+00:00,36568.1,17102.24186,20.25235630873915,-0.0591157387720453,0.4737126060033395,0.729154998146455,Bearish (<49%),-0.9749279121818236,-0.2225209339563146,-0.8660254037844386,0.5000000000000001,36288.170967739294,34972.99206947831,0.007714057357962896,60.92101062707681,1.195867310610219,-0.0012514366120863762,0.729154998146455
2023-11-19 00:00:00+00:00,37359.86,21246.34648,20.4767664484382,0.729154998146455,0.4977445388059962,0.0658730364908182,Neutral,-0.7818314824680299,0.6234898018587334,-0.8660254037844386,0.5000000000000001,36453.04620347171,35149.79710136881,0.024876214499789173,64.53923636343023,1.233681771860345,0.021651658139197894,0.0658730364908182
2023-11-20 00:00:00+00:00,37448.78,36022.70291,21.018709690478744,0.0658730364908182,0.48833721789146,-1.5849980288446983,Bearish (<49%),0.0,1.0,-0.8660254037844386,0.5000000000000001,36606.23601832222,35320.09213089704,0.023016405763653717,64.93193081885528,1.2037644837773676,0.0023800945720888755,-1.5849980288446983
2023-11-21 00:00:00+00:00,35741.65,47646.54804,21.28672992266591,-1.5849980288446983,0.4695286773182152,1.588905621357645,Bearish (<49%),0.7818314824680298,0.6234898018587336,-0.8660254037844386,0.5000000000000001,36473.222784734186,35351.31863971949,-0.020057804846364793,52.83488612719099,1.3263402168807659,-0.04558573069670091,1.588905621357645
2023-11-22 00:00:00+00:00,37408.34,45051.30697,21.228359678846893,1.588905621357645,0.5115658854325131,-0.1209854630179839,Bullish (>51%),0.9749279121818236,-0.2225209339563143,-0.8660254037844386,0.5000000000000001,36617.086971698154,35503.69059233286,0.02160884695479497,60.560385294798095,1.1652345017803094,0.046631590875071405,-0.1209854630179839
2023-11-23 00:00:00+00:00,37294.28,23827.92882,20.605412778799423,-0.1209854630179839,0.4652670991149956,0.3709045778102715,Bearish (<49%),0.4338837391175582,-0.900968867902419,-0.8660254037844386,0.5000000000000001,36721.270514513824,35636.32684475265,0.01560429357311307,59.83803770711576,0.966889238914083,-0.003049052697874255,0.3709045778102715
2023-11-24 00:00:00+00:00,37713.57,44680.80646,21.2472341527791,0.3709045778102715,0.5001962616768758,0.0451916712639944,Neutral,-0.433883739117558,-0.9009688679024191,-0.8660254037844386,0.5000000000000001,36873.93197381939,35790.19670810431,0.022770504289500705,61.648962980729095,0.9651086278520438,0.011242742854936427,0.0451916712639944
2023-11-25 00:00:00+00:00,37780.67,11396.14464,19.879679999245955,0.0451916712639944,0.4522504165057701,-0.3196211176986179,Bearish (<49%),-0.9749279121818236,-0.2225209339563146,-0.8660254037844386,0.5000000000000001,37013.43013169333,35937.63917417066,0.020728688629420223,61.94469173167975,0.9622980298359882,0.001779200431038408,-0.3196211176986179
2023-11-26 00:00:00+00:00,37447.43,21264.53723,20.496768158819425,-0.3196211176986179,0.479884245757461,-0.2042100347049625,Bearish (<49%),-0.7818314824680299,0.6234898018587334,-0.8660254037844386,0.5000000000000001,37080.199342202046,36049.4755316395,0.0099036861805648,59.49117907555725,0.9396181799619076,-0.008820383545342092,-0.2042100347049625
2023-11-27 00:00:00+00:00,37242.7,30001.07376,20.829927197887123,-0.2042100347049625,0.4819373578314219,0.5164203436046807,Bearish (<49%),0.0,1.0,-0.8660254037844386,0.5000000000000001,37105.19944340173,36137.86252929583,0.0037056951225393786,57.97199125972437,0.9423135611827543,-0.005467130855174918,0.5164203436046807
2023-11-28 00:00:00+00:00,37818.87,37544.46667,21.069943146852616,0.5164203436046807,0.4839211631288834,0.0165088162072912,Bearish (<49%),0.7818314824680298,0.6234898018587336,-0.8660254037844386,0.5000000000000001,37214.99491364762,36262.38160119984,0.016226660456452907,60.99108502623442,0.6565475057738634,0.0154706828452289,0.0165088162072912
2023-11-29 00:00:00+00:00,37854.64,32994.19107,20.9484764549356,0.0165088162072912,0.4724760397042823,-0.1348592205785019,Bearish (<49%),0.9749279121818236,-0.2225209339563143,-0.8660254037844386,0.5000000000000001,37313.401850009526,36380.326667777634,0.014505194465144566,61.177539934930664,0.30327420419001155,0.0009458241348827556,-0.1348592205785019
2023-11-30 00:00:00+00:00,37723.96,24740.29147,20.65551261708893,-0.1348592205785019,0.4642004421785415,0.8585029859114691,Bearish (<49%),0.4338837391175582,-0.900968867902419,-0.8660254037844386,0.5000000000000001,37376.56464231575,36479.855062757066,0.009294469970922484,60.04830176577714,0.3045705583150715,-0.0034521527611939273,0.8585029859114691
2023-12-01 00:00:00+00:00,38682.52,43415.66324,21.23594021728273,0.8585029859114691,0.5161333799308325,0.6671301208959384,Bullish (>51%),-0.433883739117558,-0.9009688679024191,-0.5000000000000004,0.8660254037844384,37577.48085119025,36643.015428478764,0.029406951285153624,65.13236446221853,0.4245829784931934,0.025409845625962824,0.6671301208959384
2023-12-02 00:00:00+00:00,39450.35,26696.92161,20.76577151097793,0.6671301208959384,0.4931899659572772,0.4392854843892009,Neutral,-0.9749279121818236,-0.2225209339563146,-0.5000000000000004,0.8660254037844384,37865.614566391756,36850.96613748033,0.041851570395870466,68.58136615516666,0.4710184239241019,0.019849534104810163,0.4392854843892009
2023-12-03 00:00:00+00:00,39972.26,26710.65335,20.781403265719284,0.4392854843892009,0.499175222159064,1.7222545773941376,Neutral,-0.7818314824680299,0.6234898018587334,-0.5000000000000004,0.8660254037844384,38189.71386386995,37082.17309025957,0.0466760799120955,70.70272146237293,0.4155623329782344,0.013229540422328379,1.7222545773941376
2023-12-04 00:00:00+00:00,41991.1,79272.33059,21.91285676940477,1.7222545773941376,0.4868737775557306,1.6906298664114905,Bearish (<49%),0.0,1.0,-0.5000000000000004,0.8660254037844384,38774.54250019765,37445.797305795895,0.08295539527735125,77.13411516289334,0.6113099360027545,0.05050602592898157,1.6906298664114905
2023-12-05 00:00:00+00:00,44073.32,67490.74644,21.784593405573197,1.6906298664114905,0.5158604692711708,-0.2586208070782388,Bullish (>51%),0.7818314824680298,0.6234898018587336,-0.5000000000000004,0.8660254037844384,39589.73903862878,37936.72491277398,0.1132510865251339,81.61655203574318,0.7378143088672526,0.04958717442505667,-0.2586208070782388
2023-12-06 00:00:00+00:00,43762.69,51431.10492,21.537293254366105,-0.2586208070782388,0.4878881167151872,-0.4010562422863593,Bearish (<49%),0.9749279121818236,-0.2225209339563143,-0.5000000000000004,0.8660254037844384,40231.731494224354,38368.27788219813,0.08776551181453751,79.12460286366742,0.7890348154805156,-0.007048028149456376,-0.4010562422863593
2023-12-07 00:00:00+00:00,43273.14,47103.26845,21.439614690849528,-0.4010562422863593,0.4805542686284649,0.6980682324350125,Bearish (<49%),0.4338837391175582,-0.900968867902419,-0.5000000000000004,0.8660254037844384,40699.640495112915,38731.601002035306,0.0632315045926782,75.22635630280053,0.8413363266060557,-0.011186469570312108,0.6980682324350125
2023-12-08 00:00:00+00:00,44170.99,42900.37556,21.352184717816822,0.6980682324350125,0.4852796353934762,-0.3724385436109211,Bearish (<49%),-0.433883739117558,-0.9009688679024191,-0.5000000000000004,0.8660254037844384,41233.69426509554,39134.51870558825,0.07123532798250604,77.42325718071565,0.8376502398071257,0.02074843655902936,-0.3724385436109211
2023-12-09 00:00:00+00:00,43713.6,24925.97008,20.81537736703428,-0.3724385436109211,0.4652981489898346,0.0437230727053911,Bearish (<49%),-0.9749279121818236,-0.2225209339563146,-0.5000000000000004,0.8660254037844384,41615.218224311604,39473.70991258171,0.05042342357494885,73.83131970549445,0.9222195131603808,-0.010354986383596998,0.0437230727053911
2023-12-10 00:00:00+00:00,43789.51,18956.61758,20.53752062118308,0.0437230727053911,0.4664284856032845,-2.0093743793051395,Bearish (<49%),-0.7818314824680299,0.6234898018587334,-0.5000000000000004,0.8660254037844384,41949.72465134059,39793.398807946025,0.043856911194305445,74.0465234781264,0.9387163873189079,0.0017365305076681992,-2.0093743793051395
2023-12-11 00:00:00+00:00,41253.4,76663.89804,21.888146660512263,-2.0093743793051395,0.4760942715299479,0.1833447802044519,Bearish (<49%),0.0,1.0,-0.5000000000000004,0.8660254037844384,41842.597781903576,39901.54704439447,-0.014081290673553631,57.13976683734592,1.1327306265338686,-0.05791592552645597,0.1833447802044519
2023-12-12 00:00:00+00:00,41492.39,42722.69773,21.29648089665967,0.1833447802044519,0.5007855944681235,1.125869166562811,Neutral,0.7818314824680298,0.6234898018587336,-0.5000000000000004,0.8660254037844384,41788.71966161072,40019.387263328215,-0.007091140001662744,58.11040664596045,0.8452812578964296,0.005793219467971067,1.125869166562811
2023-12-13 00:00:00+00:00,42869.03,45865.99773,21.37543652640883,1.125869166562811,0.4873975268476079,0.1069773729804148,Bearish (<49%),0.9749279121818236,-0.2225209339563143,-0.5000000000000004,0.8660254037844384,41954.921252132146,40230.47191048909,0.021787879004096518,63.270357960384466,1.0042436457786714,0.033178132182793085,0.1069773729804148
2023-12-14 00:00:00+00:00,43022.26,42047.05709,21.310352604367232,0.1069773729804148,0.4894467022020066,-0.8816082974383632,Bearish (<49%),0.4338837391175582,-0.900968867902419,-0.5000000000000004,0.8660254037844384,42119.12721334258,40437.27102823064,0.021442343334486875,63.80479748738304,0.9975796152842179,0.0035743752541170792,-0.8816082974383632
2023-12-15 00:00:00+00:00,41940.3,33421.7932,21.071736474370493,-0.8816082974383632,0.488338146380488,0.2611086162641839,Bearish (<49%),-0.433883739117558,-0.9009688679024191,-0.5000000000000004,0.8660254037844384,42091.6153343668,40548.60650762096,-0.003594904428465809,57.44838876611742,0.9834818417206076,-0.02514884155318664,0.2611086162641839
2023-12-16 00:00:00+00:00,42278.03,24118.85747,20.743528777777875,0.2611086162641839,0.5055589853361325,-0.7514668153074068,Neutral,-0.9749279121818236,-0.2225209339563146,-0.5000000000000004,0.8660254037844384,42120.29451369498,40676.71195150089,0.0037448808971108785,58.82722208114019,1.0001670851398012,0.008052636724105389,-0.7514668153074068
2023-12-17 00:00:00+00:00,41374.65,27722.11452,20.873377206558583,-0.7514668153074068,0.4778085751880084,1.051348720594778,Bearish (<49%),-0.7818314824680299,0.6234898018587334,-0.5000000000000004,0.8660254037844384,42005.57997312652,40728.41106620453,-0.015020146693133713,53.804915426105325,1.0172390720010545,-0.02136759919986808,1.051348720594778
2023-12-18 00:00:00+00:00,42657.8,46734.0925,21.38389153348662,1.051348720594778,0.4976195634910424,-0.324100518687514,Neutral,0.0,1.0,-0.5000000000000004,0.8660254037844384,42105.921515722446,40871.3287650042,0.013106909061982744,59.14079955281095,0.7806641919308029,0.03101295116695857,-0.324100518687514
2023-12-19 00:00:00+00:00,42275.99,40927.86444,21.281640994167187,-0.324100518687514,0.4926633660439284,1.117973535611742,Neutral,0.7818314824680298,0.6234898018587336,-0.5000000000000004,0.8660254037844384,42132.085897918994,40975.37774537426,0.0034155465843695963,57.029898971329445,0.8010514489989544,-0.00895053190741213,1.117973535611742
2023-12-20 00:00:00+00:00,43668.93,48710.2947,21.472705383831325,1.117973535611742,0.4909051970896821,0.1359661925318802,Neutral,0.9749279121818236,-0.2225209339563143,-0.5000000000000004,0.8660254037844384,42368.523452085305,41174.90013460579,0.030692751173765343,62.31463296127823,0.7993436723569729,0.03294872574243679,0.1359661925318802
2023-12-21 00:00:00+00:00,43861.8,34624.29384,21.13837094339509,0.1359661925318802,0.4926857289517504,0.0681052802779994,Neutral,0.4338837391175582,-0.900968867902419,-0.5000000000000004,0.8660254037844384,42598.258305610645,41373.92975426462,0.029661815873418842,62.9932958772666,0.7995643238676632,0.004416641305385882,0.0681052802779994
2023-12-22 00:00:00+00:00,43969.04,32783.19638,21.08517918471765,0.0681052802779994,0.489556374063364,-0.2249499246963485,Bearish (<49%),-0.433883739117558,-0.9009688679024191,-0.5000000000000004,0.8660254037844384,42809.14779705516,41566.160142837616,0.027094494112415688,63.388098890067745,0.6793456041595342,0.0024449520995490914,-0.2249499246963485
2023-12-23 00:00:00+00:00,43702.16,16557.1293,20.398842080469944,-0.2249499246963485,0.4690007246606451,-0.575724765171024,Bearish (<49%),-0.9749279121818236,-0.2225209339563146,-0.5000000000000004,0.8660254037844384,42946.53428981591,41724.382354479276,0.017594567819720002,61.626088122746964,0.6993130414605611,-0.006069725424980743,-0.575724765171024
2023-12-24 00:00:00+00:00,42991.5,25144.33496,20.812613398246484,-0.575724765171024,0.4709317688790445,0.4519922821446108,Bearish (<49%),-0.7818314824680299,0.6234898018587334,-0.5000000000000004,0.8660254037844384,42953.452091382685,41818.24292081414,0.0008857939645076327,57.076338844925814,0.6636647673584747,-0.016261438793872096,0.4519922821446108
2023-12-25 00:00:00+00:00,43576.13,27021.23992,20.88202307869432,0.4519922821446108,0.5066843468521336,-0.8589487701062479,Neutral,0.0,1.0,-0.5000000000000004,0.8660254037844384,43049.248692708425,41948.45677853161,0.012239036064311492,59.71150393794025,0.5633485341378479,0.013598734633590404,-0.8589487701062479
2023-12-26 00:00:00+00:00,42508.93,41010.04282,21.28078434845143,-0.8589487701062479,0.514414638204467,0.7287754145830424,Bullish (>51%),0.7818314824680298,0.6234898018587336,-0.5000000000000004,0.8660254037844384,42966.12273998405,41989.97331345519,-0.01064077256285889,53.281160756530966,0.657681707810572,-0.024490472192000512,0.7287754145830424
2023-12-27 00:00:00+00:00,43428.85,36191.21136,21.16415149161796,0.7287754145830424,0.5245149846236039,-0.7016337918194416,Bullish (>51%),0.9749279121818236,-0.2225209339563143,-0.5000000000000004,0.8660254037844384,43037.31154921727,42096.55677171777,0.009097651240016796,57.527128523164784,0.5579133141722988,0.021640629392459365,-0.7016337918194416
2023-12-28 00:00:00+00:00,42563.76,35150.52485,21.13432111912728,-0.7016337918194416,0.4956631280571049,-0.4177717440093813,Neutral,0.4338837391175582,-0.900968867902419,-0.5000000000000004,0.8660254037844384,42964.457464722305,42131.16441825719,-0.009326254498879964,52.67855059252736,0.6021381548311521,-0.01991970775187457,-0.4177717440093813
2023-12-29 00:00:00+00:00,42066.95,42597.18912,21.31276563650979,-0.4177717440093813,0.4975760541450487,0.0439517150655861,Neutral,-0.433883739117558,-0.9009688679024191,-0.5000000000000004,0.8660254037844384,42826.37939322657,42126.407794682586,-0.017732747992857022,50.06866530836776,0.5996065955523682,-0.011672136108276221,0.0439517150655861
2023-12-30 00:00:00+00:00,42140.28,22906.57818,20.68750993701365,0.0439517150655861,0.511979414290677,0.1009946104505376,Bullish (>51%),-0.9749279121818236,-0.2225209339563146,-0.5000000000000004,0.8660254037844384,42720.82564042248,42127.43536544684,-0.01358928887069939,50.458813897743624,0.6084078751099128,0.0017431736790995966,0.1009946104505376
2023-12-31 00:00:00+00:00,42283.58,23585.91603,20.724783925622383,0.1009946104505376,0.5086573120475915,1.5272223294939469,Neutral,-0.7818314824680299,0.6234898018587334,-0.5000000000000004,0.8660254037844384,42653.55708035749,42139.001634673004,-0.00867400295971718,51.26028712773354,0.5903826461246371,0.0034005469351414686,1.5272223294939469
2024-01-01 00:00:00+00:00,44179.55,27174.29903,20.880265895174908,1.5272223294939469,0.5274002388866772,0.5817601659045656,Bullish (>51%),0.0,1.0,0.0,1.0,42888.325221840954,42290.15336543797,0.030106672887788354,60.39068848302478,0.8420963702789017,0.04483939155577654,0.5817601659045656
2024-01-02 00:00:00+00:00,44946.91,65146.40661,21.80314774267869,0.5817601659045656,0.5190945476463019,-1.625384896535527,Bullish (>51%),0.7818314824680298,0.6234898018587336,0.0,1.0,43205.03057232696,42486.9501531833,0.04031658824444214,63.38067745931876,0.751103439678594,0.017369122139089255,-1.625384896535527
2024-01-03 00:00:00+00:00,42845.23,81194.55173,21.97805662338402,-1.625384896535527,0.4816085659298214,1.0329635309519123,Bearish (<49%),0.9749279121818236,-0.2225209339563143,0.0,1.0,43149.676638122815,42513.48940109565,-0.00705559489300629,51.83873714260719,0.9964322302662678,-0.04675916542427505,1.0329635309519123
2024-01-04 00:00:00+00:00,44151.1,48038.06334,21.462864906942677,1.0329635309519123,0.4913999222434099,-0.0207136879874058,Neutral,0.4338837391175582,-0.900968867902419,0.0,1.0,43303.7417707193,42634.793889903376,0.019567783166803732,57.069939119620614,1.0283826218493985,0.030478772082679795,-0.0207136879874058
2024-01-05 00:00:00+00:00,44145.11,48075.25327,21.46565732823501,-0.0207136879874058,0.499530686299804,-0.1538782190609133,Neutral,-0.433883739117558,-0.9009688679024191,0.0,1.0,43433.183036762486,42746.66915731794,0.01639131450796339,57.039334313576376,1.000641692101603,-0.00013567045894657959,-0.1538782190609133
2024-01-06 00:00:00+00:00,43968.32,17835.06144,20.476358248755545,-0.1538782190609133,0.5073473259646926,-0.0468075996991529,Neutral,-0.9749279121818236,-0.2225209339563146,0.0,1.0,43515.51180033749,42837.161812331426,0.010405673308868211,56.08339120784012,1.0096699869277463,-0.00400474707164622,-0.0468075996991529
2024-01-07 00:00:00+00:00,43929.02,23023.8508,20.73779487359278,-0.0468075996991529,0.5044127314271859,2.3516578419836542,Neutral,-0.7818314824680299,0.6234898018587334,0.0,1.0,43579.12844643941,42918.04019660317,0.008028879099558317,55.85927542955001,1.0137723579774554,-0.0008938253724500855,2.3516578419836542
2024-01-08 00:00:00+00:00,46951.04,72814.57589,21.916816160630503,2.3516578419836542,0.531882591179369,-0.6325720367841042,Bullish (>51%),0.0,1.0,0.0,1.0,44097.88407006412,43216.780922780716,0.06470051772558277,66.83451457443931,1.2221643768212613,0.06879324874536241,-0.6325720367841042
2024-01-09 00:00:00+00:00,46110.0,69927.66617,21.90236444958607,-0.6325720367841042,0.4980211152097714,0.3900034462219881,Neutral,0.7818314824680298,0.6234898018587336,0.0,1.0,44407.44036697734,43431.09344701918,0.03833951290488552,62.19935772391358,1.2615174813613672,-0.01791312822889546,0.3900034462219881
2024-01-10 00:00:00+00:00,46653.99,89911.41203,22.14004320458316,0.3900034462219881,0.5217446076183039,-0.2483010903766924,Bullish (>51%),0.9749279121818236,-0.2225209339563143,0.0,1.0,44753.06338744236,43669.82652501776,0.042475899271982274,63.94129575703846,0.9964315183059241,0.011797657774886172,-0.2483010903766924
2024-01-11 00:00:00+00:00,46339.16,87470.3296,22.135505587805607,-0.2483010903766924,0.5038985048022501,-2.6575243267266555,Neutral,0.4338837391175582,-0.900968867902419,0.0,1.0,44997.07825091277,43867.554930572,0.02982597540230319,62.15609476650688,0.98205180242706,-0.006748190240534524,-2.6575243267266555
2024-01-12 00:00:00+00:00,42782.73,86327.93707,22.065473436127466,-2.6575243267266555,0.4831295878897341,0.0364558318912053,Bearish (<49%),-0.433883739117558,-0.9009688679024191,0.0,1.0,44656.409289233874,43787.197528307406,-0.04195767906681186,46.397347831682765,1.4770681317749703,-0.07674783056058854,0.0364558318912053
2024-01-13 00:00:00+00:00,42847.99,36118.47464,21.1598229477532,0.0364558318912053,0.4913855974511331,-0.9121821553439848,Neutral,-0.9749279121818236,-0.2225209339563146,0.0,1.0,44378.19093704405,43717.62660028464,-0.03448092192885531,46.66456924457664,1.478574639405612,0.0015253818538460973,-0.9121821553439848
2024-01-14 00:00:00+00:00,41732.35,28228.40894,20.90742968090151,-0.9121821553439848,0.4849833534401106,0.6262092316411865,Bearish (<49%),-0.7818314824680299,0.6234898018587334,0.0,1.0,43971.13848519112,43570.56907433763,-0.05091495381556053,42.74174444823931,1.5077825249519148,-0.0260371606696137,0.6262092316411865
2024-01-15 00:00:00+00:00,42511.1,40269.89303,21.264998622115687,0.6262092316411865,0.4947805618742663,0.4914633377728818,Neutral,0.0,1.0,0.0,1.0,43746.517179777096,43492.08988364596,-0.028240355105301953,46.14501315765982,1.0994303362254139,0.018660583456239666,0.4914633377728818
2024-01-16 00:00:00+00:00,43137.95,45045.74589,21.38179421732069,0.4914633377728818,0.5342248461989004,-0.3047465727004315,Bullish (>51%),0.7818314824680298,0.6234898018587336,0.0,1.0,43652.891459811384,43465.857299672185,-0.01179627379976566,48.78386601755944,1.1550344000141997,0.014745560571238991,-0.3047465727004315
2024-01-17 00:00:00+00:00,42776.1,33266.21388,21.0738441357002,-0.3047465727004315,0.5004538643939002,-1.1815878433281577,Neutral,0.9749279121818236,-0.2225209339563143,0.0,1.0,43518.00046599425,43414.76416636314,-0.01704812854565746,47.341804818539444,1.1124354881563827,-0.008388205744593757,-1.1815878433281577
2024-01-18 00:00:00+00:00,41327.5,43907.51641,21.33271969763375,-1.1815878433281577,0.4802171720010524,0.2600548342442556,Bearish (<49%),0.4338837391175582,-0.900968867902419,0.0,1.0,43181.00039430283,43260.152005891796,-0.042923979930473616,41.99046261295038,1.1433537397613864,-0.0338647048234878,0.2600548342442556
2024-01-19 00:00:00+00:00,41659.03,48342.74559,21.413331507797785,0.2600548342442556,0.503643305791809,0.0145325096169049,Neutral,-0.433883739117558,-0.9009688679024191,0.0,1.0,42946.851102871624,43141.55037582573,-0.029986391779617934,43.562788261678165,0.6934590028363302,0.008022019236585853,0.0145325096169049
2024-01-20 00:00:00+00:00,41696.04,15923.99493,20.311935574625345,0.0145325096169049,0.4745898471596662,-0.1115560926942833,Bearish (<49%),-0.9749279121818236,-0.2225209339563146,0.0,1.0,42754.41862550676,43034.47553317197,-0.02475483609722961,43.746094275244374,0.6925749252739528,0.0008884028264701804,-0.1115560926942833
2024-01-21 00:00:00+00:00,41580.33,11730.16301,20.00818296061949,-0.1115560926942833,0.4754034914302525,-1.68171125505627,Bearish (<49%),-0.7818314824680299,0.6234898018587334,0.0,1.0,42573.78960619803,42926.76104923331,-0.023335005302262204,43.27287394450502,0.6051085892350015,-0.00277508367701107,-1.68171125505627
2024-01-22 00:00:00+00:00,39568.02,55426.19911,21.5330630354496,-1.68171125505627,0.4833118683970318,0.2706360146966437,Bearish (<49%),0.0,1.0,0.0,1.0,42111.36351293679,42677.965415956765,-0.06039565810201011,35.98285852850826,0.7891378222395071,-0.048395719803089654,0.2706360146966437
2024-01-23 00:00:00+00:00,39897.6,57956.63351,21.545620320624405,0.2706360146966437,0.533398334198725,0.1455128016455767,Bullish (>51%),0.7818314824680298,0.6234898018587336,0.0,1.0,41770.78451094651,42472.01242218219,-0.04484436988382692,37.83018200917551,0.7530585945184203,0.008329453937801379,0.1455128016455767
2024-01-24 00:00:00+00:00,40084.88,39293.82861,21.17415349203783,0.1455128016455767,0.5261146083570706,-0.1223327126824721,Bullish (>51%),0.9749279121818236,-0.2225209339563143,0.0,1.0,41511.41458618551,42295.187798316845,-0.03436487530974776,38.908977936457276,0.7803514835896368,0.004694016682707636,-0.1223327126824721
2024-01-25 00:00:00+00:00,39961.09,31022.11853,20.937419739096303,-0.1223327126824721,0.5056150235139986,1.588019193077964,Neutral,0.4338837391175582,-0.900968867902419,0.0,1.0,41272.903111387735,42122.29166510819,-0.03178388270501361,38.43423686003877,0.6835560170423839,-0.003088196846292135,1.588019193077964
2024-01-26 00:00:00+00:00,41823.51,47384.96726,21.39196696240421,1.588019193077964,0.5207296097644281,0.2284635285426584,Bullish (>51%),-0.433883739117558,-0.9009688679024191,0.0,1.0,41357.611863481936,42100.15968991499,0.011265112164985673,48.596226264788065,0.9548541118832694,0.04660583582680067,0.2284635285426584
2024-01-27 00:00:00+00:00,42120.63,16224.41667,20.335275210385884,0.2284635285426584,0.4613817514833339,-0.0892337580985948,Bearish (<49%),-0.9749279121818236,-0.2225209339563146,0.0,1.0,41474.9992691001,42101.67600918055,0.015566744840931334,50.0137456549744,0.9582642943197908,0.007104138318376307,-0.0892337580985948
2024-01-28 00:00:00+00:00,42031.06,27294.99838,20.866817018615517,-0.0892337580985948,0.4752221641274924,1.0252538617731484,Bearish (<49%),-0.7818314824680299,0.6234898018587334,0.0,1.0,41560.54707385393,42096.44519368569,0.01132114371136542,49.56996538315867,0.9576923216846338,-0.0021265114030820653,1.0252538617731484
2024-01-29 00:00:00+00:00,43302.7,31542.74207,21.01851590997394,1.0252538617731484,0.5071495126992934,-0.3034494682710713,Neutral,0.0,1.0,0.0,1.0,41828.570600953324,42185.79740156083,0.03524216529199484,55.59423324043779,0.6346612075099468,0.03025476873531141,-0.3034494682710713
2024-01-30 00:00:00+00:00,42941.1,37619.24546,21.21383839641558,-0.3034494682710713,0.5134951457370353,-0.3054689067240294,Bullish (>51%),0.7818314824680298,0.6234898018587336,0.0,1.0,41999.72897003743,42241.74574218595,0.022413740589472386,53.63227329021108,0.6938053886290279,-0.008350518558888909,-0.3054689067240294
2024-01-31 00:00:00+00:00,42580.0,39871.13688,21.26073275507814,-0.3054689067240294,0.508888129051012,0.3904849796783828,Neutral,0.9749279121818236,-0.2225209339563143,0.0,1.0,42089.00143618552,42266.80161313514,0.011665721377565132,51.67120493337429,0.735960808570464,-0.008409193057467013,0.3904849796783828
2024-02-01 00:00:00+00:00,43082.94,35231.04664,21.12681006176832,0.3904849796783828,0.5147404000030582,0.0774714476363759,Bullish (>51%),0.4338837391175582,-0.900968867902419,0.4999999999999999,0.8660254037844387,42241.91506138775,42327.25630845846,0.019909725621815182,54.18399999039119,0.7133981789358437,0.011811648661343321,0.0774714476363759
2024-02-02 00:00:00+00:00,43200.0,29672.14418,20.96849915280097,0.0774714476363759,0.527281446365633,-0.166549751931445,Bullish (>51%),-0.433883739117558,-0.9009688679024191,0.4999999999999999,0.8660254037844387,42389.31274425117,42391.90398931339,0.019124803004945547,54.77341598098114,0.46646190326540843,0.0027170847671955656,-0.166549751931445
2024-02-03 00:00:00+00:00,43011.09,12033.40998,20.066981495849856,-0.166549751931445,0.4729985706013483,-0.3586996378969983,Bearish (<49%),-0.9749279121818236,-0.2225209339563146,0.4999999999999999,0.8660254037844387,42484.97078359714,42437.76961973462,0.012383654894873593,53.57556547974565,0.47858964874024285,-0.004372916666666726,-0.3586996378969983
2024-02-04 00:00:00+00:00,42582.88,17066.89404,20.40992341266376,-0.3586996378969983,0.4937703773310589,0.085649900524773,Neutral,-0.7818314824680299,0.6234898018587334,0.4999999999999999,0.8660254037844387,42500.03373996681,42448.518536791315,0.0019493222179556974,50.86038337821554,0.5054712281686047,-0.00995580442160382,0.085649900524773
2024-02-05 00:00:00+00:00,42708.7,29467.75905,20.95645527141246,0.085649900524773,0.508490299332755,0.2984464612043896,Neutral,0.0,1.0,0.4999999999999999,0.8660254037844387,42532.13624151038,42467.791237769736,0.004151302381969131,51.63597339259679,0.276725829074594,0.0029547085589325395,0.2984464612043896
2024-02-06 00:00:00+00:00,43098.95,24675.85433,20.782524427437604,0.2984464612043896,0.5191707601558045,0.982690914723065,Bullish (>51%),0.7818314824680298,0.6234898018587336,0.4999999999999999,0.8660254037844387,42619.33835820109,42514.54373867568,0.011253380748615508,54.058049517500294,0.28998190183502165,0.009137482526979213,0.982690914723065
2024-02-07 00:00:00+00:00,44349.6,34392.59915,21.126069869119192,0.982690914723065,0.5162702970647683,0.7127085842630625,Bullish (>51%),0.9749279121818236,-0.2225209339563143,0.4999999999999999,0.8660254037844387,42885.53245693938,42650.47383210711,0.03413896153745242,60.82844061960607,0.4343585914644993,0.029018108329785353,0.7127085842630625
2024-02-08 00:00:00+00:00,45288.65,45439.62231,21.43764214067322,0.7127085842630625,0.500257766557127,1.3854168379126433,Neutral,0.4338837391175582,-0.900968867902419,0.4999999999999999,0.8660254037844387,43255.24284817947,42845.89428898806,0.04700949568027019,64.99924098649015,0.47470861365336614,0.021173809910348673,1.3854168379126433
2024-02-09 00:00:00+00:00,47132.77,73503.481,21.962521796955603,1.3854168379126433,0.5082883651455908,0.4354701282387169,Neutral,-0.433883739117558,-0.9009688679024191,0.4999999999999999,0.8660254037844387,43851.78548692109,43163.44063795191,0.07481986141835582,71.43219636073442,0.6339437442061393,0.04071925305788526,0.4354701282387169
2024-02-10 00:00:00+00:00,47751.09,24802.35936,20.885452182182608,0.4354701282387169,0.513688997690581,0.3795875560222376,Bullish (>51%),-0.9749279121818236,-0.2225209339563146,0.4999999999999999,0.8660254037844387,44451.678488933234,43503.26651662214,0.07422467774503025,73.21011823388145,0.5796247682249063,0.013118685789101692,0.3795875560222376
2024-02-11 00:00:00+00:00,48299.99,29958.80837,21.090208308990285,0.3795875560222376,0.5254342143916186,1.1363986523744023,Bullish (>51%),-0.7818314824680299,0.6234898018587334,0.4999999999999999,0.8660254037844387,45043.726413712735,43858.579367242724,0.0722911678394342,74.71454552998037,0.4483792753406765,0.011495025558578842,1.1363986523744023
2024-02-12 00:00:00+00:00,49917.27,59009.96705,21.78736289016249,1.1363986523744023,0.521902233293994,-0.1661332549286723,Bullish (>51%),0.0,1.0,0.4999999999999999,0.8660254037844387,45793.50235006462,44307.371265965485,0.09005137057243576,78.53868262442982,0.4178712736927465,0.03348406490353306,-0.1661332549286723
2024-02-13 00:00:00+00:00,49699.59,55551.56706,21.733056154148414,-0.1661332549286723,0.5114129964923441,1.4351738279476214,Bullish (>51%),0.7818314824680298,0.6234898018587336,0.4999999999999999,0.8660254037844387,46394.43891159313,44706.79487589397,0.07124024270893738,76.85388966809194,0.526462866400332,-0.004360815405169416,1.4351738279476214
2024-02-14 00:00:00+00:00,51795.17,57046.37401,21.7947139840248,1.4351738279476214,0.5200070787110839,0.0403249144819946,Bullish (>51%),0.9749279121818236,-0.2225209339563143,0.4999999999999999,0.8660254037844387,47225.320617501886,45231.85969990183,0.09676693186503235,81.06501598109281,0.5914211898112564,0.04216493536465804,0.0403249144819946
2024-02-15 00:00:00+00:00,51880.0,53816.03055,21.753893937375537,0.0403249144819946,0.496554396281091,0.1459005074034952,Neutral,0.4338837391175582,-0.900968867902419,0.4999999999999999,0.8660254037844387,47941.42513788621,45724.314536946134,0.08215389615110316,81.21401524413095,0.6518588221800903,0.001637797501195637,0.1459005074034952
2024-02-16 00:00:00+00:00,52124.11,37772.25318,21.398760048663327,0.1459005074034952,0.4847446826310826,-0.3339598108996062,Bearish (<49%),-0.433883739117558,-0.9009688679024191,0.4999999999999999,0.8660254037844387,48584.91511667295,46198.373460135306,0.07284555041061501,81.66122401244473,0.5884152136559804,0.004705281418658558,-0.3339598108996062
2024-02-17 00:00:00+00:00,51642.64,25674.00622,21.000828287037685,-0.3339598108996062,0.4929310923100649,0.3138724847350388,Neutral,-0.9749279121818236,-0.2225209339563146,0.4999999999999999,0.8660254037844387,49055.33432949249,46601.65246308825,0.05274259580271572,77.73081359405468,0.6662881153922544,-0.00923699224792518,0.3138724847350388
2024-02-18 00:00:00+00:00,52137.67,21992.10363,20.853600515399645,0.3138724847350388,0.5129726155260027,-0.2556318920324999,Bullish (>51%),-0.7818314824680299,0.6234898018587334,0.4999999999999999,0.8660254037844387,49529.53981726288,47011.72783619282,0.052658074198946844,78.85755485947472,0.6667043970228184,0.009585683458475325,-0.2556318920324999
2024-02-19 00:00:00+00:00,51774.73,29534.99432,21.15478881816361,-0.2556318920324999,0.516890637411167,0.3057583370060294,Bullish (>51%),0.0,1.0,0.4999999999999999,0.8660254037844387,49874.95369153013,47364.54281128965,0.038090788418967465,75.82827749663593,0.6037201992284478,-0.0069611856456185395,0.3057583370060294
2024-02-20 00:00:00+00:00,52258.82,49614.47318,21.66906682595322,0.3057583370060294,0.5037693442661684,-0.2856947709877722,Neutral,0.7818314824680298,0.6234898018587336,0.4999999999999999,0.8660254037844387,50241.70235437164,47727.081862305226,0.04014827426429438,77.09229551434235,0.5862182379450827,0.009349928044047662,-0.2856947709877722
2024-02-21 00:00:00+00:00,51849.39,43079.40049,21.516384267048544,-0.2856947709877722,0.5162498242091947,-0.3884164028661006,Bullish (>51%),0.9749279121818236,-0.2225209339563143,0.4999999999999999,0.8660254037844387,50489.03891523754,48032.43802065298,0.02694349335994003,73.5873053917941,0.28069165312918093,-0.007834658340927003,-0.3884164028661006
2024-02-22 00:00:00+00:00,51288.42,35309.44574,21.32262401905598,-0.3884164028661006,0.504977263911025,-0.3812825281153003,Neutral,0.4338837391175582,-0.900968867902419,0.4999999999999999,0.8660254037844387,50612.020620585616,48273.62187097499,0.01336440179863651,68.96110250443095,0.312837317480015,-0.010819220824005882,-0.3812825281153003
2024-02-23 00:00:00+00:00,50744.15,30545.79544,21.16740251824632,-0.3812825281153003,0.4783247202941394,0.5428882622834021,Bearish (<49%),-0.433883739117558,-0.9009688679024191,0.4999999999999999,0.8660254037844387,50632.3482174186,48456.623954606475,0.0022081097661384,64.71044966523144,0.3153180778692793,-0.010611947102289299,0.5428882622834021
2024-02-24 00:00:00+00:00,51568.22,16560.4211,20.5581475244154,0.5428882622834021,0.5109867810064322,0.091163414869958,Bullish (>51%),-0.9749279121818236,-0.2225209339563146,0.4999999999999999,0.8660254037844387,50776.328491661894,48687.11255056155,0.015595682710067262,67.93329974394919,0.39302120376624305,0.016239704478250294,0.091163414869958
2024-02-25 00:00:00+00:00,51728.85,18721.63159,20.689658498313893,0.091163414869958,0.5097940675799827,1.8120773707209532,Neutral,-0.7818314824680299,0.6234898018587334,0.4999999999999999,0.8660254037844387,50922.87026217545,48912.42643570514,0.015827460896743993,68.53648191894564,0.36969662579321794,0.0031149029382824267,1.8120773707209532
2024-02-26 00:00:00+00:00,54476.47,51256.72199,21.7203631961952,1.8120773707209532,0.5306393864848867,1.601886073137905,Bullish (>51%),0.0,1.0,0.4999999999999999,0.8660254037844387,51469.57791414846,49324.5778108381,0.05842076441479768,76.63318813683424,0.7796217385389603,0.05311581448263403,1.601886073137905
2024-02-27 00:00:00+00:00,57037.34,67194.98562,22.05720031276361,1.601886073137905,0.5204295905019347,3.239278870001032,Bullish (>51%),0.7818314824680298,0.6234898018587336,0.4999999999999999,0.8660254037844387,52326.15669658715,49895.893528553795,0.09003495767385719,81.42978815805898,0.9355185217631367,0.04700873606531397,3.239278870001032
2024-02-28 00:00:00+00:00,62432.1,118763.46984,22.692136366668443,3.239278870001032,0.5226071572649161,-0.7333274045270753,Bullish (>51%),0.9749279121818236,-0.2225209339563143,0.4999999999999999,0.8660254037844387,53880.917204804515,50824.501415327584,0.15870521956209355,87.33011431558134,1.346194515158693,0.09458295215029322,-0.7333274045270753
2024-02-29 00:00:00+00:00,61130.98,78425.07603,22.306814059190163,-0.7333274045270753,0.5031945304701287,0.6916204394113411,Neutral,0.4338837391175582,-0.900968867902419,0.4999999999999999,0.8660254037844387,54996.311480988436,51587.94427345147,0.11154690839825229,80.67255732598294,1.4074579888394123,-0.020840561185672013,0.6916204394113411
2024-03-01 00:00:00+00:00,62387.9,47737.93473,21.80728461578553,0.6916204394113411,0.5068443504489244,-0.2370550280419586,Neutral,-0.433883739117558,-0.9009688679024191,0.8660254037844386,0.5000000000000001,56133.47894545176,52387.94099393654,0.111420513605188,82.09277260361289,1.3014061076113514,0.02056109684484042,-0.2370550280419586
2024-03-02 00:00:00+00:00,61987.28,25534.73659,21.182314032625207,-0.2370550280419586,0.4970240113998372,0.6095361145203739,Neutral,-0.9749279121818236,-0.2225209339563146,0.8660254037844386,0.5000000000000001,57034.06372307456,53099.00314253384,0.08684663083057656,80.07312210153755,1.3814923295071384,-0.006421437490282567,0.6095361145203739
2024-03-03 00:00:00+00:00,63113.97,28994.90903,21.31356948322738,0.6095361145203739,0.5140621750038303,2.7824239970916467,Bullish (>51%),-0.7818314824680299,0.6234898018587334,0.8660254037844386,0.5000000000000001,57969.43391952463,53840.85253938319,0.08874566702888997,81.45495546770675,1.34278062835508,0.018176148396896963,2.7824239970916467
2024-03-04 00:00:00+00:00,68245.71,84835.16005,22.440459351202847,2.7824239970916467,0.5342016962458715,-2.296426329277909,Bullish (>51%),0.0,1.0,0.8660254037844386,0.5000000000000001,59550.399470366996,54907.8790179474,0.14601598993403736,86.16188938870505,1.4835680801445976,0.08130909844524137,-2.296426329277909
2024-03-05 00:00:00+00:00,63724.01,132696.7813,22.883656589680697,-2.296426329277909,0.497313081850916,1.2532185479097944,Neutral,0.7818314824680298,0.6234898018587336,0.8660254037844386,0.5000000000000001,60192.49339800284,55560.92575735871,0.05867038234562206,69.43825070349776,1.940876136605297,-0.0662561793261438,1.2532185479097944
2024-03-06 00:00:00+00:00,66074.04,78738.85491,22.37149033689129,1.2532185479097944,0.5123814158348421,0.3741740073406064,Bullish (>51%),0.9749279121818236,-0.2225209339563143,0.8660254037844386,0.5000000000000001,61097.34672138702,56339.674960517325,0.08145514569245434,72.43300585795495,1.603003864279254,0.03687825044280779,0.3741740073406064
2024-03-07 00:00:00+00:00,66823.17,53059.8869,21.98967471486086,0.3741740073406064,0.5264930751294157,0.6540534800283845,Bullish (>51%),0.4338837391175582,-0.900968867902419,0.8660254037844386,0.5000000000000001,61978.2426104044,57116.23014862715,0.07817142251113575,73.3301698374484,1.5378414390778383,0.011337735667442228,0.6540534800283845
2024-03-08 00:00:00+00:00,68124.19,74261.932842,22.341543627156152,0.6540534800283845,0.5078175740622747,0.0794826249383741,Neutral,-0.433883739117558,-0.9009688679024191,0.8660254037844386,0.5000000000000001,62923.772978034496,57931.63458206218,0.08264630005230096,74.8603850097774,1.5369389819771306,0.01946959415424332,0.0794826249383741
2024-03-09 00:00:00+00:00,68313.27,19872.89743,21.0277785046596,0.0794826249383741,0.5034792754928439,0.3077161048527841,Neutral,-0.9749279121818236,-0.2225209339563146,0.8660254037844386,0.5000000000000001,63752.92636602919,58700.64461302054,0.07153151853435229,75.08413066079265,1.5179440365358712,0.002775519239201163,0.3077161048527841
2024-03-10 00:00:00+00:00,68955.88,38404.66835,21.701331587911845,0.3077161048527841,0.4996475653720885,1.542336003636824,Neutral,-0.7818314824680299,0.6234898018587334,0.8660254037844386,0.5000000000000001,64553.38077125547,59460.291678722715,0.06819935960201318,75.87015690652048,1.518394518183501,0.009406810711886537,1.542336003636824
2024-03-11 00:00:00+00:00,72078.1,75292.825726,22.40086776128042,1.542336003636824,0.5237664422705027,-0.3150053219183952,Bullish (>51%),0.0,1.0,0.8660254037844386,0.5000000000000001,65711.02988337,60394.94414696548,0.09689499811418055,79.28888923839905,1.2495388659627489,0.04527851721999632,-0.3150053219183952
2024-03-12 00:00:00+00:00,71452.01,68783.546691,22.31447215499173,-0.3150053219183952,0.5018236859472153,0.764484726169211,Neutral,0.7818314824680298,0.6234898018587336,0.8660254037844386,0.5000000000000001,66594.25759362077,61213.986062005075,0.0729455148523881,76.93496589258991,0.6517935903550595,-0.008686272251904659,0.764484726169211
2024-03-13 00:00:00+00:00,73072.41,52659.711647,22.066069150325216,0.764484726169211,0.5086826607894281,-0.8089711908506256,Neutral,0.9749279121818236,-0.2225209339563143,0.8660254037844386,0.5000000000000001,67590.89642537142,62092.38783518989,0.08109840029538357,78.69766184560218,0.5877632239208146,0.02267815838910625,-0.8089711908506256
2024-03-14 00:00:00+00:00,71388.94,71757.628746,22.358798276214447,-0.8089711908506256,0.4971840478771218,-0.9268021361572144,Neutral,0.4338837391175582,-0.900968867902419,0.8660254037844386,0.5000000000000001,68175.21082146814,62781.02132887953,0.047139262787873545,72.49866854028164,0.7680098505853886,-0.02303838069662678,-0.9268021361572144
2024-03-15 00:00:00+00:00,69499.85,103334.03546,22.6784584726621,-0.9268021361572144,0.4823644497005498,-2.095578086990853,Bearish (<49%),-0.433883739117558,-0.9009688679024191,0.8660254037844386,0.5000000000000001,68379.0014643192,63278.71234155512,0.01639170668886819,66.19734392322016,0.8772837323295378,-0.026461942143979122,-2.095578086990853
2024-03-16 00:00:00+00:00,65300.63,55926.95336,22.055247666915744,-2.095578086990853,0.4870674568066619,1.6140875765961966,Bearish (<49%),-0.9749279121818236,-0.2225209339563146,0.8660254037844386,0.5000000000000001,67905.40585442394,63428.48401995844,-0.03835888795080728,54.79610223169923,1.2060119256508564,-0.06042056205876711,1.6140875765961966
2024-03-17 00:00:00+00:00,68393.48,49742.21589,21.92412288260642,1.6140875765961966,0.5091911145657649,-0.4103199102516645,Neutral,-0.7818314824680299,0.6234898018587334,0.8660254037844386,0.5000000000000001,67980.49418451256,63796.261499961525,0.006075063449325813,60.229236405115856,1.3883639898042957,0.04736324902225286,-0.4103199102516645
2024-03-18 00:00:00+00:00,67609.99,55691.08088,22.04988394689051,-0.4103199102516645,0.5122844042383399,-2.9037421359969504,Bullish (>51%),0.0,1.0,0.8660254037844386,0.5000000000000001,67923.4935407414,64078.75990737178,-0.004615539107295071,58.317053622593875,1.2030805191341356,-0.011455624132592601,-2.9037421359969504
2024-03-19 00:00:00+00:00,61937.4,101005.32487,22.59272773114227,-2.9037421359969504,0.477254881384156,3.264222356670462,Bearish (<49%),0.7818314824680298,0.6234898018587336,0.8660254037844386,0.5000000000000001,67002.55607293503,63920.14065497387,-0.0755964603413248,46.745440109867324,1.5518016340356677,-0.08390165417862072,3.264222356670462
2024-03-20 00:00:00+00:00,67840.51,90420.58592,22.47589806434345,3.264222356670462,0.5034676821302332,-1.2028151934082103,Neutral,0.9749279121818236,-0.2225209339563143,0.8660254037844386,0.5000000000000001,67131.47206171424,64210.53838423506,0.010561930440523164,56.43347020026802,2.122541716332019,0.09530768162693293,-1.2028151934082103
2024-03-21 00:00:00+00:00,65501.27,53357.48002,21.99055792840486,-1.2028151934082103,0.4994632027226686,-0.911742305730542,Neutral,0.4338837391175582,-0.900968867902419,0.8660254037844386,0.5000000000000001,66880.67174452744,64306.148133550974,-0.020624818928202743,52.36789164102675,2.1426681566398327,-0.034481462477213065,-0.911742305730542
2024-03-22 00:00:00+00:00,63796.64,51482.37821,21.92035962845622,-0.911742305730542,0.4774231576820545,0.0882769589980838,Bearish (<49%),-0.433883739117558,-0.9009688679024191,0.8660254037844386,0.5000000000000001,66406.20532229246,64268.406790324974,-0.03929701011565605,49.56564478852227,2.1420352454975022,-0.026024380901316868,0.0882769589980838
2024-03-23 00:00:00+00:00,63990.01,26410.11409,21.25750648053245,0.0882769589980838,0.4827320391935497,1.7158534522722884,Bearish (<49%),-0.9749279121818236,-0.2225209339563146,0.8660254037844386,0.5000000000000001,66034.4829650167,64247.784805856456,-0.030960687101916115,49.893197833263656,2.004820941817517,0.003031037371247214,1.7158534522722884
2024-03-24 00:00:00+00:00,67209.99,31395.78015,21.44563824404426,1.7158534522722884,0.5315891527543392,1.3512498033218208,Bullish (>51%),-0.7818314824680299,0.6234898018587334,0.8660254037844386,0.5000000000000001,66215.33020116798,64467.20741283005,0.015021593878791581,55.12022329552931,2.0193510092671736,0.05032004214407837,1.3512498033218208
2024-03-25 00:00:00+00:00,69880.01,53431.14486,22.02616882652829,1.3512498033218208,0.5205875292936779,0.0371435449369963,Bullish (>51%),0.0,1.0,0.8660254037844386,0.5000000000000001,66779.12709329597,64868.15575262042,0.04643491224992849,58.94470936547665,2.076142453079536,0.039726534701165495,0.0371435449369963
2024-03-26 00:00:00+00:00,69988.0,38934.38417,21.730689799245287,0.0371435449369963,0.500813280489085,-0.2707834380078035,Neutral,0.7818314824680298,0.6234898018587336,0.8660254037844386,0.5000000000000001,67272.79984817351,65247.40347464854,0.0403610397954948,59.09653190035997,1.5821332124152598,0.0015453632591067024,-0.2707834380078035
2024-03-27 00:00:00+00:00,69469.99,49119.35685,21.954793081347667,-0.2707834380078035,0.5069759927037807,0.6332738204962826,Neutral,0.9749279121818236,-0.2225209339563143,0.8660254037844386,0.5000000000000001,67610.82910230066,65560.1876617116,0.027497975137773918,57.98876032343809,1.0830116902341418,-0.007401411670572067,0.6332738204962826
2024-03-28 00:00:00+00:00,70780.6,35439.03239,21.639785025923302,0.6332738204962826,0.5081196526991295,-0.4682935900374104,Neutral,0.4338837391175582,-0.900968867902419,0.8660254037844386,0.5000000000000001,68098.48616348517,65946.88487195519,0.03938580705121463,60.03021638517546,0.920752267411031,0.018865844086057848,-0.4682935900374104
2024-03-29 00:00:00+00:00,69850.54,25445.08353,21.299659220495997,-0.4682935900374104,0.4652801743032831,-0.148274001667294,Bearish (<49%),-0.433883739117558,-0.9009688679024191,0.8660254037844386,0.5000000000000001,68368.03290756437,66236.04451106962,0.02168421452815558,57.88074902180283,0.8278223758316536,-0.01314004119772949,-0.148274001667294
2024-03-30 00:00:00+00:00,69582.18,13644.61142,20.676756784731545,-0.148274001667294,0.4708007778502204,0.8237587417928244,Bearish (<49%),-0.9749279121818236,-0.2225209339563146,0.8660254037844386,0.5000000000000001,68554.82476793908,66483.90639913853,0.014985892466920543,57.24383448130549,0.8491718484203179,-0.0038419173280550556,0.8237587417928244
2024-03-31 00:00:00+00:00,71280.01,19396.34433,21.036267428315803,0.8237587417928244,0.5229067760110238,-0.8031933880514356,Bullish (>51%),-0.7818314824680299,0.6234898018587334,0.8660254037844386,0.5000000000000001,68974.08403440999,66839.17333253568,0.03343177365631449,60.225844458842886,0.667552138281514,0.024400356528065048,-0.8031933880514356
2024-04-01 00:00:00+00:00,69649.8,41445.32039,21.779835410437865,-0.8031933880514356,0.4876581975917498,-2.084474439735444,Bearish (<49%),0.0,1.0,1.0,6.123233995736766e-17,69078.04033680845,67047.367900496,0.008277010471110416,56.174635549038804,0.5824105867737587,-0.022870507453632394,-2.084474439735444
2024-04-02 00:00:00+00:00,65463.99,71799.82793,22.281416921903087,-2.084474439735444,0.4947111300131496,0.2464571747187022,Neutral,0.7818314824680298,0.6234898018587336,1.0,6.123233995736766e-17,68522.03259268407,66930.08064860741,-0.044628603048920294,47.36462401734724,0.9675394199435646,-0.0600979471584987,0.2464571747187022
2024-04-03 00:00:00+00:00,65963.28,39887.21778,21.690461294256632,0.2464571747187022,0.5169221775186947,1.3011690106677918,Bullish (>51%),0.9749279121818236,-0.2225209339563143,1.0,6.123233995736766e-17,68128.37834765576,66858.4657857476,-0.03177968418105256,48.40408823740738,0.9923500721180618,0.007626941162614864,1.3011690106677918
2024-04-04 00:00:00+00:00,68487.79,41510.48453,21.751265890298427,1.3011690106677918,0.506217211577318,-0.3513218701673843,Neutral,0.4338837391175582,-0.900968867902419,1.0,6.123233995736766e-17,68183.67244801641,66979.15646828481,0.004460269461364703,53.41364662523906,1.116576764360391,0.03827144435510177,-0.3513218701673843
2024-04-05 00:00:00+00:00,67820.62,37915.23073,21.66149766687348,-0.3513218701673843,0.4982162620746895,0.5296903014084172,Neutral,-0.433883739117558,-0.9009688679024191,1.0,6.123233995736766e-17,68127.81822524466,67041.48710026371,-0.004509145210389691,51.97735565532796,1.1120923214218421,-0.009741444423889245,0.5296903014084172
2024-04-06 00:00:00+00:00,68896.0,20134.28919,21.040360075475213,0.5296903014084172,0.4953670837783372,0.2159462091096542,Neutral,-0.9749279121818236,-0.2225209339563146,1.0,6.123233995736766e-17,68246.00003674548,67178.8584261701,0.009524367184956552,54.118933355496594,1.1409207002605726,0.01585623959202964,0.2159462091096542
2024-04-07 00:00:00+00:00,69360.39,21534.74433,21.126203335462872,0.2159462091096542,0.5177634713994302,1.1052076818353112,Bullish (>51%),-0.7818314824680299,0.6234898018587334,1.0,6.123233995736766e-17,68417.44464647694,67340.45335756491,0.013782235779126142,55.051139664033265,1.0852646000590038,0.006740449372967916,1.1052076818353112
2024-04-08 00:00:00+00:00,71620.0,45723.87624,21.908316738781053,1.1052076818353112,0.5535380407634486,-1.2049477505979314,Bullish (>51%),0.0,1.0,1.0,6.123233995736766e-17,68910.14547009587,67657.4568125601,0.03932446392933669,59.376219972203145,1.1283128745535593,0.03257781566683815,-1.2049477505979314
2024-04-09 00:00:00+00:00,69146.0,39293.90242,21.734505745886555,-1.2049477505979314,0.4809025420285553,0.7231592837021065,Bearish (<49%),0.7818314824680298,0.6234898018587336,1.0,6.123233995736766e-17,68946.43078238881,67767.71927088899,0.0028945547339655486,53.32607225289922,0.855665614974847,-0.034543423624685876,0.7231592837021065
2024-04-10 00:00:00+00:00,70631.08,42006.02377,21.78851607349168,0.7231592837021065,0.4825343193867359,-0.3205259056622409,Bearish (<49%),0.9749279121818236,-0.2225209339563143,1.0,6.123233995736766e-17,69205.60758509823,67979.82006563796,0.02059764323503624,56.21049122401819,0.8729096620062315,0.02147745350417951,-0.3205259056622409
2024-04-11 00:00:00+00:00,70006.23,31917.25595,21.53307243307862,-0.3205259056622409,0.4984291652428222,-1.4367325332374272,Neutral,0.4338837391175582,-0.900968867902419,1.0,6.123233995736766e-17,69328.78026431389,68129.92450522033,0.009771551339910402,54.679340754996275,0.7831845505138968,-0.008846672031632585,-1.4367325332374272
2024-04-12 00:00:00+00:00,67116.52,56072.86229,22.06966266810772,-1.4367325332374272,0.4625386252954914,-1.6529212345157065,Bearish (<49%),-0.433883739117558,-0.9009688679024191,1.0,6.123233995736766e-17,68988.43253134252,68054.85750483364,-0.027133715938423134,48.147475965305226,0.9720215615187487,-0.04127789769567636,-1.6529212345157065
2024-04-13 00:00:00+00:00,63924.51,71395.22019,22.25246255803569,-1.6529212345157065,0.4653206392751375,0.9193531439441098,Bearish (<49%),-0.9749279121818236,-0.2225209339563146,1.0,6.123233995736766e-17,68209.3675265206,67748.90583780892,-0.06281919451686152,42.156795286323664,1.095285801592393,-0.047559229828960214,0.9193531439441098
2024-04-14 00:00:00+00:00,65661.84,61599.17818,22.09599987980341,0.9193531439441098,0.4826735878377915,-1.191143988363043,Bearish (<49%),-0.7818314824680299,0.6234898018587334,1.0,6.123233995736766e-17,67817.44021474819,67594.3083683416,-0.03178533733981036,46.08855001515315,1.1862030195812134,0.027177838359652595,-1.191143988363043
2024-04-15 00:00:00+00:00,63419.99,52389.53069,21.94647411705122,-1.191143988363043,0.4811396427494891,0.1865977314019021,Bearish (<49%),0.0,1.0,1.0,6.123233995736766e-17,67140.90941247923,67285.0996003163,-0.0554195563485716,42.11080842977482,1.05366661864648,-0.034142357265650736,0.1865977314019021
2024-04-16 00:00:00+00:00,63793.39,53435.29331,21.933818406595726,0.1865977314019021,0.487342069012777,-1.373481103513542,Bearish (<49%),0.7818314824680298,0.6234898018587336,1.0,6.123233995736766e-17,66625.90642594396,67026.45444473732,-0.0425137394429652,42.99332261664366,1.0506360773649053,0.005887733504845949,-1.373481103513542
2024-04-17 00:00:00+00:00,61277.37,50610.54509,21.863859526954496,-1.373481103513542,0.4810607486385403,1.2155348830177604,Bearish (<49%),0.9749279121818236,-0.2225209339563143,1.0,6.123233995736766e-17,65803.05466810643,66600.59633771973,-0.06877620941661157,38.71096734950774,0.9744960292664846,-0.03944013635268473,1.2155348830177604
2024-04-18 00:00:00+00:00,63470.08,43601.60918,21.726373124758968,1.2155348830177604,0.4786568074550133,0.172626299139484,Bearish (<49%),0.4338837391175582,-0.900968867902419,1.0,6.123233995736766e-17,65444.13548839775,66368.70623862938,-0.030163978386538788,43.950639763250315,1.2160311240884927,0.03578335689015377,0.172626299139484
2024-04-19 00:00:00+00:00,63818.01,69774.30271,22.209381377808374,0.172626299139484,0.5007789516038001,0.5893736987492915,Neutral,-0.433883739117558,-0.9009688679024191,1.0,6.123233995736766e-17,65193.96233633655,66179.76577650869,-0.021105517858202794,44.75766800971982,1.1547336492093656,0.005481795516879773,0.5893736987492915
2024-04-20 00:00:00+00:00,64940.59,23137.42975,21.119992597621945,0.5893736987492915,0.5105080610779597,-0.0157474368168588,Bullish (>51%),-0.9749279121818236,-0.2225209339563146,1.0,6.123233995736766e-17,65154.98197690016,66087.97497824879,-0.0032904924595969615,47.38974500464964,1.0001274937879496,0.017590332258871744,-0.0157474368168588
2024-04-21 00:00:00+00:00,64941.15,19316.42152,20.949920519541163,-0.0157474368168588,0.5039607186000153,0.97935238438162,Neutral,-0.7818314824680299,0.6234898018587334,1.0,6.123233995736766e-17,65122.08474968476,66003.02497985998,-0.002778393080937582,47.391091612947065,0.9282848409750728,8.623266280816111e-06,0.97935238438162
2024-04-22 00:00:00+00:00,66819.32,31397.99371,21.45163074621292,0.97935238438162,0.5244301633437075,-0.2248186163187303,Bullish (>51%),0.0,1.0,1.0,6.123233995736766e-17,65383.197865117865,66063.49127764814,0.021964697074694742,51.8431467639038,0.8461386372826876,0.028921107802987844,-0.2248186163187303
2024-04-23 00:00:00+00:00,66414.0,22599.90004,21.13015657417555,-0.2248186163187303,0.4802753109876144,-1.1169748064917409,Bearish (<49%),0.7818314824680298,0.6234898018587336,1.0,6.123233995736766e-17,65541.78280894589,66089.45488671125,0.013307803872174456,50.84318857277974,0.8653955049925238,-0.0060659102786441155,-1.1169748064917409
2024-04-24 00:00:00+00:00,64289.59,33595.69637,21.50977350774499,-1.1169748064917409,0.5030260276161675,0.095710796305204,Neutral,0.9749279121818236,-0.2225209339563143,1.0,6.123233995736766e-17,65349.13776141575,65956.13156176968,-0.016213645622748345,45.85127672634913,0.7902347636566467,-0.031987382178456425,0.095710796305204
2024-04-25 00:00:00+00:00,64498.34,31341.46338,21.420257652049603,0.095710796305204,0.4724932403587085,-0.4046962199424505,Bearish (<49%),0.4338837391175582,-0.900968867902419,1.0,6.123233995736766e-17,65218.245798121025,65848.1470016386,-0.011038410943303368,46.408085704207195,0.659675191266547,0.003247026462604552,-0.4046962199424505
2024-04-26 00:00:00+00:00,63770.01,27085.19346,21.27521307217877,-0.4046962199424505,0.5010204741583559,-0.1822927408563996,Neutral,-0.433883739117558,-0.9009688679024191,1.0,6.123233995736766e-17,64995.44029071779,65694.21092744314,-0.018854096306395698,44.681714301207094,0.6802560468403207,-0.0112922286061935,-0.1822927408563996
2024-04-27 00:00:00+00:00,63461.98,20933.06052,21.00115338005608,-0.1822927408563996,0.4731249518214263,-0.2022603681172637,Bearish (<49%),-0.9749279121818236,-0.2225209339563146,1.0,6.123233995736766e-17,64759.52332291505,65528.86048837328,-0.020036332207774458,43.937285273937235,0.6265952174954971,-0.004830326982856015,-0.2022603681172637
2024-04-28 00:00:00+00:00,63118.62,16949.20005,20.79879067730757,-0.2022603681172637,0.4685376352024354,0.3914910508819784,Bearish (<49%),-0.7818314824680299,0.6234898018587334,1.0,6.123233995736766e-17,64507.0766578512,65350.32415590118,-0.021524098281737975,43.075760455843245,0.6251783384245988,-0.0054104835682718955,0.3914910508819784
2024-04-29 00:00:00+00:00,63866.0,28150.22947,21.29143824079776,0.3914910508819784,0.4968554300740484,-1.7373040449231836,Neutral,0.0,1.0,1.0,6.123233995736766e-17,64408.44947972024,65240.37421842702,-0.008422023571473165,45.57721045562321,0.4677054702274294,0.01184087991784355,-1.7373040449231836
2024-04-30 00:00:00+00:00,60672.0,54947.65535,21.9388141263217,-1.7373040449231836,0.4801918475307609,-1.3247624996372411,Bearish (<49%),0.7818314824680298,0.6234898018587336,1.0,6.123233995736766e-17,63833.61109822482,64901.97612817317,-0.049528940065130415,37.91015987901537,0.7351874336159884,-0.05001096044843889,-1.3247624996372411
2024-05-01 00:00:00+00:00,58364.97,81166.46823,22.272013252264134,-1.3247624996372411,0.4706817310535578,0.3941726386316649,Bearish (<49%),0.9749279121818236,-0.2225209339563143,0.8660254037844387,-0.4999999999999998,62992.28169849792,64417.75345201219,-0.07345839162718026,33.52350899458976,0.7699365635765029,-0.03802462420886077,0.3941726386316649
2024-05-02 00:00:00+00:00,59060.61,47583.81961,21.74529952115837,0.3941726386316649,0.4884171529415396,2.210881872889053,Bearish (<49%),0.4338837391175582,-0.900968867902419,0.8660254037844387,-0.4999999999999998,62387.409129498235,64020.9280111224,-0.053324848329456366,35.93087560447627,0.8141635725086117,0.011918793070569533,2.210881872889053
2024-05-03 00:00:00+00:00,62882.01,43628.40143,21.700912672064312,2.210881872889053,0.5075923621802065,0.53678257590237,Neutral,-0.433883739117558,-0.9009688679024191,0.8660254037844387,-0.4999999999999998,62463.50157111389,63936.56371400222,0.006700047521505728,47.23512425202867,1.2919661240690483,0.06470302287768459,0.53678257590237
2024-05-04 00:00:00+00:00,63892.04,24368.69282,21.15988633477504,0.53678257590237,0.519978896020242,0.0485763632869872,Bullish (>51%),-0.9749279121818236,-0.2225209339563146,0.8660254037844387,-0.4999999999999998,62683.27671401945,63933.26566111317,0.01928366462869045,49.75833426949884,1.3094887299488374,0.016062304624168355,0.0485763632869872
2024-05-05 00:00:00+00:00,64012.0,18526.75029,20.89095776697656,0.0485763632869872,0.4833515997046452,-0.4713527902245317,Bearish (<49%),-0.7818314824680299,0.6234898018587334,0.8660254037844387,-0.4999999999999998,62887.69568109338,63939.097834364045,0.0178779697161751,50.06376388975853,1.305229717292815,0.0018775421789631874,-0.4713527902245317
2024-05-06 00:00:00+00:00,63165.19,34674.91949,21.519930875823174,-0.4713527902245317,0.4954462926714066,-0.4808895469066646,Neutral,0.0,1.0,0.8660254037844387,-0.4999999999999998,62930.38711477132,63881.77132811486,0.003731152722776857,47.852279113928184,1.3110080614383208,-0.013228925826407556,-0.4808895469066646
2024-05-07 00:00:00+00:00,62312.08,25598.79472,21.208485384470425,-0.4808895469066646,0.4883973228720824,-0.6341438511979764,Bearish (<49%),0.7818314824680298,0.6234898018587336,0.8660254037844387,-0.4999999999999998,62835.26294326804,63765.49789640265,-0.00832626329168709,45.6638296330702,1.1122875761216673,-0.013506014942723965,-0.6341438511979764
2024-05-08 00:00:00+00:00,61193.03,26121.19004,21.207887747276207,-0.6341438511979764,0.4850308033668744,1.0419016576756652,Bearish (<49%),0.9749279121818236,-0.2225209339563143,0.8660254037844387,-0.4999999999999998,62582.6117212268,63574.94471889134,-0.02220395862378946,42.892762433521256,0.9850444083088821,-0.01795879707433945,1.0419016576756652
2024-05-09 00:00:00+00:00,63074.01,30660.8061,21.362933077716328,1.0419016576756652,0.4931381993247724,-1.2569107639799109,Neutral,0.4338837391175582,-0.900968867902419,0.8660254037844387,-0.4999999999999998,62658.21145642267,63537.8384434179,0.006635978492084921,48.5450149114543,1.0324143052225163,0.030738468090238502,-1.2569107639799109
2024-05-10 00:00:00+00:00,60799.99,36529.34025,21.536659890272368,-1.2569107639799109,0.4945841237852633,-0.0013261522511798,Neutral,-0.433883739117558,-0.9009688679024191,0.8660254037844387,-0.4999999999999998,62372.33123235765,63335.03485501657,-0.025208954055287038,43.00349453736479,0.7746177939678622,-0.03605320162773862,-0.0013261522511798
2024-05-11 00:00:00+00:00,60825.99,13374.56936,20.51861034025785,-0.0013261522511798,0.4652931531845598,0.3562771218509174,Bearish (<49%),-0.9749279121818236,-0.2225209339563146,0.8660254037844387,-0.4999999999999998,62134.4325812257,63149.1796805709,-0.02105825267681059,43.083493854448314,0.7169073384434775,0.0004276316492815013,0.3562771218509174
2024-05-12 00:00:00+00:00,61483.99,12753.13236,20.47613901299318,0.3562771218509174,0.5031635286815137,0.7990492346950272,Neutral,-0.7818314824680299,0.6234898018587334,0.8660254037844387,-0.4999999999999998,62034.364491806366,63025.83229682491,-0.008872090434311811,45.18054951237641,0.7471054843714136,0.010817744191257805,0.7990492346950272
2024-05-13 00:00:00+00:00,62940.08,32733.41839,21.43714493180845,0.7990492346950272,0.5107290790963431,-0.7611520838059502,Bullish (>51%),0.0,1.0,0.8660254037844387,-0.4999999999999998,62173.705339220774,63019.48027483788,0.012326346911413343,49.605438729955665,0.8225736510802388,0.02368242529478004,-0.7611520838059502
2024-05-14 00:00:00+00:00,61577.49,29088.72041,21.31114798404977,-0.7611520838059502,0.4749543546525496,2.571259242654023,Bearish (<49%),0.7818314824680298,0.6234898018587336,0.8660254037844387,-0.4999999999999998,62081.97990241757,62912.66618040544,-0.008126189003806723,45.87384361858385,0.8546485247584568,-0.021649003306001613,2.571259242654023
2024-05-15 00:00:00+00:00,66206.5,43559.74719,21.750833018263883,2.571259242654023,0.5004124758787425,-0.5209723085645847,Neutral,0.9749279121818236,-0.2225209339563143,0.8660254037844387,-0.4999999999999998,62716.521455891794,63156.65387074577,0.05564687682116888,57.555285278927336,1.2610760220050505,0.0751737363767182,-0.5209723085645847
2024-05-16 00:00:00+00:00,65235.21,31106.3671,21.438911833693588,-0.5209723085645847,0.5029553139299253,0.92770916850227,Neutral,0.4338837391175582,-0.900968867902419,0.8660254037844387,-0.4999999999999998,63104.01200113921,63310.62099143127,0.033772781337933294,54.878949925257906,1.2653299920603212,-0.014670613912531216,0.92770916850227
2024-05-17 00:00:00+00:00,67024.0,26292.23409,21.280577155828524,0.92770916850227,0.5058944479373453,-0.0719143729197187,Neutral,-0.433883739117558,-0.9009688679024191,0.8660254037844387,-0.4999999999999998,63707.08707788702,63585.6861031771,0.05206505389357678,58.6888832843691,1.1154199961731486,0.027420621471134998,-0.0719143729197187
2024-05-18 00:00:00+00:00,66915.2,14441.25774,20.68985996724515,-0.0719143729197187,0.4785687205663016,-0.3458385670489634,Bearish (<49%),-0.9749279121818236,-0.2225209339563146,0.8660254037844387,-0.4999999999999998,64200.64291205825,63832.316762201015,0.04228239725979284,58.36606892459523,1.1208190539737912,-0.0016232991167343114,-0.3458385670489634
2024-05-19 00:00:00+00:00,66274.01,18025.30409,20.909736460178387,-0.3458385670489634,0.4822207174203627,2.67021376397958,Bearish (<49%),-0.7818314824680299,0.6234898018587334,0.8660254037844387,-0.4999999999999998,64519.62246404929,64013.182927963906,0.02719153443478784,56.39728644372355,1.1634507157448024,-0.009582127827459264,2.67021376397958
2024-05-20 00:00:00+00:00,71446.62,50816.7011,21.971870102512284,2.67021376397958,0.527238670752675,-0.6414586826951147,Bullish (>51%),0.0,1.0,0.8660254037844387,-0.4999999999999998,65585.31439265709,64563.80789626288,0.08936917756087075,66.27923148730005,1.4562551305989657,0.07804884599558704,-0.6414586826951147
2024-05-21 00:00:00+00:00,70148.34,49607.4336,21.97869546651957,-0.6414586826951147,0.4976326594327186,-0.4977163114466384,Neutral,0.7818314824680298,0.6234898018587336,0.8660254037844387,-0.4999999999999998,66287.31833224831,64977.47694098415,0.058246762199660865,62.45337940527024,1.4376660678430235,-0.018171328468722492,-0.4977163114466384
2024-05-22 00:00:00+00:00,69166.62,27673.18026,21.381666701688527,-0.4977163114466384,0.4742782429300736,-0.611662411959267,Bearish (<49%),0.9749279121818236,-0.2225209339563143,0.8660254037844387,-0.4999999999999998,66730.28781959473,65287.783834244576,0.036510140447646354,59.649486785173444,1.2052660671643254,-0.013994914206095221,-0.611662411959267
2024-05-23 00:00:00+00:00,67969.65,40513.17374,21.740953734657257,-0.611662411959267,0.488511497939238,0.277821340905047,Bearish (<49%),0.4338837391175582,-0.900968867902419,0.8660254037844387,-0.4999999999999998,66920.95892427246,65486.440587263496,0.015670592480813494,56.328884262256565,1.2149710259720177,-0.017305602037514634,0.277821340905047
2024-05-24 00:00:00+00:00,68549.99,28095.83664,21.36850278186193,0.277821340905047,0.510548914196705,0.355786962136539,Bullish (>51%),-0.433883739117558,-0.9009688679024191,0.8660254037844387,-0.4999999999999998,67171.579089769,65713.37017339213,0.020520745959967328,57.56240062210085,1.1746299643218163,0.008538222574340226,0.355786962136539
2024-05-25 00:00:00+00:00,69290.57,12130.39418,20.54574050662829,0.355786962136539,0.4824212489028943,-0.404922246687677,Bearish (<49%),-0.9749279121818236,-0.2225209339563146,0.8660254037844387,-0.4999999999999998,67497.577691343,65978.34793832604,0.026563802287188864,59.14815689752163,1.174632206544074,0.010803502670095222,-0.404922246687677
2024-05-26 00:00:00+00:00,68507.67,11872.11797,20.523490703559894,-0.404922246687677,0.4998788628108621,0.4505566365982524,Neutral,-0.7818314824680299,0.6234898018587334,0.8660254037844387,-0.4999999999999998,67652.97650805947,66165.70512807967,0.012633494282970874,56.73462621042526,1.1791806359475003,-0.011298795781301996,0.4505566365982524
2024-05-27 00:00:00+00:00,69436.43,23136.92737,21.19621649308781,0.4505566365982524,0.5061009853530953,-0.5305709572430237,Neutral,0.0,1.0,0.8660254037844387,-0.4999999999999998,67927.35396835802,66407.98104451822,0.022216028499283745,58.87832751303103,0.4898994812328003,0.01355702215532939,-0.5305709572430237
2024-05-28 00:00:00+00:00,68398.39,32622.97042,21.522959930725847,-0.5305709572430237,0.4764464290005631,-0.3914117724489763,Bearish (<49%),0.7818314824680298,0.6234898018587336,0.8660254037844387,-0.4999999999999998,67999.8210501491,66555.41874492427,0.005861323510792209,55.56459654449313,0.4729762522580756,-0.014949501292044975,-0.3914117724489763
2024-05-29 00:00:00+00:00,67652.42,23159.83149,21.176310994249757,-0.3914117724489763,0.5072817367031714,0.3399482353858966,Neutral,0.9749279121818236,-0.2225209339563143,0.8660254037844387,-0.4999999999999998,67946.37473474155,66636.67809715211,-0.0043262754766406775,53.2454088182878,0.4610288802231365,-0.010906250863507161,0.3399482353858966
2024-05-30 00:00:00+00:00,68352.17,28478.2184,21.388528370068897,0.3399482353858966,0.4942151349608302,-0.424994522648898,Neutral,0.4338837391175582,-0.900968867902419,0.8660254037844387,-0.4999999999999998,68008.80477555054,66763.75157143714,0.005048834861642798,55.13702088776016,0.43198301826790525,0.01034331070492378,-0.424994522648898
2024-05-31 00:00:00+00:00,67540.01,26690.32184,21.318060693808377,-0.424994522648898,0.4967381772118788,0.0995509578297808,Neutral,-0.433883739117558,-0.9009688679024191,0.8660254037844387,-0.4999999999999998,67936.68250238893,66821.25219577513,-0.005838855943178882,52.48296800554991,0.44197419922653935,-0.011881992919902995,0.0995509578297808
2024-06-01 00:00:00+00:00,67766.85,8837.66133,20.209611562974228,0.0995509578297808,0.4792297749205558,-0.0166638470222145,Bearish (<49%),-0.9749279121818236,-0.2225209339563146,0.4999999999999999,-0.8660254037844387,67910.55442509832,66891.29647756956,-0.0021160838151721246,53.16113302080711,0.4085863680312509,0.0033586018124664996,-0.0166638470222145
2024-06-02 00:00:00+00:00,67765.63,15426.32529,20.769030156798863,-0.0166638470222145,0.5030513504749257,0.5143326163833253,Neutral,-0.7818314824680299,0.6234898018587334,0.4999999999999999,-0.8660254037844387,67888.25835969858,66956.06192367552,-0.0018063264938811803,53.156738927434226,0.3898809205903822,-1.8002902599123516e-05,0.5143326163833253
2024-06-03 00:00:00+00:00,68809.9,29633.374,21.440010921964728,0.5143326163833253,0.5166024209730555,0.8482447318879947,Bullish (>51%),0.0,1.0,0.4999999999999999,-0.8660254037844387,68030.04938128342,67093.38326266251,0.011463325777492836,56.47316127871016,0.40448074326123845,0.015410024226145236,0.8482447318879947
2024-06-04 00:00:00+00:00,70537.84,29619.78489,21.450767166291246,0.8482447318879947,0.503817546123982,0.2621549367054644,Neutral,0.7818314824680298,0.6234898018587336,0.4999999999999999,-0.8660254037844387,68415.86332262443,67348.52820616898,0.03101585764355696,61.3493454947675,0.46717136535724285,0.025111793506457758,0.2621549367054644
2024-06-05 00:00:00+00:00,71108.0,28703.18082,21.436251803887828,0.2621549367054644,0.4950752325713844,-0.1655771835121102,Neutral,0.9749279121818236,-0.2225209339563143,0.4999999999999999,-0.8660254037844387,68830.03819606682,67627.00759830461,0.033095460407042955,62.82906446250676,0.4047734730897165,0.00808303741651284,-0.1655771835121102
2024-06-06 00:00:00+00:00,70799.06,21842.00449,21.16246719674618,-0.1655771835121102,0.4709911631375185,-0.7177555720933632,Bearish (<49%),0.4338837391175582,-0.900968867902419,0.4999999999999999,-0.8660254037844387,69132.96462744115,67861.97444287463,0.024099868731761575,61.456130402032855,0.4267610759024415,-0.004344658828823844,-0.7177555720933632
2024-06-07 00:00:00+00:00,69355.6,35598.45045,21.64245260778179,-0.7177555720933632,0.4865037744922406,-0.0384449121860434,Bearish (<49%),-0.433883739117558,-0.9009688679024191,0.4999999999999999,-0.8660254037844387,69167.21622321944,67972.61337303207,0.0027235992290423664,55.368261793040084,0.5014138762555818,-0.020388123797123736,-0.0384449121860434
2024-06-08 00:00:00+00:00,69310.46,9773.82967,20.335052149471014,-0.0384449121860434,0.4882661680352365,0.1516382908235077,Bearish (<49%),-0.9749279121818236,-0.2225209339563146,0.4999999999999999,-0.8660254037844387,69189.25372733953,68071.71312317785,0.0017518077754983,55.1841608611121,0.5049491613522135,-0.0006508486697541782,0.1516382908235077
2024-06-09 00:00:00+00:00,69648.14,9890.56709,20.348346407169814,0.1516382908235077,0.4937727953878122,-0.0694831991866061,Neutral,-0.7818314824680299,0.6234898018587334,0.4999999999999999,-0.8660254037844387,69259.85161544113,68188.48548442393,0.005606254929837287,56.35332301733291,0.5025784688325018,0.004871991904252138,-0.0694831991866061
2024-06-10 00:00:00+00:00,69540.0,17122.66941,20.899289729992997,-0.0694831991866061,0.4912786819961152,-1.117646650193015,Neutral,0.0,1.0,0.4999999999999999,-0.8660254037844387,69302.95136691173,68288.5976707629,0.0034204695242091502,55.85082022212014,0.4742817340215525,-0.0015526617078359672,-1.117646650193015
2024-06-11 00:00:00+00:00,67314.24,41436.01588,21.75066816264886,-1.117646650193015,0.478806245693523,0.4695612629550073,Bearish (<49%),0.7818314824680298,0.6234898018587336,0.4999999999999999,-0.8660254037844387,68996.99577200224,68216.42302848418,-0.024388826689829054,46.63369600906985,0.4965314213655114,-0.032006902502156986,0.4695612629550073
2024-06-12 00:00:00+00:00,68263.99,37175.32356,21.659471009153425,0.4695612629550073,0.5104431916879866,-0.767773365956267,Bullish (>51%),0.9749279121818236,-0.2225209339563143,0.4999999999999999,-0.8660254037844387,68884.22565323266,68219.94650785573,-0.009004030274724373,50.395551935956526,0.5362413381106614,0.014109198885703833,-0.767773365956267
2024-06-13 00:00:00+00:00,66773.01,29079.55571,21.39564788722057,-0.767773365956267,0.4775224287634069,-0.3918121692802791,Bearish (<49%),0.4338837391175582,-0.900968867902419,0.4999999999999999,-0.8660254037844387,68559.42324504301,68112.76602579234,-0.02605642172131575,45.029229676404945,0.5744002475316587,-0.021841383722223218,-0.3918121692802791
2024-06-14 00:00:00+00:00,66043.99,28408.18797,21.356902662953537,-0.3918121692802791,0.4794184206462782,0.0799795949338491,Bearish (<49%),-0.433883739117558,-0.9009688679024191,0.4999999999999999,-0.8660254037844387,68172.43351503639,67959.52335721513,-0.031221468932408403,42.63845674845976,0.5473278138077606,-0.010917884336799966,0.0799795949338491
2024-06-15 00:00:00+00:00,66228.25,11451.80242,20.44642595894275,0.0799795949338491,0.479838948356568,0.2170956600727896,Bearish (<49%),-0.9749279121818236,-0.2225209339563146,0.4999999999999999,-0.8660254037844387,67873.32835887696,67831.28088631031,-0.024237478824947006,43.455621368507465,0.5567773764694437,0.0027899586321176173,0.2170956600727896
2024-06-16 00:00:00+00:00,66676.87,9392.52223,20.252707930299508,0.2170956600727896,0.5057269542389999,-0.1051069225889794,Neutral,-0.7818314824680299,0.6234898018587334,0.4999999999999999,-0.8660254037844387,67689.25784212665,67745.76896880585,-0.01495640334080592,45.49165059030788,0.5648459278190577,0.006773846508098869,-0.1051069225889794
2024-06-17 00:00:00+00:00,66504.33,27386.16851,21.317730833597096,-0.1051069225889794,0.5008694189912439,-0.7038400950588511,Neutral,0.0,1.0,0.4999999999999999,-0.8660254037844387,67506.96125103024,67653.81052667208,-0.014852264602784744,44.82316365634771,0.5633621424320948,-0.002587703951910103,-0.7038400950588511
2024-06-18 00:00:00+00:00,65175.32,42350.10244,21.736734750470227,-0.7038400950588511,0.4740582065520028,-0.1221615004632954,Bearish (<49%),0.7818314824680298,0.6234898018587336,0.4999999999999999,-0.8660254037844387,67148.2472124102,67470.21863580748,-0.029381663622123168,39.9530978895904,0.46852271993254613,-0.019983811580388866,-0.1221615004632954
2024-06-19 00:00:00+00:00,64974.37,20060.79576,20.99156014081145,-0.1221615004632954,0.5129298918698527,-0.0713354846900108,Bullish (>51%),0.9749279121818236,-0.2225209339563143,0.4999999999999999,-0.8660254037844387,66813.8045643471,67285.340959081,-0.027530756201371093,39.25853613318827,0.3782196355671521,-0.0030832222994838787,-0.0713354846900108
2024-06-20 00:00:00+00:00,64869.99,24265.29031,21.183784722991245,-0.0713354846900108,0.4874814679272634,-0.4014615030814169,Bearish (<49%),0.4338837391175582,-0.900968867902419,0.4999999999999999,-0.8660254037844387,66514.75616983217,67106.42607322315,-0.024727838821698236,38.880437147784434,0.3059200017160319,-0.0016064796011104887,-0.4014615030814169
2024-06-21 00:00:00+00:00,64143.56,25993.56442,21.23341615657105,-0.4014615030814169,0.4825525040478461,0.0475127487095279,Bearish (<49%),-0.433883739117558,-0.9009688679024191,0.4999999999999999,-0.8660254037844387,66149.95675908876,66886.95451224365,-0.03033103659305251,36.26288734644931,0.3071749420373886,-0.011198244365383747,0.0475127487095279
2024-06-22 00:00:00+00:00,64262.01,7308.95542,19.96830122405228,0.0475127487095279,0.5139298619500952,-0.5794777344851259,Bullish (>51%),-0.9749279121818236,-0.2225209339563146,0.4999999999999999,-0.8660254037844387,65859.50341153664,66692.51417800339,-0.02425608042554429,37.007581719711084,0.3032000400191717,0.0018466390078755168,-0.5794777344851259
2024-06-23 00:00:00+00:00,63210.01,8224.45447,20.08242363635313,-0.5794777344851259,0.4832757788979528,-1.6041836514857064,Bearish (<49%),-0.7818314824680299,0.6234898018587334,0.4999999999999999,-0.8660254037844387,65451.88904053101,66434.55090555869,-0.03425231988556855,33.28765606357574,0.285862181588212,-0.016370480786393027,-1.6041836514857064
2024-06-24 00:00:00+00:00,60293.3,52161.35414,21.88041538166857,-1.6041836514857064,0.4696119317426908,0.8474667383534656,Bearish (<49%),0.0,1.0,0.4999999999999999,-0.8660254037844387,64658.25995737239,65979.64343107287,-0.06750815688900538,25.60337876209904,0.5630985293618891,-0.04614316624851034,0.8474667383534656
2024-06-25 00:00:00+00:00,61806.01,31189.24361,21.372931922400284,0.8474667383534656,0.4924801887492775,-0.5400660608969529,Neutral,0.7818314824680298,0.6234898018587336,0.4999999999999999,-0.8660254037844387,64219.452271622795,65670.48539914154,-0.037581171845173796,34.100105361100276,0.7420656868412933,0.025089189014368074,-0.5400660608969529
2024-06-26 00:00:00+00:00,60864.99,22485.66463,21.0465927608262,-0.5400660608969529,0.5085474109021255,0.4597919699193866,Neutral,0.9749279121818236,-0.2225209339563143,0.4999999999999999,-0.8660254037844387,63703.3811529116,65314.522776982914,-0.044556365793181625,31.67649182947153,0.7450792495175103,-0.015225380185519222,0.4597919699193866
2024-06-27 00:00:00+00:00,61706.47,18344.28631,20.842563427115092,0.4597919699193866,0.506875265838565,-0.7292180980751678,Neutral,0.4338837391175582,-0.900968867902419,0.4999999999999999,-0.8660254037844387,63396.16405246366,65047.259608317516,-0.026652938355471296,36.053280196684746,0.8006393289782271,0.013825353458531753,-0.7292180980751678
2024-06-28 00:00:00+00:00,60427.84,24821.19255,21.141891978804303,-0.7292180980751678,0.5101100220907798,0.3022521129827467,Bullish (>51%),-0.433883739117558,-0.9009688679024191,0.4999999999999999,-0.8660254037844387,62939.4988136231,64705.080378071776,-0.03990592332266011,32.63252607832116,0.8201210355391977,-0.020721165868020086,0.3022521129827467
2024-06-29 00:00:00+00:00,60986.68,11509.55904,20.368511722016915,0.3022521129827467,0.4745350443938467,0.9915014514866316,Bearish (<49%),-0.9749279121818236,-0.2225209339563146,0.4999999999999999,-0.8660254037844387,62639.065149988775,64429.643313029424,-0.026379466967333422,35.51244501386661,0.8434186755572077,0.009248055201046546,0.9915014514866316
2024-06-30 00:00:00+00:00,62772.01,17326.30136,20.791158114710573,0.9915014514866316,0.4746798430383528,0.0541267123784418,Bearish (<49%),-0.7818314824680299,0.6234898018587334,0.4999999999999999,-0.8660254037844387,62659.51820383666,64306.85566021243,0.0017952866441997655,43.78098672250404,0.9478283067462979,0.029274097229099905,0.0541267123784418
2024-07-01 00:00:00+00:00,62899.99,24547.10538,21.1621533507678,0.0541267123784418,0.504687063839867,-0.4343747099137202,Neutral,0.0,1.0,1.2246467991473532e-16,-1.0,62696.513864784865,64202.643389085584,0.0032454138623075877,44.332006094810644,0.6526905300166987,0.002038806786655245,-0.4343747099137202
2024-07-02 00:00:00+00:00,62135.47,18573.11875,20.87236865425534,-0.4343747099137202,0.5089710262042016,-1.0833738688565642,Neutral,0.7818314824680298,0.6234898018587336,1.2246467991473532e-16,-1.0,62610.19942404873,64049.51943433851,-0.007582301740223926,41.70248298873626,0.6190498172746612,-0.01215453293394797,-1.0833738688565642
2024-07-03 00:00:00+00:00,60208.58,32160.11127,21.388991065520177,-1.0833738688565642,0.4681406352609301,-1.8216101799701407,Bearish (<49%),0.9749279121818236,-0.2225209339563143,1.2246467991473532e-16,-1.0,62240.71951265662,63765.00540216528,-0.032649678997418816,35.91960631815054,0.7251828130243335,-0.031011111688702075,-1.8216101799701407
2024-07-04 00:00:00+00:00,57050.01,54568.77276,21.876561921892925,-1.8216101799701407,0.4578257299257612,-0.2701616822923648,Bearish (<49%),0.4338837391175582,-0.900968867902419,1.2246467991473532e-16,-1.0,61442.14881840176,63267.598335338225,-0.07148413430954619,28.855870303791647,0.9338369310343841,-0.05246046327616427,-0.2701616822923648
2024-07-05 00:00:00+00:00,56628.79,81348.24756,22.230679901635646,-0.2701616822923648,0.466225797820985,0.9572127004761108,Bearish (<49%),-0.433883739117558,-0.9009688679024191,1.2246467991473532e-16,-1.0,60701.632077109185,62775.8347549428,-0.06709608848631055,28.0632875827354,0.921979381111775,-0.007383346646214428,0.9572127004761108
2024-07-06 00:00:00+00:00,58230.13,21651.31558,20.93465961599947,0.9572127004761108,0.5119090324579714,-1.4182338410024236,Bullish (>51%),-0.9749279121818236,-0.2225209339563146,1.2246467991473532e-16,-1.0,60321.40098832316,62439.115884206294,-0.034668806659977736,35.33503403595783,1.0236469210313088,0.02827784241902398,-1.4182338410024236
2024-07-07 00:00:00+00:00,55857.81,19118.93918,20.81323062141323,-1.4182338410024236,0.4750090281944188,0.5118924747602183,Bearish (<49%),-0.7818314824680299,0.6234898018587334,1.2246467991473532e-16,-1.0,59634.69468242729,61951.611744635455,-0.06333368020982316,30.42783575601051,0.9468977210366147,-0.040740420809639244,0.5118924747602183
2024-07-08 00:00:00+00:00,56714.62,48090.2049,21.716496388018736,0.5118924747602183,0.4983115977532464,0.7943401770272532,Neutral,0.0,1.0,1.2246467991473532e-16,-1.0,59185.452423592316,61563.68643021802,-0.04174729299876735,33.993268590333855,1.011118860724049,0.015339126256471713,0.7943401770272532
2024-07-09 00:00:00+00:00,58050.0,27732.20788,21.18847757945425,0.7943401770272532,0.509993653271288,-0.2082316847444971,Neutral,0.7818314824680298,0.6234898018587336,1.2246467991473532e-16,-1.0,59010.76743534734,61303.41336131298,-0.016281222514178715,39.22124445472065,1.1262097328095133,0.023545604290392763,-0.2082316847444971
2024-07-10 00:00:00+00:00,57725.85,24951.73799,21.09640986491356,-0.2082316847444971,0.4979024557319023,-0.2461636097366119,Neutral,0.9749279121818236,-0.2225209339563143,1.2246467991473532e-16,-1.0,58813.08782990929,61038.40866788239,-0.018486324558466324,38.42564880912597,1.0764849686077298,-0.005583979328165345,-0.2461636097366119
2024-07-11 00:00:00+00:00,57339.89,29761.05735,21.270768336085872,-0.2461636097366119,0.5046628946467858,0.3136131603272676,Neutral,0.4338837391175582,-0.900968867902419,1.2246467991473532e-16,-1.0,58586.44200992324,60764.444322113326,-0.0212771413855803,37.451508971982896,0.8160390361272003,-0.0066860860429079905,0.3136131603272676
2024-07-12 00:00:00+00:00,57889.1,23652.4569,21.030898554471666,0.3136131603272676,0.4857349703066154,0.765734352606674,Bearish (<49%),-0.433883739117558,-0.9009688679024191,1.2246467991473532e-16,-1.0,58479.1586237812,60551.455853808635,-0.01009006691729741,39.7905901130695,0.8115905266515658,0.009578148824491928,0.765734352606674
2024-07-13 00:00:00+00:00,59204.02,15357.74519,20.618382186623823,0.765734352606674,0.5137057779248126,0.9105474242277032,Bullish (>51%),-0.9749279121818236,-0.2225209339563146,1.2246467991473532e-16,-1.0,58590.67575858409,60451.64579056355,0.010468290960546677,45.08552767827076,0.7805413000653506,0.02271446610847283,0.9105474242277032
2024-07-14 00:00:00+00:00,60797.91,21178.33907,20.965084312182363,0.9105474242277032,0.4948197408381563,2.206591654775631,Neutral,-0.7818314824680299,0.6234898018587334,1.2246467991473532e-16,-1.0,58930.25025726346,60477.29499126254,0.03169271697613982,50.74049634067799,0.4755928705941676,0.026921989418961845,2.206591654775631
2024-07-15 00:00:00+00:00,64724.14,38690.9782,21.6134346957257,2.206591654775631,0.4930488451698024,0.1540389247623549,Neutral,0.0,1.0,1.2246467991473532e-16,-1.0,59821.61790999216,60791.87610302087,0.08195234868746272,61.30980117817805,0.8344550829123077,0.06457837119729937,0.1540389247623549
2024-07-16 00:00:00+00:00,65043.99,42530.52915,21.725819387782963,0.1540389247623549,0.5077540397825029,-0.521906108098553,Neutral,0.7818314824680298,0.6234898018587336,1.2246467991473532e-16,-1.0,60625.059769993364,61106.8475027971,0.07288949894270953,62.02464882568295,0.8506843675680982,0.0049417419837483045,-0.521906108098553
2024-07-17 00:00:00+00:00,64087.99,29567.52954,21.37684662661928,-0.521906108098553,0.4943318010463718,-0.0697855684615241,Neutral,0.9749279121818236,-0.2225209339563143,1.2246467991473532e-16,-1.0,61157.81826691746,61327.67287296028,0.04791164590427485,58.54300937469533,0.9042611234103828,-0.014697745325894074,-0.0697855684615241
2024-07-18 00:00:00+00:00,63987.92,22568.7225,21.094741415474328,-0.0697855684615241,0.5001768225915313,1.4212070303482782,Neutral,0.4338837391175582,-0.900968867902419,1.2246467991473532e-16,-1.0,61593.218533545536,61524.72821570396,0.03887930397971061,58.174892470667594,0.8817997797222811,-0.001561447004345129,1.4212070303482782
2024-07-19 00:00:00+00:00,66660.0,35634.72739,21.569785254869597,1.4212070303482782,0.5043133708676311,0.2317669930388803,Neutral,-0.433883739117558,-0.9009688679024191,1.2246467991473532e-16,-1.0,62372.72337453853,61905.11871824441,0.06873640260530292,64.57953900748083,0.932929620231129,0.041759132036171875,0.2317669930388803
2024-07-20 00:00:00+00:00,67139.96,14386.92434,20.684399015088367,0.2317669930388803,0.477422024171151,0.5095916460487662,Bearish (<49%),-0.9749279121818236,-0.2225209339563146,1.2246467991473532e-16,-1.0,63106.144393840295,62292.884739115194,0.06392112281468183,65.59854145733354,0.9479111905314,0.007200120012001321,0.5095916460487662
2024-07-21 00:00:00+00:00,68165.34,21819.11191,21.105638261677356,0.5095916460487662,0.5230302056780642,-0.3358215725577893,Bullish (>51%),-0.7818314824680299,0.6234898018587334,1.2246467991473532e-16,-1.0,63884.48217940333,62727.88142510666,0.06700935304719179,67.73418210553679,0.9394285241049984,0.015272276003738927,-0.3358215725577893
2024-07-22 00:00:00+00:00,67532.01,21451.04303,21.09373801863001,-0.3358215725577893,0.478482579408634,-0.8294447492002824,Bearish (<49%),0.0,1.0,1.2246467991473532e-16,-1.0,64445.64030564897,63083.74280102468,0.04789105484425588,65.04812045678509,0.6417859975900158,-0.009291085469536275,-0.8294447492002824
2024-07-23 00:00:00+00:00,65936.01,31406.15316,21.45973323605999,-0.8294447492002824,0.4829896836687273,-0.308361418466935,Bearish (<49%),0.7818314824680298,0.6234898018587336,1.2246467991473532e-16,-1.0,64674.92795093375,63295.02185280063,0.019498777795670316,58.72779700004218,0.7514139147705742,-0.023633237038257815,-0.308361418466935
2024-07-24 00:00:00+00:00,65376.0,23082.56277,21.14623736060068,-0.308361418466935,0.4690880998739292,0.2071472081106665,Bearish (<49%),0.9749279121818236,-0.2225209339563143,1.2246467991473532e-16,-1.0,64782.785189251634,63449.1683822228,0.009156982198517592,56.647927175019824,0.7279166943309914,-0.00849323457697837,0.2071472081106665
2024-07-25 00:00:00+00:00,65799.95,35126.42934,21.541467230068044,0.2071472081106665,0.4719936780229539,1.086597739028516,Bearish (<49%),0.4338837391175582,-0.900968867902419,1.2246467991473532e-16,-1.0,64939.27208321292,63623.30035391,0.013253581217913993,57.864516405895216,0.7254045609755349,0.006484795643661334,1.086597739028516
2024-07-26 00:00:00+00:00,67907.99,24244.36023,21.212360804244263,1.086597739028516,0.513295511696,-0.021867679879603,Bullish (>51%),-0.433883739117558,-0.9009688679024191,1.2246467991473532e-16,-1.0,65395.997916564775,63940.68477213889,0.03841201546675908,63.36916731625227,0.6308472128184015,0.0320371064111753,-0.021867679879603
2024-07-27 00:00:00+00:00,67896.5,31710.21921,21.49445452427709,-0.021867679879603,0.4994897100870594,0.1630888590741794,Neutral,-0.9749279121818236,-0.2225209339563146,1.2246467991473532e-16,-1.0,65780.69054478558,64233.70812235083,0.032164597812695615,63.320610214617446,0.6279689365421077,-0.00016919953012906053,0.1630888590741794
2024-07-28 00:00:00+00:00,68249.88,10868.69394,20.41776688384524,0.1630888590741794,0.4971606496447171,-0.7549231699118705,Neutral,-0.7818314824680299,0.6234898018587334,1.2246467991473532e-16,-1.0,66160.5658455878,64531.20233551003,0.031579448085260586,64.22847023135436,0.5980954128388617,0.005204686544961978,-0.7549231699118705
2024-07-29 00:00:00+00:00,66784.69,36467.29633,21.639262910543778,-0.7549231699118705,0.4989740120939753,-0.3235498652591135,Neutral,0.0,1.0,1.2246467991473532e-16,-1.0,66256.5849462666,64698.12734769448,0.007970604795911173,57.836490584094975,0.6549452679789096,-0.02146802309396001,-0.3235498652591135
2024-07-30 00:00:00+00:00,66188.0,23132.25441,21.150669019287164,-0.3235498652591135,0.479712238302328,-0.8272416757297232,Bearish (<49%),0.7818314824680298,0.6234898018587336,1.2246467991473532e-16,-1.0,66246.03341607173,64808.4882849023,-0.0008760285420749851,55.41771318047142,0.5802341631781618,-0.008934532749946156,-0.8272416757297232
2024-07-31 00:00:00+00:00,64628.0,22625.43905,21.121668284812504,-0.8272416757297232,0.478155805776507,0.3705978367852841,Bearish (<49%),0.9749279121818236,-0.2225209339563143,1.2246467991473532e-16,-1.0,65997.10519821454,64795.118782316946,-0.02074492804044355,49.57978038983053,0.6554826891161883,-0.023569227050220576,0.3705978367852841
2024-08-01 00:00:00+00:00,65354.02,35542.26854,21.54343228649451,0.3705978367852841,0.4751225403914524,-2.046581835200944,Bearish (<49%),0.4338837391175582,-0.900968867902419,-0.4999999999999997,-0.8660254037844388,65898.16901387385,64836.518872515684,-0.008257422353560227,52.10837237424294,0.6696448787459942,0.011233830537847433,-2.046581835200944
2024-08-02 00:00:00+00:00,61498.33,38820.42937,21.627317490203364,-2.046581835200944,0.468886053951443,-0.4639559584375127,Bearish (<49%),-0.433883739117558,-0.9009688679024191,-0.4999999999999997,-0.8660254037844388,65221.2707040471,64589.2456226997,-0.05708169534047552,40.49385110860124,0.8186222950627783,-0.05899698289408972,-0.4639559584375127
2024-08-03 00:00:00+00:00,60697.99,28034.71567,21.26066867749876,-0.4639559584375127,0.4618544401310134,-1.4545966108855934,Bearish (<49%),-0.9749279121818236,-0.2225209339563146,-0.4999999999999997,-0.8660254037844388,64525.38136496293,64301.00446546268,-0.05931605957219794,38.571985996121654,0.7930049890413902,-0.013014011925201907,-1.4545966108855934
2024-08-04 00:00:00+00:00,58161.0,31616.52003,21.35160248153276,-1.4545966108855934,0.460411983551246,-2.46724782801118,Bearish (<49%),-0.7818314824680299,0.6234898018587334,-0.4999999999999997,-0.8660254037844388,63546.24577035325,63846.18931987285,-0.08474530171010781,33.19397165418715,0.7846490985927911,-0.04179693594466638,-2.46724782801118
2024-08-05 00:00:00+00:00,54018.81,162065.59186,22.87280792378297,-2.46724782801118,0.4773577311637506,1.2602785883579632,Bearish (<49%),0.0,1.0,-0.4999999999999997,-0.8660254037844388,62080.48642106813,63118.235296178565,-0.1298584609403489,26.658443519416466,1.0084364274434796,-0.07121937380719046,1.2602785883579632
2024-08-06 00:00:00+00:00,56022.01,55884.77676,21.860784317622077,1.2602785883579632,0.4998533500449469,-0.5615032734327303,Neutral,0.7818314824680298,0.6234898018587336,-0.4999999999999997,-0.8660254037844388,61148.41312551919,62592.588977943116,-0.08383542374184319,33.47956137072167,1.3222944149633162,0.03708337891930613,-0.5615032734327303
2024-08-07 00:00:00+00:00,55134.16,44269.37684,21.63577095385458,-0.5615032734327303,0.4946342459064079,4.073953743329879,Neutral,0.9749279121818236,-0.2225209339563143,-0.4999999999999997,-0.8660254037844388,60223.14341390085,62040.112757354735,-0.08450212203181334,32.05650666691585,1.3253306650582297,-0.01584823536320812,4.073953743329879
2024-08-08 00:00:00+00:00,61685.99,48349.52949,21.76577055677239,4.073953743329879,0.531055743475447,-0.4891851905969535,Bullish (>51%),0.4338837391175582,-0.900968867902419,-0.4999999999999997,-0.8660254037844388,60448.19673483918,62013.88144199512,0.020476926228097412,49.212219683289725,2.2625247684962395,0.11883431252058596,-0.4891851905969535
2024-08-09 00:00:00+00:00,60837.99,30972.48017,21.353659864589904,-0.4891851905969535,0.4850451319217037,0.0323366847267941,Bearish (<49%),-0.433883739117558,-0.9009688679024191,-0.4999999999999997,-0.8660254037844388,60508.1649294793,61926.778372217705,0.005450918415805506,47.53908971895704,2.1274755699855676,-0.013747043696631933,0.0323366847267941
2024-08-10 00:00:00+00:00,60923.51,9995.20621,20.22465237565792,0.0323366847267941,0.489598557266784,-1.2650640969600089,Bearish (<49%),-0.9749279121818236,-0.2225209339563146,-0.4999999999999997,-0.8660254037844388,60572.06417109787,61852.46219649787,0.00580211081975688,47.73208576704375,2.118254685241412,0.0014057006156844576,-1.2650640969600089
2024-08-11 00:00:00+00:00,58712.59,19189.84512,20.864836141645565,-1.2650640969600089,0.473935310740017,0.3556394594114637,Bearish (<49%),-0.7818314824680299,0.6234898018587334,-0.4999999999999997,-0.8660254037844388,60285.99122169819,61619.87907083136,-0.02609895250643061,43.29738536976261,2.0968263177383957,-0.03629009556409346,0.3556394594114637
2024-08-12 00:00:00+00:00,59346.64,37009.91743,21.505728477244272,0.3556394594114637,0.4939018303559614,0.70338051060512,Neutral,0.0,1.0,-0.4999999999999997,-0.8660254037844388,60141.47564912924,61451.49099151052,-0.013216098217582585,44.87901928954811,1.7706023254744006,0.0107992169992841,0.70338051060512
2024-08-13 00:00:00+00:00,60587.15,27858.95851,21.235039749053485,0.70338051060512,0.4898683992476357,-1.0975103242707778,Bearish (<49%),0.7818314824680298,0.6234898018587336,-0.4999999999999997,-0.8660254037844388,60210.04093387859,61387.46573288012,0.006263225539666124,47.93872149996602,1.7423330361956224,0.02090278404977952,-1.0975103242707778
2024-08-14 00:00:00+00:00,58683.39,28422.76326,21.25710320592761,-1.0975103242707778,0.4666645561048099,-0.6860177263631025,Bearish (<49%),0.9749279121818236,-0.2225209339563143,-0.4999999999999997,-0.8660254037844388,59975.17155943573,61187.163826740856,-0.021538605490366427,43.91038211745665,1.8027266960395063,-0.031421844400999266,-0.6860177263631025
2024-08-15 00:00:00+00:00,57541.06,37686.17622,21.50940955246659,-0.6860177263631025,0.4578661153965171,0.7816003601402929,Bearish (<49%),0.4338837391175582,-0.900968867902419,-0.4999999999999997,-0.8660254037844388,59600.69285798408,60917.08206179709,-0.03455719655628428,41.64883060191252,0.7396070435510782,-0.019465985179111134,0.7816003601402929
2024-08-16 00:00:00+00:00,58874.6,27610.84344,21.202387086783187,0.7816003601402929,0.5057258852067866,0.344877355703635,Neutral,-0.433883739117558,-0.9009688679024191,-0.4999999999999997,-0.8660254037844388,59488.98626444807,60765.787094256564,-0.01032773128318106,45.197294688943366,0.8476692879609974,0.023175450712934476,0.344877355703635
2024-08-17 00:00:00+00:00,59491.99,7721.72931,19.941806883205803,0.344877355703635,0.5013971540009864,-0.6319659468454002,Neutral,-0.9749279121818236,-0.2225209339563146,-0.4999999999999997,-0.8660254037844388,59489.44837760991,60671.43175394126,4.272391927316625e-05,46.81001460209207,0.8679651125048118,0.010486525598475405,-0.6319659468454002
2024-08-18 00:00:00+00:00,58427.35,13634.85717,20.51644654286624,-0.6319659468454002,0.4884966858805754,0.5795913499837354,Bearish (<49%),-0.7818314824680299,0.6234898018587334,-0.4999999999999997,-0.8660254037844388,59326.04862720839,60505.20347587154,-0.015148465943781452,44.384435071703294,0.7547666716162451,-0.017895518371464747,0.5795913499837354
2024-08-19 00:00:00+00:00,59438.5,22809.31251,21.01316138300524,0.5795913499837354,0.4976172672904467,-0.2619652512362789,Neutral,0.0,1.0,-0.4999999999999997,-0.8660254037844388,59343.348838407095,60426.18840358476,0.0016034006077412818,47.183689003831674,0.778356683508256,0.017306107499313272,-0.2619652512362789
2024-08-20 00:00:00+00:00,59013.8,31477.44548,21.3601707337804,-0.2619652512362789,0.5096099745512132,1.233333473788878,Neutral,0.7818314824680298,0.6234898018587336,-0.4999999999999997,-0.8660254037844388,59292.6490171137,60321.56704035626,-0.004702927289236311,46.133390668328765,0.7157888176642004,-0.007145200501358473,1.233333473788878
2024-08-21 00:00:00+00:00,61156.03,27983.6422,21.243564185507807,1.233333473788878,0.5058994729428038,-0.4551228884041963,Neutral,0.9749279121818236,-0.2225209339563143,-0.4999999999999997,-0.8660254037844388,59579.323014480826,60383.37911144098,0.026463996328658392,51.94418197588458,0.7372796700440094,0.03630049242719502,-0.4551228884041963
2024-08-22 00:00:00+00:00,60375.84,21241.20588,20.97677892813918,-0.4551228884041963,0.4834628418939838,2.071161344248207,Bearish (<49%),0.4338837391175582,-0.900968867902419,-0.4999999999999997,-0.8660254037844388,59701.86408917609,60382.82065874165,0.011289026249116735,49.83567543122336,0.6953063162960873,-0.012757368324922358,2.071161344248207
2024-08-23 00:00:00+00:00,64037.24,38118.07089,21.588649276890184,2.071161344248207,0.5344678490889915,0.0483277225918081,Bullish (>51%),-0.433883739117558,-0.9009688679024191,-0.4999999999999997,-0.8660254037844388,60368.84499853361,60653.51838772375,0.060766360554943416,58.37500405921465,0.9794548758225444,0.06064346268308651,0.0483277225918081
2024-08-24 00:00:00+00:00,64157.01,15857.15616,20.7389169716256,0.0483277225918081,0.4819922805124219,0.0177473684024586,Bearish (<49%),-0.9749279121818236,-0.2225209339563146,-0.4999999999999997,-0.8660254037844388,60951.63961414383,60913.036284929396,0.05258874750782528,58.62312987392476,0.9891775635732494,0.0018703179587378216,0.0177473684024586
2024-08-25 00:00:00+00:00,64220.0,12305.47977,20.48746137725944,0.0177473684024586,0.5132447046394193,-0.7588481096572086,Bullish (>51%),-0.7818314824680299,0.6234898018587334,-0.4999999999999997,-0.8660254037844388,61454.46428889094,61157.99656011981,0.04500138017815227,58.762355710531445,0.9066337365663109,0.0009818100937060148,-0.7588481096572086
2024-08-26 00:00:00+00:00,62834.0,19470.05276,20.937039078455783,-0.7588481096572086,0.4620262821516874,-1.8888193352355336,Bearish (<49%),0.0,1.0,-0.4999999999999997,-0.8660254037844388,61666.700552138485,61282.1449630739,0.018929169834124276,54.42303950170759,1.0126104183210196,-0.021582061663033336,-1.8888193352355336
2024-08-27 00:00:00+00:00,59415.0,35135.94178,21.492514727946283,-1.8888193352355336,0.4517639999345422,-0.2362268329968266,Bearish (<49%),0.7818314824680298,0.6234898018587336,-0.4999999999999997,-0.8660254037844388,61320.28508257872,61143.837928772125,-0.031071040847460357,45.49757367327195,1.3008877345491796,-0.05441321577489899,-0.2362268329968266
2024-08-28 00:00:00+00:00,59034.9,36868.54275,21.503990839981903,-0.2362268329968266,0.4647840772063061,0.1729135748418916,Bearish (<49%),0.9749279121818236,-0.2225209339563143,-0.4999999999999997,-0.8660254037844388,60968.68737756661,60987.62030441863,-0.03171771380923881,44.62143058273196,1.1897102918747366,-0.006397374400403888,0.1729135748418916
2024-08-29 00:00:00+00:00,59359.01,27020.90743,21.204414432354227,0.1729135748418916,0.4867484903707395,-0.1523139631932729,Bearish (<49%),0.4338837391175582,-0.900968867902419,-0.4999999999999997,-0.8660254037844388,60721.04470409482,60866.98250409133,-0.022431015650871487,45.583696459059745,1.1884531219322911,0.0054901422717748005,-0.1523139631932729
2024-08-30 00:00:00+00:00,59123.99,28519.32195,21.242606488227704,-0.1523139631932729,0.4832985690951884,-0.1033632304928122,Bearish (<49%),-0.433883739117558,-0.9009688679024191,-0.4999999999999997,-0.8660254037844388,60475.34398038792,60737.871948232714,-0.022345536072124982,44.97344810980094,0.7231026289919169,-0.003959297838693754,-0.1033632304928122
2024-08-31 00:00:00+00:00,58973.99,8798.409,20.069049298375184,-0.1033632304928122,0.4768965377717722,-0.9919115203455172,Bearish (<49%),-0.9749279121818236,-0.2225209339563146,-0.4999999999999997,-0.8660254037844388,60244.366444943626,60607.2140261414,-0.021087057926065245,44.563389055778266,0.7095883124822641,-0.0025370412247210927,-0.9919115203455172
2024-09-01 00:00:00+00:00,57301.86,20705.15741,20.907399789850416,-0.9919115203455172,0.4661401562365616,1.083284750337429,Bearish (<49%),-0.7818314824680299,0.6234898018587334,-0.8660254037844384,-0.5000000000000004,59791.67314572153,60362.37298716796,-0.0416414697018675,40.166753995888385,0.7080904908358476,-0.028353686091105557,1.083284750337429
2024-09-02 00:00:00+00:00,59132.13,22895.01461,21.010767170150764,1.083284750337429,0.4933499590372177,-0.9731615593053686,Neutral,0.0,1.0,-0.8660254037844384,-0.5000000000000004,59690.20496945668,60271.24387700737,-0.009349523422515459,46.40028975255551,0.9313715682499629,0.03194084799341579,-0.9731615593053686
2024-09-03 00:00:00+00:00,57487.73,22828.18447,21.012254667113243,-0.9731615593053686,0.4809752634699994,0.2732275291040394,Bearish (<49%),0.7818314824680298,0.6234898018587336,-0.8660254037844384,-0.5000000000000004,59351.36266646335,60065.05766389571,-0.031399997956852235,42.15135180989288,0.7092298726755938,-0.0278089086254798,0.2732275291040394
2024-09-04 00:00:00+00:00,57970.9,35560.82146,21.43013388943161,0.2732275291040394,0.4741666288268022,-1.0793117022932543,Bearish (<49%),0.9749279121818236,-0.2225209339563143,-0.8660254037844384,-0.5000000000000004,59138.98379469976,59909.93487397751,-0.019751502642567288,43.78036606731333,0.7273923731143612,0.008404750022309004,-1.0793117022932543
2024-09-05 00:00:00+00:00,56180.0,27806.91413,21.179278835328,-1.0793117022932543,0.4659233181873389,-1.3742671956358037,Bearish (<49%),0.4338837391175582,-0.900968867902419,-0.8660254037844384,-0.5000000000000004,58683.7555185921,59633.643401831025,-0.04266522304965409,39.35647959429487,0.7998189149627186,-0.030893086013844884,-1.3742671956358037
2024-09-06 00:00:00+00:00,53962.97,54447.76826,21.81817625511385,-1.3742671956358037,0.4651281273654172,0.110170267059226,Bearish (<49%),-0.433883739117558,-0.9009688679024191,-0.8660254037844384,-0.5000000000000004,57957.480823424085,59213.593520213915,-0.0689214018047807,34.68408281244494,0.8955270404102751,-0.03946297614809535,0.110170267059226
2024-09-07 00:00:00+00:00,54160.86,16694.04774,20.624211332749358,0.110170267059226,0.4806447756091057,0.434561846848726,Bearish (<49%),-0.9749279121818236,-0.2225209339563146,-0.8660254037844384,-0.5000000000000004,57373.38531212807,58839.316963161036,-0.055993302376197394,35.421055472095915,0.9128597731185781,0.0036671443399056702,0.434561846848726
2024-09-08 00:00:00+00:00,54869.95,16274.14779,20.601937593995675,0.434561846848726,0.4935288129148789,1.3463929565769823,Neutral,-0.7818314824680299,0.6234898018587334,-0.8660254037844384,-0.5000000000000004,56988.24141795452,58545.28978070466,-0.03717067530508397,38.1155426992429,0.9235132010912886,0.013092295801802267,1.3463929565769823
2024-09-09 00:00:00+00:00,57042.0,32384.51737,21.31643542679349,1.3463929565769823,0.5068110570393842,0.3423538089867007,Neutral,0.0,1.0,-0.8660254037844384,-0.5000000000000004,56996.511969038445,58433.93498213395,0.0007980844685068544,45.602680514389064,0.9883754191916853,0.03958541970605056,0.3423538089867007
2024-09-10 00:00:00+00:00,57635.99,23626.78126,21.022900289335308,0.3423538089867007,0.4947933843105296,-0.1939906135172273,Neutral,0.7818314824680298,0.6234898018587336,-0.8660254037844384,-0.5000000000000004,57094.893204570995,58374.82794642032,0.009477148744113645,47.47422730333845,0.9361922656862001,0.010413204305599333,-0.1939906135172273
2024-09-11 00:00:00+00:00,57338.0,33026.56757,21.352268390717374,-0.1939906135172273,0.48383192792081,0.4607535148750415,Bearish (<49%),0.9749279121818236,-0.2225209339563143,-0.8660254037844384,-0.5000000000000004,57132.294250021616,58298.02587631511,0.0036005161822869783,46.60788440540637,0.9307364628678467,-0.005170207018218909,0.4607535148750415
2024-09-12 00:00:00+00:00,58132.32,31074.40631,21.312633827602383,0.4607535148750415,0.4757292555334422,1.384573364431394,Bearish (<49%),0.4338837391175582,-0.900968867902419,-0.8660254037844384,-0.5000000000000004,57286.1443654029,58285.75136695843,0.014771034845698845,49.26562575752616,0.8254676582083996,0.013853291011196811,1.384573364431394
2024-09-13 00:00:00+00:00,60498.0,29825.23333,21.28896123996961,1.384573364431394,0.5161782689061029,-0.303324495765325,Bullish (>51%),-0.433883739117558,-0.9009688679024191,-0.8660254037844384,-0.5000000000000004,57780.27600149476,58449.621636072625,0.047035496999615053,56.25043440932373,0.5974893800314953,0.04069474605520651,-0.303324495765325
2024-09-14 00:00:00+00:00,59993.03,12137.90901,20.406535278782048,-0.303324495765325,0.4589110838951659,-0.5100121220374321,Bearish (<49%),-0.9749279121818236,-0.2225209339563146,-0.8660254037844384,-0.5000000000000004,58120.6996935725,58563.94818154872,0.032214517655481036,54.52483174797441,0.6653772799762295,-0.008346887500413236,-0.5100121220374321
2024-09-15 00:00:00+00:00,59132.0,13757.92361,20.527750672897213,-0.5100121220374321,0.4674576740145165,-0.5503699480161821,Bearish (<49%),-0.7818314824680299,0.6234898018587334,-0.8660254037844384,-0.5000000000000004,58276.2843560998,58606.026094026594,0.014683771509372683,51.61715341273036,0.7677894546173696,-0.014352167243428138,-0.5503699480161821
2024-09-16 00:00:00+00:00,58213.99,26477.5642,21.15717145149383,-0.5503699480161821,0.4856850993868991,1.2255313518502715,Bearish (<49%),0.0,1.0,-0.8660254037844384,-0.5000000000000004,58266.70060900752,58576.98638335796,-0.0009046437923649363,48.638977963587614,0.6931214244281362,-0.01552475816816612,1.2255313518502715
2024-09-17 00:00:00+00:00,60313.99,33116.25878,21.408067502758428,1.2255313518502715,0.494942983713452,0.8091030422412631,Neutral,0.7818314824680298,0.6234898018587336,-0.8660254037844384,-0.5000000000000004,58581.668207621755,58705.653317924036,0.029571056021119927,55.030842288925875,0.816172784253359,0.03607380287796791,0.8091030422412631
2024-09-18 00:00:00+00:00,61759.99,36087.02469,21.49983485417382,0.8091030422412631,0.5106987145190439,0.6460052651662039,Bullish (>51%),0.9749279121818236,-0.2225209339563143,-0.8660254037844384,-0.5000000000000004,59070.64079106456,58931.90047955929,0.04552767962087607,58.83016912577664,0.8202064608972506,0.023974537250810224,0.6460052651662039
2024-09-19 00:00:00+00:00,62947.99,34332.52608,21.49020976642302,0.6460052651662039,0.5129138921781312,0.1223196949722911,Bullish (>51%),0.4338837391175582,-0.900968867902419,-0.8660254037844384,-0.5000000000000004,59667.156053977706,59229.38859218453,0.05498559279504282,61.69365747803184,0.8269799680372791,0.019235754409934414,0.1223196949722911
2024-09-20 00:00:00+00:00,63201.05,25466.37794,21.200242574954483,0.1223196949722911,0.4873611119430359,0.0645037180861245,Bearish (<49%),-0.433883739117558,-0.9009688679024191,-0.8660254037844384,-0.5000000000000004,60210.83204567344,59523.585733504195,0.049662458609745025,62.29525234623745,0.7009474189475784,0.004020144249244684,0.0645037180861245
2024-09-21 00:00:00+00:00,63348.96,8375.34608,20.085851998561868,0.0645037180861245,0.4629942921713869,0.108806697123636,Bearish (<49%),-0.9749279121818236,-0.2225209339563146,-0.8660254037844384,-0.5000000000000004,60693.620961723675,59806.94679028166,0.04374988666355743,62.66432861164258,0.6695189750333881,0.0023403092195461994,0.108806697123636
2024-09-22 00:00:00+00:00,63578.76,14242.19892,20.615098428284824,0.108806697123636,0.4861028643742605,-0.1452997022119189,Bearish (<49%),-0.7818314824680299,0.6234898018587334,-0.8660254037844384,-0.5000000000000004,61137.488506073874,60086.340361371906,0.03993084363751044,63.26595380922862,0.5869488329934925,0.003627526008319615,-0.1452997022119189
2024-09-23 00:00:00+00:00,63339.99,24078.05287,21.14919677615244,-0.1452997022119189,0.512129302837601,0.4853374625923964,Bullish (>51%),0.0,1.0,-0.8660254037844384,-0.5000000000000004,61476.33488975481,60327.351445714725,0.03031500029380847,62.14541839567603,0.49683301917841455,-0.0037554994781276996,0.4853374625923964
2024-09-24 00:00:00+00:00,64262.7,23185.04759,21.110377098191297,0.4853374625923964,0.4969967641977137,-0.610904724113301,Neutral,0.7818314824680298,0.6234898018587336,-0.8660254037844384,-0.5000000000000004,61905.00644517715,60618.85874603215,0.038085668513915996,64.74412458507618,0.3500283001652625,0.014567574134444872,-0.610904724113301
2024-09-25 00:00:00+00:00,63152.01,17813.11168,20.850119457537502,-0.610904724113301,0.4707027037513077,1.0859286656708629,Bearish (<49%),0.9749279121818236,-0.2225209339563143,-0.8660254037844384,-0.5000000000000004,62096.85314591912,60806.4995796594,0.01699211474696481,59.453259159687924,0.41107132869929613,-0.017283587524333677,1.0859286656708629
2024-09-26 00:00:00+00:00,65173.99,28373.30593,21.32823983639901,1.0859286656708629,0.5301457869276921,0.2986755488347896,Bullish (>51%),0.4338837391175582,-0.900968867902419,-0.8660254037844384,-0.5000000000000004,62570.25881577772,61130.01738857352,0.041612920155697355,65.05229992209141,0.5265988483234513,0.03201766657941674,0.2986755488347896
2024-09-27 00:00:00+00:00,65769.95,22048.80487,21.09403750085284,0.2986755488347896,0.5031046909528026,0.0300326526496039,Neutral,-0.433883739117558,-0.9009688679024191,-0.8660254037844384,-0.5000000000000004,63062.518997965766,61473.71610053104,0.04293249056736166,66.51977581235701,0.5287840051699365,0.009144138635673427,0.0300326526496039
2024-09-28 00:00:00+00:00,65858.0,9127.23316,20.21263766555584,0.0300326526496039,0.4931642767412331,-0.1498256173260878,Neutral,-0.9749279121818236,-0.2225209339563146,-0.8660254037844384,-0.5000000000000004,63492.59299827873,61798.47787086208,0.03725484958198822,66.74197667497756,0.5302393480556647,0.0013387572896133015,-0.1498256173260878
2024-09-29 00:00:00+00:00,65602.01,8337.74111,20.121749372924626,-0.1498256173260878,0.4956903489175378,-1.2093033272751854,Neutral,-0.7818314824680299,0.6234898018587334,-0.8660254037844384,-0.5000000000000004,63817.11869085123,62080.22099153896,0.02796884826147194,65.38334160926614,0.5447529541815949,-0.0038869993015275828,-1.2093033272751854
2024-09-30 00:00:00+00:00,63327.59,30011.08752,21.375721359150425,-1.2093033272751854,0.4815530403677953,-1.3866123832454127,Bearish (<49%),0.0,1.0,-0.8660254037844384,-0.5000000000000004,63741.806584566424,62172.61869586941,-0.006498350247053092,54.72433778477558,0.7485840200945887,-0.03466997428889751,-1.3866123832454127
2024-10-01 00:00:00+00:00,60805.78,43671.48108,21.72524683686857,-1.3866123832454127,0.4797580558721916,-0.1046272963905122,Bearish (<49%),0.7818314824680298,0.6234898018587336,-1.0,-1.8369701987210294e-16,63290.11018694082,62071.37138506427,-0.03925305517090784,45.80747233274856,0.8671158577838429,-0.03982166382772501,-0.1046272963905122
2024-10-02 00:00:00+00:00,60649.28,31534.70118,21.379944884201983,-0.1046272963905122,0.4984770618333793,0.0426509061553611,Neutral,0.9749279121818236,-0.2225209339563143,-1.0,-1.8369701987210294e-16,62883.82861971916,61966.031282466916,-0.03553455107245891,45.3140135405107,0.8557041972559852,-0.002573768480562233,0.0426509061553611
2024-10-03 00:00:00+00:00,60752.71,26221.43472,21.187486443458223,0.0426509061553611,0.4922123742586728,0.7392918004252729,Neutral,0.4338837391175582,-0.900968867902419,-1.0,-1.8369701987210294e-16,62555.96421668545,61876.15563191382,-0.02882625564589201,45.73010653005481,0.6623826041443395,0.001705378860227258,0.7392918004252729
2024-10-04 00:00:00+00:00,62086.0,21294.65994,20.99416711908425,0.7392918004252729,0.5019730256373374,-0.0315661545645728,Neutral,-0.433883739117558,-0.9009688679024191,-1.0,-1.8369701987210294e-16,62483.66202950307,61891.69965917946,-0.006364256136513067,50.91484976078257,0.7499109162800677,0.021946181495442696,-0.0315661545645728
2024-10-05 00:00:00+00:00,62058.0,7807.46141,19.998810569823185,-0.0315661545645728,0.4726959463767621,0.4065145538546461,Bearish (<49%),-0.9749279121818236,-0.2225209339563146,-1.0,-1.8369701987210294e-16,62418.17556342568,61904.018202943946,-0.005770363522716036,50.80507727638815,0.7458636683100739,-0.00045098734014104025,0.4065145538546461
2024-10-06 00:00:00+00:00,62819.91,8906.86177,20.135684493023728,0.4065145538546461,0.5387194012779656,-0.3425302558181727,Bullish (>51%),-0.7818314824680299,0.6234898018587334,-1.0,-1.8369701987210294e-16,62479.980861360185,61971.86203976291,0.005440608879092059,53.72850831004536,0.7927030274956721,0.012277385671468632,-0.3425302558181727
2024-10-07 00:00:00+00:00,62224.0,25966.1852,21.22180560162218,-0.3425302558181727,0.4914366146475764,-0.0511731998286775,Neutral,0.0,1.0,-1.0,-1.8369701987210294e-16,62440.5991903817,61990.5389257064,-0.0034688839183186814,51.167401923800405,0.6708374844856853,-0.009486005312646983,-0.0511731998286775
2024-10-08 00:00:00+00:00,62160.49,19702.22371,20.930341999383646,-0.0511731998286775,0.4879839764036462,-0.8601282675805901,Bearish (<49%),0.7818314824680298,0.6234898018587336,-1.0,-1.8369701987210294e-16,62397.50546878451,62003.1278941726,-0.00379847666992208,50.888986838374656,0.3613763326703958,-0.001020667266649511,-0.8601282675805901
2024-10-09 00:00:00+00:00,60636.02,20011.15684,20.934157687822097,-0.8601282675805901,0.472471521041759,-0.1917935196853727,Bearish (<49%),0.9749279121818236,-0.2225209339563143,-1.0,-1.8369701987210294e-16,62126.507704356125,61901.86064275241,-0.0239911715535174,44.61375686545439,0.5120295860903238,-0.02452474232426416,-0.1917935196853727
2024-10-10 00:00:00+00:00,60326.39,23967.92481,21.091793328460984,-0.1917935196853727,0.4517609599426977,1.246873340761717,Bearish (<49%),0.4338837391175582,-0.900968867902419,-1.0,-1.8369701987210294e-16,61849.56651907056,61785.15911365963,-0.024627117129445198,43.442034205277885,0.5153746093066978,-0.005106370767738344,1.246873340761717
2024-10-11 00:00:00+00:00,62540.0,23641.35209,21.103221376360494,1.246873340761717,0.5117967662737009,0.3505967665157979,Bullish (>51%),-0.433883739117558,-0.9009688679024191,-1.0,-1.8369701987210294e-16,61955.787054598164,61841.073253388546,0.009429513741581585,52.95493311631425,0.6599317725537989,0.036693891346722296,0.3505967665157979
2024-10-12 00:00:00+00:00,63206.22,10911.30116,20.34781356729376,0.3505967665157979,0.4762875548748944,-0.1991150487769734,Bearish (<49%),-0.9749279121818236,-0.2225209339563146,-1.0,-1.8369701987210294e-16,62148.161353890755,61942.19523461902,0.017024777934850473,55.38703322504503,0.6701838647079146,0.010652702270546932,-0.1991150487769734
2024-10-13 00:00:00+00:00,62870.02,11909.21995,20.4309924059318,-0.1991150487769734,0.4916397710834116,1.7434160011318978,Neutral,-0.7818314824680299,0.6234898018587334,-1.0,-1.8369701987210294e-16,62259.21653021525,62010.92299501761,0.009810651399513126,53.873448082709984,0.6599860953852723,-0.005319096759781039,1.7434160011318978
2024-10-14 00:00:00+00:00,66083.99,37669.95222,21.619392421091675,1.7434160011318978,0.5293640656494574,0.4996425168824475,Bullish (>51%),0.0,1.0,-1.0,-1.8369701987210294e-16,62847.64321787444,62312.63166205334,0.051495117659481546,64.0012457770761,0.9075827407622409,0.051120868102157546,0.4996425168824475
2024-10-15 00:00:00+00:00,67074.14,43683.95423,21.78591301948775,0.4996425168824475,0.4995125186037903,0.2640572151836861,Neutral,0.7818314824680298,0.6234898018587336,-1.0,-1.8369701987210294e-16,63497.87349204761,62665.33598338273,0.05632104370235758,66.44556442403842,0.8967609725065967,0.014983205463229288,0.2640572151836861
2024-10-16 00:00:00+00:00,67620.01,29938.25544,21.428618432510326,0.2640572151836861,0.5081416333857027,-0.1169405629935851,Neutral,0.9749279121818236,-0.2225209339563143,-1.0,-1.8369701987210294e-16,64132.0483394249,63032.348873502524,0.05438718629591756,67.7458215771729,0.7237300541766222,0.008138307848598592,-0.1169405629935851
2024-10-17 00:00:00+00:00,67421.78,25328.22861,21.255166477921488,-0.1169405629935851,0.4798577629389141,0.4976136634431162,Bearish (<49%),0.4338837391175582,-0.900968867902419,-1.0,-1.8369701987210294e-16,64638.1609025903,63357.49191990974,0.04306463950304234,66.73448786800233,0.7117324271467483,-0.0029315286998625734,0.4976136634431162
2024-10-18 00:00:00+00:00,68428.0,28725.635,21.396075556149185,0.4976136634431162,0.4949648110476931,-0.0411930366437501,Neutral,-0.433883739117558,-0.9009688679024191,-1.0,-1.8369701987210294e-16,65221.213071422564,63733.08511102754,0.049167851647680054,69.24432467727092,0.640719971335825,0.014924257413553965,-0.0411930366437501
2024-10-19 00:00:00+00:00,68378.0,8193.66737,20.14278395913482,-0.0411930366437501,0.4968710695904171,0.3131376712831012,Neutral,-0.9749279121818236,-0.2225209339563146,-1.0,-1.8369701987210294e-16,65706.87259889602,64077.15288058105,0.040652176788411896,68.96587465217988,0.6658576642090537,-0.000730695037119311,0.3131376712831012
2024-10-20 00:00:00+00:00,69031.99,12442.47378,20.56553826912134,0.3131376712831012,0.544339161147101,-0.8409322339658897,Bullish (>51%),-0.7818314824680299,0.6234898018587334,-1.0,-1.8369701987210294e-16,66218.42912214278,64444.17785238987,0.042489091256868755,70.6295169487574,0.6182827125098517,0.00956433355757702,-0.8409322339658897
2024-10-21 00:00:00+00:00,67377.5,31374.42184,21.47977909857962,-0.8409322339658897,0.4332703993502498,0.0087304521436484,Bearish (<49%),0.0,1.0,-1.0,-1.8369701987210294e-16,66396.7477187362,64661.46097443507,0.014771089171692236,61.62871368934572,0.47263215931026453,-0.023967004283086846,0.0087304521436484
2024-10-22 00:00:00+00:00,67426.0,24598.96268,21.226635206808304,0.0087304521436484,0.5041073776693091,-0.4026340979762394,Neutral,0.7818314824680298,0.6234898018587336,-1.0,-1.8369701987210294e-16,66555.09422354601,64866.24164299543,0.01308548634201887,61.7824654068061,0.4353153241318847,0.0007198248673518926,-0.4026340979762394
2024-10-23 00:00:00+00:00,66668.65,25530.2407,21.25100841723841,-0.4026340979762394,0.4656571823860634,0.7736263653707938,Bearish (<49%),0.9749279121818236,-0.2225209339563143,-1.0,-1.8369701987210294e-16,66572.56434300047,64999.75337314392,0.0014433221545209357,57.882165835968834,0.44384279434081364,-0.011232313944175898,0.7736263653707938
2024-10-24 00:00:00+00:00,68198.28,22589.83877,21.146398170415747,0.7736263653707938,0.5091928834514652,-0.7730245608088061,Neutral,0.4338837391175582,-0.900968867902419,-1.0,-1.8369701987210294e-16,66822.67444407732,65236.68127142955,0.02058590990807918,62.967198470524686,0.5479726161219336,0.022943767422919148,-0.7730245608088061
2024-10-25 00:00:00+00:00,66698.33,34479.71125,21.565120668876883,-0.7730245608088061,0.464941016581164,0.1874894174232398,Bearish (<49%),-0.433883739117558,-0.9009688679024191,-1.0,-1.8369701987210294e-16,66803.54452960388,65344.95154761996,-0.001574984236910575,55.84684678957812,0.5820779443121342,-0.02199395644582236,0.1874894174232398
2024-10-26 00:00:00+00:00,67092.76,11842.9077,20.49119133206164,0.1874894174232398,0.5124746399906503,0.4604890556639758,Bullish (>51%),-0.9749279121818236,-0.2225209339563146,-1.0,-1.8369701987210294e-16,66848.03921735713,65474.418840388855,0.0036608520684825417,57.216899171184416,0.5946633393525762,0.005913641316056761,0.4604890556639758
2024-10-27 00:00:00+00:00,68021.7,8653.19592,20.187132915346847,0.4604890556639758,0.5105323213345203,0.9658159300658644,Bullish (>51%),-0.7818314824680299,0.6234898018587334,-1.0,-1.8369701987210294e-16,67028.6024146868,65663.10633369339,0.014816027032298628,60.33829759649843,0.6142102328395174,0.013845607186230069,0.9658159300658644
2024-10-28 00:00:00+00:00,69962.21,29046.75459,21.41896262939064,0.9658159300658644,0.5239259936199295,1.3487181672139834,Bullish (>51%),0.0,1.0,-1.0,-1.8369701987210294e-16,67479.92665858114,65981.55845712351,0.036785507399528315,65.93019839117528,0.6225562526353279,0.028527808037729363,1.3487181672139834
2024-10-29 00:00:00+00:00,72736.42,50128.60594,22.004884444264373,1.3487181672139834,0.5365891322051793,-0.2013806234476379,Bullish (>51%),0.7818314824680298,0.6234898018587336,-1.0,-1.8369701987210294e-16,68288.61794187635,66481.91857141066,0.06513240701267936,72.00666227913402,0.7550543696065136,0.03965297837218107,-0.2013806234476379
2024-10-30 00:00:00+00:00,72344.74,26885.99056,21.386577603714837,-0.2013806234476379,0.501644687403327,-0.9926203574841832,Neutral,0.9749279121818236,-0.2225209339563143,-1.0,-1.8369701987210294e-16,68912.63672004922,66916.20164019505,0.0498036854095913,70.1055385049586,0.724116271736358,-0.00538492271134583,-0.9926203574841832
2024-10-31 00:00:00+00:00,70292.01,29352.10297,21.460977589037565,-0.9926203574841832,0.48395642399179,-0.405796218494847,Bearish (<49%),0.4338837391175582,-0.900968867902419,-1.0,-1.8369701987210294e-16,69124.8479938878,67166.26151869912,0.016884840111552904,61.01372772282428,0.8641845121805625,-0.028374281253896405,-0.405796218494847
2024-11-01 00:00:00+00:00,69496.01,38301.86755,21.708096332551555,-0.405796218494847,0.471103978845021,-0.0761027653555765,Bearish (<49%),-0.433883739117558,-0.9009688679024191,-0.8660254037844386,0.5000000000000001,69181.949840982,67338.83548027696,0.004539625722314614,57.87910150719854,0.8087313849065376,-0.011324188908526045,-0.0761027653555765
2024-11-02 00:00:00+00:00,69374.74,10521.67243,20.410241925631727,-0.0761027653555765,0.496832339609341,-0.313091381237787,Neutral,-0.9749279121818236,-0.2225209339563146,-0.8660254037844386,0.5000000000000001,69211.6098654463,67489.64322247867,0.0023569764504950347,57.39530849695174,0.815232188184179,-0.0017449922664622974,-0.313091381237787
2024-11-03 00:00:00+00:00,68775.99,24995.70243,21.259563987474756,-0.313091381237787,0.4911877073422177,-0.4794335179701204,Neutral,-0.7818314824680299,0.6234898018587334,-0.8660254037844386,0.5000000000000001,69144.59142460841,67584.92816896173,-0.005330878627149198,54.95297024033631,0.8196583763628654,-0.008630662976178316,-0.4794335179701204
2024-11-04 00:00:00+00:00,67850.01,29800.39187,21.4332221034305,-0.4794335179701204,0.5009075328646005,0.7560067373716381,Neutral,0.0,1.0,-0.8660254037844386,0.5000000000000001,68945.42505159174,67604.56386014976,-0.015888147049235617,51.31613114011284,0.7261919835582292,-0.01346371022794457,0.7560067373716381
2024-11-05 00:00:00+00:00,69372.01,33355.06888,21.560694690523825,0.7560067373716381,0.5114630910035165,3.059962244886666,Bullish (>51%),0.7818314824680298,0.6234898018587336,-0.8660254037844386,0.5000000000000001,69011.053505193,67735.48579643496,0.00523041565768631,56.42124533292788,0.5286507346069459,0.022431831623900944,3.059962244886666
2024-11-06 00:00:00+00:00,75571.99,104126.994787,22.764782650455068,3.059962244886666,0.5113360328502188,0.1141628302278474,Bullish (>51%),0.9749279121818236,-0.2225209339563143,-0.8660254037844386,0.5000000000000001,70020.42835054793,68315.96758929163,0.07928488557166385,70.15203302528889,1.3586645986103378,0.0893729329739763,0.1141628302278474
2024-11-07 00:00:00+00:00,75857.89,44869.422345,21.944625606726607,0.1141628302278474,0.4859759532302042,0.279726229500182,Bearish (<49%),0.4338837391175582,-0.900968867902419,-0.8660254037844386,0.5000000000000001,70918.49937354056,68874.62850860336,0.06964883168836916,70.61186713303364,1.2542429678113973,0.0037831476979763856,0.279726229500182
2024-11-08 00:00:00+00:00,76509.78,36521.099583,21.74731588017742,0.279726229500182,0.4806918146892751,0.059386020559563,Bearish (<49%),-0.433883739117558,-0.9009688679024191,-0.8660254037844386,0.5000000000000001,71778.69639299586,69440.19528574386,0.06591208596351435,71.68308357987644,1.2086519966265705,0.008593568843003663,0.059386020559563
2024-11-09 00:00:00+00:00,76677.46,16942.07915,20.981551797660064,0.059386020559563,0.4741326727894551,1.6414037300238915,Bearish (<49%),-0.9749279121818236,-0.2225209339563146,-0.8660254037844386,0.5000000000000001,72532.35233253497,69976.28896828135,0.05714839701408275,71.96614436020215,1.1993614871689038,0.0021916152418686163,1.6414037300238915
2024-11-10 00:00:00+00:00,80370.01,61830.100435,22.313610930786272,1.6414037300238915,0.529693659667108,3.5289177785514907,Bullish (>51%),-0.7818314824680299,0.6234898018587334,-0.8660254037844386,0.5000000000000001,73738.14581983729,70746.19422989014,0.08993803826266787,77.3383744259081,1.2069087097838733,0.04815691599591321,3.5289177785514907
2024-11-11 00:00:00+00:00,88647.99,82323.665776,22.6611825102641,3.5289177785514907,0.5203521358069608,-0.2862590103163161,Bullish (>51%),0.0,1.0,-0.8660254037844386,0.5000000000000001,76031.96800140078,72072.2531758242,0.16593049384657252,84.50648164594546,1.4403614152115845,0.10299836966550102,-0.2862590103163161
2024-11-12 00:00:00+00:00,87952.01,97299.887911,22.868036747072548,-0.2862590103163161,0.5096545794210909,0.9322059505450326,Neutral,0.7818314824680298,0.6234898018587336,-0.8660254037844386,0.5000000000000001,77865.8206165699,73248.53145909648,0.12953294916259772,82.15361569177827,1.5606657794427259,-0.00785105223479976,0.9322059505450326
2024-11-13 00:00:00+00:00,90375.2,86763.854127,22.77622594030247,0.9322059505450326,0.5110691517010554,-1.1774293732874117,Bullish (>51%),0.9749279121818236,-0.2225209339563143,-0.8660254037844386,0.5000000000000001,79790.34052171299,74517.17357323748,0.13265840713396373,83.84058855179845,1.3277747547731873,0.027551274837266382,-1.1774293732874117
2024-11-14 00:00:00+00:00,87325.59,56729.51086,22.3473678669094,-1.1774293732874117,0.4925277087079752,1.4447914488750255,Neutral,0.4338837391175582,-0.900968867902419,-0.8660254037844386,0.5000000000000001,80949.60967221869,75465.94516040507,0.078764806323328,74.31919784519717,1.5289720144409644,-0.03374388106471693,1.4447914488750255
2024-11-15 00:00:00+00:00,91032.07,47927.95068,22.17633971516628,1.4447914488750255,0.5174561089746139,-0.1843477474069552,Bullish (>51%),-0.433883739117558,-0.9009688679024191,-0.8660254037844386,0.5000000000000001,82500.75741495428,76618.99144481952,0.10340890014058615,77.64251012545564,1.5375715529521345,0.04244437398018164,-0.1843477474069552
2024-11-16 00:00:00+00:00,90586.92,22717.87689,21.449827731449787,-0.1843477474069552,0.5060470093955157,-0.2937542356764851,Neutral,-0.9749279121818236,-0.2225209339563146,-0.8660254037844386,0.5000000000000001,83744.78242803823,77653.65281927733,0.08170225503709683,76.36435763593542,1.5617574084167227,-0.004890034907478302,-0.2937542356764851
2024-11-17 00:00:00+00:00,89855.99,23867.55609,21.490532861823,-0.2937542356764851,0.496606448741774,0.2168732399220271,Neutral,-0.7818314824680299,0.6234898018587334,-0.8660254037844386,0.5000000000000001,84684.96820834004,78557.52964747901,0.0610618614030572,74.20429551028681,1.568085500136036,-0.008068824947354392,0.2168732399220271
2024-11-18 00:00:00+00:00,90464.08,46545.03448,22.167807867913307,0.2168732399220271,0.5076561064779772,0.6865486835473135,Neutral,0.0,1.0,-0.8660254037844386,0.5000000000000001,85574.06233013388,79439.49634025834,0.05714368976666149,74.84186960166016,0.8690301071463601,0.006767384122082332,0.6865486835473135
2024-11-19 00:00:00+00:00,92310.79,43660.04682,22.11581770468332,0.6865486835473135,0.5068215527854992,0.7206124886999299,Neutral,0.7818314824680298,0.6234898018587336,-0.8660254037844386,0.5000000000000001,86610.48197165175,80392.9255002392,0.06581545210906452,76.72342843760876,0.8759993155415355,0.020413737695668788,0.7206124886999299
2024-11-20 00:00:00+00:00,94286.56,42203.198712,22.097217417033296,0.7206124886999299,0.483975352233012,1.4552408619860933,Bearish (<49%),0.9749279121818236,-0.2225209339563143,-0.8660254037844386,0.5000000000000001,87791.4170529361,81422.0836113326,0.07398380348670626,78.57006982417163,0.8511130269366867,0.02140345673566446,1.4552408619860933
2024-11-21 00:00:00+00:00,98317.12,69228.360477,22.628771747710022,1.4552408619860933,0.5116987168686318,0.1852027109386623,Bullish (>51%),0.4338837391175582,-0.900968867902419,-0.8660254037844386,0.5000000000000001,89410.75596786902,82673.56778827093,0.09961177417325051,81.75076407968113,0.7099932108216698,0.04274798019993509,0.1852027109386623
2024-11-22 00:00:00+00:00,98892.0,46189.309243,22.23960920338573,0.1852027109386623,0.4916650316965208,-0.4405049335502343,Neutral,-0.433883739117558,-0.9009688679024191,-0.8660254037844386,0.5000000000000001,90869.40889588917,83874.9331372879,0.08828703962741159,82.15753739620462,0.6056456323121753,0.0058472013826280644,-0.4405049335502343
2024-11-23 00:00:00+00:00,97672.4,24757.84367,21.61181937137688,-0.4405049335502343,0.4514225410326294,0.0641712073356527,Bearish (<49%),-0.9749279121818236,-0.2225209339563146,-0.8660254037844386,0.5000000000000001,91916.02291190621,84896.96771971101,0.06262648127857735,78.17638978359687,0.652617185999468,-0.012332645714516866,0.0641712073356527
2024-11-24 00:00:00+00:00,97900.04,31200.97838,21.833204411042125,0.0641712073356527,0.4847322919109051,-1.7351788600953002,Bearish (<49%),-0.7818314824680299,0.6234898018587334,-0.8660254037844386,0.5000000000000001,92836.6409254591,85860.15825899168,0.05454095520976925,78.38690988776742,0.6050108379111944,0.002330648166728677,-1.7351788600953002
2024-11-25 00:00:00+00:00,93010.01,50847.45096,22.30911671071405,-1.7351788600953002,0.4619096258822567,-0.402683079654541,Bearish (<49%),0.0,1.0,-0.8660254037844386,0.5000000000000001,92863.31309077308,86389.77690647378,0.0015797078991088627,64.0856202615538,1.0186988811374236,-0.04994921350389636,-0.402683079654541
2024-11-26 00:00:00+00:00,91965.16,57858.73138,22.404264801379707,-0.402683079654541,0.5032994494598614,1.442750440890323,Neutral,0.7818314824680298,0.6234898018587336,-0.8660254037844386,0.5000000000000001,92725.1356921926,86802.76824673498,-0.0081960051772304,61.50360196412582,1.0032547034986303,-0.011233737099909935,1.442750440890323
2024-11-27 00:00:00+00:00,95863.11,41153.42734,22.082794807356848,1.442750440890323,0.4936789901397311,-0.0947182887526785,Neutral,0.9749279121818236,-0.2225209339563143,-0.8660254037844386,0.5000000000000001,93207.90097031681,87473.90467290276,0.02848695230813933,66.86685603812859,1.1223832843463288,0.04238507278190995,-0.0947182887526785
2024-11-28 00:00:00+00:00,95643.98,28814.54357,21.734816416907226,-0.0947182887526785,0.5138270947805265,0.6374537090496557,Bullish (>51%),0.4338837391175582,-0.900968867902419,-0.8660254037844386,0.5000000000000001,93582.68235949884,88079.09543787292,0.022026485975072414,66.30758574825106,0.9450302601734574,-0.002285863665387078,0.6374537090496557
2024-11-29 00:00:00+00:00,97460.0,27701.78231,21.712974685886,0.6374537090496557,0.4996144856355995,-0.3875578115296983,Neutral,-0.433883739117558,-0.9009688679024191,-0.8660254037844386,0.5000000000000001,94179.1927657298,88773.97725728973,0.03483579693055128,68.64793397380036,0.9855688765699144,0.018987290156683212,-0.3875578115296983
2024-11-30 00:00:00+00:00,96407.99,14503.83306,21.06164550376533,-0.3875578115296983,0.487865173346114,0.2614125943419991,Bearish (<49%),-0.9749279121818236,-0.2225209339563146,-0.8660254037844386,0.5000000000000001,94522.0846479252,89339.45968267568,0.01995200760858584,65.79667779021634,0.9824993831621809,-0.010794274574184248,0.2614125943419991
2024-12-01 00:00:00+00:00,97185.18,16938.60452,21.218771279709543,0.2614125943419991,0.4790769912845217,-0.4922135147309566,Bearish (<49%),-0.7818314824680299,0.6234898018587334,-0.5000000000000004,0.8660254037844384,94931.79162516749,89920.62415062563,0.023736920332546464,66.89076010679484,0.989722397526027,0.008061468764155144,-0.4922135147309566
2024-12-02 00:00:00+00:00,95840.62,37958.66981,22.01707192890211,-0.4922135147309566,0.495853341653228,-0.0127870707831827,Neutral,0.0,1.0,-0.5000000000000004,0.8660254037844384,95071.61137514171,90359.14236169039,0.008088730313235787,63.12853248901442,0.7055652727930041,-0.01383503122595442,-0.0127870707831827
2024-12-03 00:00:00+00:00,95849.69,35827.32283,21.951149155523623,-0.0127870707831827,0.483963363723094,0.966982379186502,Bearish (<49%),0.7818314824680298,0.6234898018587336,-0.5000000000000004,0.8660254037844384,95191.31577896606,90765.84959415777,0.006916326511996992,63.143591752406174,0.6702970757840151,9.463628261174861e-05,0.966982379186502
2024-12-04 00:00:00+00:00,98587.32,43850.53728,22.16829940449451,0.966982379186502,0.5024704937891242,-0.5891718338517279,Neutral,0.9749279121818236,-0.2225209339563143,-0.5000000000000004,0.8660254037844384,95713.77796681743,91345.21777236831,0.030022240206407782,67.46316426223828,0.5324595665637005,0.028561699051921963,-0.5891718338517279
2024-12-05 00:00:00+00:00,96945.63,109921.729662,23.12551551935948,-0.5891718338517279,0.5115920075941135,0.9763116310646548,Bullish (>51%),0.4338837391175582,-0.900968867902419,-0.5000000000000004,0.8660254037844384,95903.29366423015,91760.06312256325,0.010868618750667823,62.71627501106611,0.5955981191150906,-0.016652141472148774,0.9763116310646548
2024-12-06 00:00:00+00:00,99740.84,45049.5331,22.217661333998237,0.9763116310646548,0.4883430003850583,0.0154089742120783,Bearish (<49%),-0.433883739117558,-0.9009688679024191,-0.5000000000000004,0.8660254037844384,96493.68540819474,92351.23178015117,0.033651472405359005,66.97685562792813,0.6610178182728993,0.028832759145512643,0.0154089742120783
2024-12-07 00:00:00+00:00,99831.99,14931.9459,21.120667755966696,0.0154089742120783,0.4538289949202133,0.4244157048586159,Bearish (<49%),-0.9749279121818236,-0.2225209339563146,-0.5000000000000004,0.8660254037844384,97007.27073001093,92905.36201865849,0.029118634600604175,67.10885001525898,0.6278624517287612,0.0009138683812970338,0.4244157048586159
2024-12-08 00:00:00+00:00,101109.59,14612.99688,21.10141246793907,0.4244157048586159,0.4894821910069414,-1.3208362763479995,Bearish (<49%),-0.7818314824680299,0.6234898018587334,-0.5000000000000004,0.8660254037844384,97638.3967715477,93513.08260986896,0.03555151808334295,68.98037853090713,0.6351936971548569,0.012797501081567075,-1.3208362763479995
2024-12-09 00:00:00+00:00,97276.47,53949.11595,22.38787862984033,-1.3208362763479995,0.4721501793209644,-0.2578646035796521,Bearish (<49%),0.0,1.0,-0.5000000000000004,0.8660254037844384,97582.71572977114,93791.85204617496,-0.003138319398890287,58.26792108691337,0.8296816430523225,-0.0379105483466009,-0.2578646035796521
2024-12-10 00:00:00+00:00,96593.0,51708.68933,22.330433212680333,-0.2578646035796521,0.474254833718486,1.5987808333978215,Bearish (<49%),0.7818314824680298,0.6234898018587336,-0.5000000000000004,0.8660254037844384,97430.45177134481,93999.34448719904,-0.008595380151887145,56.58065630528344,0.8386708563880912,-0.007026056763778543,1.5987808333978215
2024-12-11 00:00:00+00:00,101125.0,37753.78291,22.043875356959894,1.5987808333978215,0.5062498143712508,-0.3974751948672072,Neutral,0.9749279121818236,-0.2225209339563143,-0.5000000000000004,0.8660254037844384,97998.84380652253,94527.1708214806,0.03189992934660926,64.02050224970651,0.9785515657871764,0.04691851376393741,-0.3974751948672072
2024-12-12 00:00:00+00:00,100004.29,29232.08745,21.804888815741645,-0.3974751948672072,0.4849426724741137,0.4726516919608444,Bearish (<49%),0.4338837391175582,-0.900968867902419,-0.5000000000000004,0.8660254037844384,98307.37399013445,94932.88335322279,0.017261329857471665,61.22661443831747,0.9578273508956336,-0.011082422744128628,0.4726516919608444
2024-12-13 00:00:00+00:00,101424.25,21904.03923,21.51349589473289,0.4726516919608444,0.4870833885006698,-0.0174864389178858,Bearish (<49%),-0.433883739117558,-0.9009688679024191,-0.5000000000000004,0.8660254037844384,98786.8933762676,95413.72532705813,0.026697434584636828,63.40568387025698,0.9025937963726872,0.014198990863292016,-0.0174864389178858
2024-12-14 00:00:00+00:00,101420.0,14191.70326,21.08901553737892,-0.0174864389178858,0.4784659484206267,1.0169570273061168,Bearish (<49%),-0.9749279121818236,-0.2225209339563146,-0.5000000000000004,0.8660254037844384,99191.98670299567,95858.63456209087,0.02246162589399015,63.3942001032154,0.9030500337792738,-4.19031937628489e-05,1.0169570273061168
2024-12-15 00:00:00+00:00,104463.99,22228.921775,21.552019775497747,1.0169570273061168,0.569928424024966,0.5093501822232464,Bullish (>51%),-0.7818314824680299,0.6234898018587334,-0.5000000000000004,0.8660254037844384,100003.06413330403,96496.06829823229,0.04460789182169026,67.88118557780555,0.9671170560634678,0.030013705383553635,0.5093501822232464
2024-12-16 00:00:00+00:00,106058.66,41302.40274,22.19687587056544,0.5093501822232464,0.4926856102803089,0.0083203749326659,Neutral,0.0,1.0,-0.5000000000000004,0.8660254037844384,100934.69426664186,97204.40842428915,0.05076515830941168,69.95866296832104,0.7159801656891216,0.01526526030644626,0.0083203749326659
2024-12-17 00:00:00+00:00,106133.74,29064.936466,21.855903741876965,0.0083203749326659,0.4881249426640326,-1.9389707326373424,Bearish (<49%),0.7818314824680298,0.6234898018587336,-0.5000000000000004,0.8660254037844384,101734.54745638926,97865.84039286032,0.043241874600135725,70.05686313355747,0.6802904510992167,0.0007079101319968917,-1.9389707326373424
2024-12-18 00:00:00+00:00,100204.01,50307.99755,22.370820645139776,-1.9389707326373424,0.4633135164410852,-0.9579063712307844,Bearish (<49%),0.9749279121818236,-0.2225209339563143,-0.5000000000000004,0.8660254037844384,101499.08015540631,98039.03814153734,-0.012759427508342115,54.81638229072311,0.950249173718622,-0.0558703575319216,-0.9579063712307844
2024-12-19 00:00:00+00:00,97461.86,55147.398,22.4257470923428,-0.9579063712307844,0.4877589537406642,0.1052875075033586,Bearish (<49%),0.4338837391175582,-0.900968867902419,-0.5000000000000004,0.8660254037844384,100877.96936226689,97996.28420512717,-0.0338637800092819,49.45809117759156,1.0064014129503356,-0.027365671293993032,0.1052875075033586
2024-12-20 00:00:00+00:00,97805.44,62884.1357,22.518825615647543,0.1052875075033586,0.4685320054418749,-0.1967268503286415,Bearish (<49%),-0.433883739117558,-0.9009688679024191,-0.5000000000000004,0.8660254037844384,100405.27253730275,97982.14759733996,-0.025893386588207834,50.116049112465944,0.9789671870718107,0.0035252764517319513,-0.1967268503286415
2024-12-21 00:00:00+00:00,97291.99,23483.54143,21.55453537963277,-0.1967268503286415,0.4993685141125666,-0.7609558859231046,Neutral,-0.9749279121818236,-0.2225209339563146,-0.5000000000000004,0.8660254037844384,99926.30599310233,97931.02481235182,-0.026362587578131487,49.087622159355206,0.9762854887585424,-0.005249707991702657,-0.7609558859231046
2024-12-22 00:00:00+00:00,95186.27,19353.83036,21.342669522347656,-0.7609558859231046,0.4801838869688222,-0.1262544542881548,Bearish (<49%),-0.7818314824680299,0.6234898018587334,-0.5000000000000004,0.8660254037844384,99197.0696864712,97727.7096410665,-0.0404326428103974,45.00840010704523,0.8239788494322732,-0.02164330280426996,-0.1262544542881548
2024-12-23 00:00:00+00:00,94881.47,32810.76703,21.85467027536853,-0.1262544542881548,0.4979945618174717,1.3558921928853196,Neutral,0.0,1.0,-0.5000000000000004,0.8660254037844384,98533.13127316794,97516.87707506157,-0.03706023776961138,44.43281675866141,0.7286486304100203,-0.003202142493870186,1.3558921928853196
2024-12-24 00:00:00+00:00,98663.58,23674.22488,21.55060050566221,1.3558921928853196,0.5055816594067936,0.2511730104346858,Neutral,0.7818314824680298,0.6234898018587336,-0.5000000000000004,0.8660254037844384,98553.20030806518,97601.8180324644,0.0011200010916925162,52.54281079027017,1.0209048103237293,0.03986141867321402,0.2511730104346858
2024-12-25 00:00:00+00:00,99429.6,14474.1651,21.0782401188134,0.2511730104346858,0.4840712021448477,-1.2753414277364297,Bearish (<49%),0.9749279121818236,-0.2225209339563143,-0.5000000000000004,0.8660254037844384,98688.0310299013,97737.2092893189,0.007514274652759178,54.006958585392354,0.7581103615744829,0.0077639591022340415,-1.2753414277364297
2024-12-26 00:00:00+00:00,95791.6,21192.36727,21.44067801057652,-1.2753414277364297,0.4752594347615796,-0.5523204198643838,Bearish (<49%),0.4338837391175582,-0.900968867902419,-0.5000000000000004,0.8660254037844384,98242.42625607034,97593.09008270269,-0.024946719553548227,46.646436109920884,0.82795135199903,-0.03658870195595676,-0.5523204198643838
2024-12-27 00:00:00+00:00,94299.03,26501.26429,21.650918912128425,-0.5523204198643838,0.4884867540030861,0.3492939588674249,Bearish (<49%),-0.433883739117558,-0.9009688679024191,-0.5000000000000004,0.8660254037844384,97635.74990898259,97349.08563213212,-0.03417518595486925,43.99708496979538,0.8390138180075155,-0.01558142885179914,0.3492939588674249
2024-12-28 00:00:00+00:00,95300.0,8385.8929,20.493414368822755,0.3492939588674249,0.5012702654478213,-0.5800892278303111,Neutral,-0.9749279121818236,-0.2225209339563146,-0.5000000000000004,0.8660254037844384,97276.40376913911,97197.30151123344,-0.020317401677693664,46.20378749241316,0.8629304457223785,0.01061484937862045,-0.5800892278303111
2024-12-29 00:00:00+00:00,93738.2,13576.00578,20.96885234170972,-0.5800892278303111,0.4162775106007652,-0.3634400734682211,Bearish (<49%),-0.7818314824680299,0.6234898018587334,-0.5000000000000004,0.8660254037844384,96732.06472773309,96941.0717696606,-0.030950075718530052,43.334612009297985,0.8426018423973607,-0.01638824763903468,-0.3634400734682211
2024-12-30 00:00:00+00:00,92792.05,27619.4225,21.66838736234922,-0.3634400734682211,0.4740213688392651,0.2747319525454764,Bearish (<49%),0.0,1.0,-0.5000000000000004,0.8660254037844384,96125.90861577414,96633.73682375981,-0.034682206532891544,41.647336421068175,0.8493952187384166,-0.010093537106537043,0.2747319525454764
2024-12-31 00:00:00+00:00,93576.0,19612.03389,21.336134633104702,0.2747319525454764,0.4939807775337267,0.357567662250231,Neutral,0.7818314824680298,0.6234898018587336,-0.5000000000000004,0.8660254037844384,95733.61498257812,96407.23779977759,-0.022537694653761552,43.60659816293684,0.5982163303271114,0.008448460832582105,0.357567662250231
2025-01-01 00:00:00+00:00,94591.79,10373.32613,20.698403508946644,0.357567662250231,0.5155276536167286,0.8546596700154451,Bullish (>51%),0.9749279121818236,-0.2225209339563143,0.0,1.0,95557.94960064303,96272.76018497926,-0.010110719251311061,46.13051393557842,0.6148118368307951,0.010855240659998211,0.8546596700154451
2025-01-02 00:00:00+00:00,96984.79,21970.48948,21.47393251880143,0.8546596700154451,0.4968469123064799,0.4060426844346236,Neutral,0.4338837391175582,-0.900968867902419,0.0,1.0,95777.46350823641,96325.50313424005,0.012605538375525659,51.62345411464539,0.5496784267838489,0.025298178626284695,0.4060426844346236
2025-01-03 00:00:00+00:00,98174.18,15253.82936,21.119764714000784,0.4060426844346236,0.4896218381454347,0.0001945171355604,Bearish (<49%),-0.433883739117558,-0.9009688679024191,0.0,1.0,96146.18912235388,96462.44216133338,0.021092784811942204,54.127163404072355,0.491303348624018,0.012263675572221189,0.0001945171355604
2025-01-04 00:00:00+00:00,98220.5,8990.05651,20.596822126268844,0.0001945171355604,0.4839571592414828,0.034103246216812,Bearish (<49%),-0.9749279121818236,-0.2225209339563146,0.0,1.0,96465.31387276098,96592.6686679013,0.018194997318457255,54.226518909665195,0.48962572053897896,0.0004718144831972193,0.034103246216812
2025-01-05 00:00:00+00:00,98363.61,8095.63723,20.492508015456053,0.034103246216812,0.4790123050017151,1.3387739093765767,Bearish (<49%),-0.7818314824680299,0.6234898018587334,0.0,1.0,96757.35943079775,96723.849507316,0.016600810301681153,54.55402387744817,0.3835184202452909,0.0014570278098766654,1.3387739093765767
2025-01-06 00:00:00+00:00,102235.6,25263.43375,21.65565103084344,1.3387739093765767,0.4963535623893565,-1.7938914196210198,Neutral,0.0,1.0,0.0,1.0,97600.16567221348,97132.1273215889,0.047494123558708495,62.39392949942777,0.4775342460085118,0.039364049367443865,-1.7938914196210198
2025-01-07 00:00:00+00:00,96954.61,32059.87537,21.877130431673468,-1.7938914196210198,0.4621076769332431,-0.688390105778874,Bearish (<49%),0.7818314824680298,0.6234898018587336,0.0,1.0,97500.84941494987,97118.97789036008,-0.005602406730070159,49.78033152876916,0.9857190691774212,-0.05165509861535522,-0.688390105778874
2025-01-08 00:00:00+00:00,95060.61,33704.67894,21.888242816137105,-0.688390105778874,0.468891898900254,-0.9241343464568332,Bearish (<49%),0.9749279121818236,-0.2225209339563143,0.0,1.0,97125.42796649605,96966.50619477786,-0.021259293366597244,46.174941034904926,1.0309737514946344,-0.01953491432743626,-0.9241343464568332
2025-01-09 00:00:00+00:00,92552.49,34544.83685,21.891923297049303,-0.9241343464568332,0.4435865972254548,0.7922635318077254,Bearish (<49%),0.4338837391175582,-0.900968867902419,0.0,1.0,96421.89904857358,96639.54203220173,-0.04012998174433717,41.852140294505325,1.0104454054784258,-0.026384429891623817,0.7922635318077254
2025-01-10 00:00:00+00:00,94726.11,31482.86424,21.80915936509933,0.7922635318077254,0.4960615435414399,-0.0618684929073222,Neutral,-0.433883739117558,-0.9009688679024191,0.0,1.0,96161.0084257161,96497.80632611271,-0.014921832135574558,46.52447472320942,1.0604300725208642,0.02348526765730452,-0.0618684929073222
2025-01-11 00:00:00+00:00,94599.99,7047.9043,20.31632863824389,-0.0618684929073222,0.4841689904898396,-0.0360290264862285,Bearish (<49%),-0.9749279121818236,-0.2225209339563146,0.0,1.0,95920.8517448367,96357.22733899325,-0.013770329608314811,46.29204504682564,1.0589571792307881,-0.0013314174940783907,-0.0360290264862285
2025-01-12 00:00:00+00:00,94545.06,8606.86622,20.51658457262287,-0.0360290264862285,0.4680368216528408,-0.019305977375353,Bearish (<49%),-0.7818314824680299,0.6234898018587334,0.0,1.0,95709.19147640029,96222.99272129005,-0.012163215031310107,46.183824353454966,1.0568555667517687,-0.0005806554525006336,-0.019305977375353
2025-01-13 00:00:00+00:00,94536.1,42619.56423,22.092074748298067,-0.019305977375353,0.4569234991448433,0.7211078676411838,Bearish (<49%),0.0,1.0,0.0,1.0,95528.7158646464,96098.0377048982,-0.010390759005415869,46.16486608716173,0.8279869024581145,-9.476962625010188e-05,0.7211078676411838
2025-01-14 00:00:00+00:00,96560.86,27846.61753,21.707607092036756,0.7211078676411838,0.5116849881192734,1.3870578303282337,Bullish (>51%),0.7818314824680298,0.6234898018587336,0.0,1.0,95687.5072700854,96132.3208378687,0.009127134302385867,51.05445268207225,0.6421830794704805,0.021417849900725594,1.3870578303282337
2025-01-15 00:00:00+00:00,100497.35,30509.99179,21.823956758056067,1.3870578303282337,0.5078394919489423,-0.1907226982813986,Neutral,0.9749279121818236,-0.2225209339563143,0.0,1.0,96427.48307468765,96455.6563313599,0.042206503742921994,58.87493025712381,0.7568998691249014,0.04076693186038316,-0.1907226982813986
2025-01-16 00:00:00+00:00,99987.3,27832.85317,21.74036507441324,-0.1907226982813986,0.4855246778855479,1.3918784811608538,Bearish (<49%),0.4338837391175582,-0.900968867902419,0.0,1.0,96975.1472170434,96717.25956607398,0.031061079765261936,57.590937665068644,0.5990726185980696,-0.005075258203325772,1.3918784811608538
2025-01-17 00:00:00+00:00,104077.48,39171.85292,22.119756534666248,1.3918784811608538,0.5277568319839387,0.1422748491324719,Bullish (>51%),-0.433883739117558,-0.9009688679024191,0.0,1.0,98067.81379903672,97262.46107969813,0.06128071961794157,64.31240049345153,0.7032621315299542,0.04090699518838892,0.1422748491324719
2025-01-18 00:00:00+00:00,104556.23,24307.82998,21.64812857175252,0.1422748491324719,0.477521553735995,-1.0775326225597597,Bearish (<49%),-0.9749279121818236,-0.2225209339563146,0.0,1.0,99066.03167610799,97802.74025897974,0.05541958460435731,65.01140927335399,0.6821218202541594,0.0045999384304846735,-1.0775326225597597
2025-01-19 00:00:00+00:00,101331.57,43397.28298,22.23032189785257,-1.0775326225597597,0.4857334232125699,0.2993039340722697,Bearish (<49%),-0.7818314824680299,0.6234898018587334,0.0,1.0,99414.57603362984,98064.13505461087,0.019282825948195845,56.92381885545725,0.8950970115501005,-0.030841395103859304,0.2993039340722697
2025-01-20 00:00:00+00:00,102260.01,89529.231732,22.963846482185986,0.2993039340722697,0.5000660524600244,1.291129705612447,Neutral,0.0,1.0,0.0,1.0,99852.3351053791,98374.94060612118,0.024112354428967125,58.5236874130634,0.8819999461931171,0.009162396279856155,1.291129705612447
2025-01-21 00:00:00+00:00,106143.82,45941.02002,22.28530019763245,1.291129705612447,0.5055836243924998,-0.8063052535559789,Neutral,0.7818314824680298,0.6234898018587336,0.0,1.0,100820.25585839771,98950.41315381591,0.052802525606354914,64.46863249850298,0.9427575909737609,0.03797975376689289,-0.8063052535559789
2025-01-22 00:00:00+00:00,103706.66,22248.69254,21.56962524597953,-0.8063052535559789,0.4720094468975928,0.0515520781994388,Bearish (<49%),0.9749279121818236,-0.2225209339563143,0.0,1.0,101264.31803402882,99302.72773501473,0.0241184853005227,58.77545818575377,0.9490555431707504,-0.022960922265658046,0.0515520781994388
2025-01-23 00:00:00+00:00,103910.34,53953.12031,22.44795217083785,0.0515520781994388,0.5012856773547376,0.3019842979987897,Neutral,0.4338837391175582,-0.900968867902419,0.0,1.0,101671.39833648593,99644.03234723586,0.022021352122100168,59.10052511090694,0.9389223838930161,0.0019640011547956693,0.3019842979987897
2025-01-24 00:00:00+00:00,104870.5,23609.24017,21.63306296065853,0.3019842979987897,0.5037629510462979,-0.0566251613684591,Neutral,-0.433883739117558,-0.9009688679024191,0.0,1.0,102163.5678231804,100031.17809929246,0.026496061507019976,60.67475547200399,0.7827350644125016,0.009240273874573157,-0.0566251613684591
2025-01-25 00:00:00+00:00,104746.85,9068.32377,20.671458232806167,-0.0566251613684591,0.4921090703403502,-0.7148832151708377,Neutral,-0.9749279121818236,-0.2225209339563146,0.0,1.0,102560.99585038342,100380.48712897449,0.02131272353093492,60.35258803297774,0.7815433727756971,-0.0011790732379457491,-0.7148832151708377
2025-01-26 00:00:00+00:00,102620.0,9812.51238,20.747326411278337,-0.7148832151708377,0.4730870433816462,-0.1962053085019461,Bearish (<49%),-0.7818314824680299,0.6234898018587334,0.0,1.0,102570.0734118629,100546.37697127266,0.0004867558974694205,54.94810957675934,0.7065987249266641,-0.020304667873067395,-0.1962053085019461
2025-01-27 00:00:00+00:00,102082.83,50758.1341,22.351110564322777,-0.1962053085019461,0.4635557383501218,-0.2680029109505104,Bearish (<49%),0.0,1.0,0.0,1.0,102495.11288696092,100660.18830673395,-0.004022463855575413,53.64158064762822,0.7025390672594414,-0.0052345546677060595,-0.2680029109505104
2025-01-28 00:00:00+00:00,101335.52,22022.05765,21.53596219219228,-0.2680029109505104,0.4884487898886233,0.798318707914996,Bearish (<49%),0.7818314824680298,0.6234898018587336,0.0,1.0,102316.71398127463,100710.21287660551,-0.00958977221897685,51.79639718280176,0.4002673034203327,-0.0073206238502596666,0.798318707914996
2025-01-29 00:00:00+00:00,103733.24,23155.35802,21.590527527926657,0.798318707914996,0.5042103780004521,0.312328333160719,Neutral,0.9749279121818236,-0.2225209339563143,0.0,1.0,102534.64106107854,100934.14081167176,0.01168969751605681,56.917054683368,0.47517483045400244,0.023661199942527578,0.312328333160719
2025-01-30 00:00:00+00:00,104722.94,19374.07472,21.43529002218952,0.312328333160719,0.5234277500505067,-0.7697735836982486,Bullish (>51%),0.4338837391175582,-0.900968867902419,0.0,1.0,102871.30243629722,101214.7926033998,0.01799955400437749,58.85974252647251,0.49094662066126316,0.00954081835292131,-0.7697735836982486
2025-01-31 00:00:00+00:00,102429.56,21983.18193,21.54839433534586,-0.7697735836982486,0.4866174384610572,-0.6188210984547808,Bearish (<49%),-0.433883739117558,-0.9009688679024191,0.0,1.0,102803.34206148227,101304.77537351832,-0.003635894067127967,52.90637398503216,0.5534147911199401,-0.021899499765762886,-0.6188210984547808
2025-02-01 00:00:00+00:00,100635.65,12290.95747,20.94669273070514,-0.6188210984547808,0.4577262043035937,-1.0198423134681454,Bearish (<49%),-0.9749279121818236,-0.2225209339563146,0.4999999999999999,0.8660254037844387,102469.85097510039,101255.21053103548,-0.017899908681882383,48.75252382102037,0.5814425099294765,-0.01751359666096397,-1.0198423134681454
2025-02-02 00:00:00+00:00,97700.59,34619.49939,21.95058917687536,-1.0198423134681454,0.4502424057149256,1.261991358319395,Bearish (<49%),-0.7818314824680299,0.6234898018587334,0.4999999999999999,0.8660254037844387,101736.11851739264,100991.90530651434,-0.03966662554265555,42.827782014095284,0.6347221760593876,-0.029165211334154395,1.261991358319395
2025-02-03 00:00:00+00:00,101328.52,75164.7385,22.70130972001117,1.261991358319395,0.4887473859833889,-1.2270789018218786,Bearish (<49%),0.0,1.0,0.4999999999999999,0.8660254037844387,101673.41105317838,101016.83972825401,-0.0033921459859155107,50.788709662488124,0.8565136417888167,0.03713314320824468,-1.2270789018218786
2025-02-04 00:00:00+00:00,97763.13,40267.98697,22.106981537242667,-1.2270789018218786,0.4741131349382673,-0.4211498326674444,Bearish (<49%),0.7818314824680298,0.6234898018587336,0.4999999999999999,0.8660254037844387,101071.8293526894,100775.82419282779,-0.03273611820306241,44.26529709463347,0.9678962367862624,-0.03518644109279401,-0.4211498326674444
2025-02-05 00:00:00+00:00,96612.43,26233.30444,21.664187581008186,-0.4211498326674444,0.420555167391638,-0.0367349128575875,Bearish (<49%),0.9749279121818236,-0.2225209339563143,0.4999999999999999,0.8660254037844387,100385.7679138141,100467.42462298869,-0.03758837524711362,42.3736367472997,0.8668466378940266,-0.011770285996367091,-0.0367349128575875
2025-02-06 00:00:00+00:00,96554.35,23515.20405,21.55141229778914,-0.0367349128575875,0.478904221543423,-0.0329938472607809,Bearish (<49%),0.4338837391175582,-0.900968867902419,0.4999999999999999,0.8660254037844387,99796.31900399654,100177.56724350805,-0.03248585755820016,42.2754354907362,0.8314006614426634,-0.0006011648811647952,-0.0329938472607809
2025-02-07 00:00:00+00:00,96506.8,31794.22065,21.85711412657813,-0.0329938472607809,0.4796265921366435,-0.0381769647178954,Bearish (<49%),-0.433883739117558,-0.9009688679024191,0.4999999999999999,0.8660254037844387,99290.23915722784,99905.65855880376,-0.028033361394368433,42.18923067879199,0.8240536083047566,-0.0004924687494659574,-0.0381769647178954
2025-02-08 00:00:00+00:00,96444.74,10147.24294,20.70003842462944,-0.0381769647178954,0.4385946849125108,-0.0096171095067438,Bearish (<49%),-0.9749279121818236,-0.2225209339563146,0.4999999999999999,0.8660254037844387,98852.47005611587,99649.29422111459,-0.02435680215930932,42.068658249056206,0.815703746456867,-0.0006430634939713631,-0.0096171095067438
2025-02-09 00:00:00+00:00,96462.75,14120.91613,21.03037925624213,-0.0096171095067438,0.4719048458791463,0.3293605619440121,Bearish (<49%),-0.7818314824680299,0.6234898018587334,0.4999999999999999,0.8660254037844387,98484.82081671343,99413.25390843944,-0.02053180175325325,42.1203544815995,0.7352376645238717,0.00018673905907151678,0.3293605619440121
2025-02-10 00:00:00+00:00,97430.82,20572.87537,21.415968945255266,0.3293605619440121,0.467004398617518,-0.5998358825287495,Bearish (<49%),0.0,1.0,0.4999999999999999,0.8660254037844387,98322.66684491136,99266.40695225874,-0.00907061284574498,44.96334287468878,0.5001350851832989,0.010035687350816946,-0.5998358825287495
2025-02-11 00:00:00+00:00,95778.2,18647.76379,21.314676397813106,-0.5998358825287495,0.4608863967168473,0.7356351668653989,Bearish (<49%),0.7818314824680298,0.6234898018587336,0.4999999999999999,0.8660254037844387,97931.21040723269,99008.02125209144,-0.021984925931985456,41.239325462354614,0.30444079046138883,-0.016961983897908373,0.7356351668653989
2025-02-12 00:00:00+00:00,97869.99,29151.16625,21.75293602726515,0.7356351668653989,0.4741047205958698,-0.4597953091452813,Bearish (<49%),0.9749279121818236,-0.2225209339563143,0.4999999999999999,0.8660254037844387,97921.79188304304,98923.7226408254,-0.0005290128177485672,47.20026374777609,0.4074645348177115,0.021839938524633062,-0.4597953091452813
2025-02-13 00:00:00+00:00,96608.14,19921.77616,21.37402116974027,-0.4597953091452813,0.4443460301383087,0.3018611487240495,Bearish (<49%),0.4338837391175582,-0.900968867902419,0.4999999999999999,0.8660254037844387,97719.69159334412,98752.19800076427,-0.011374898704856638,44.281969277826605,0.4514196467079366,-0.0128931248485874,0.3018611487240495
2025-02-14 00:00:00+00:00,97500.48,18173.02646,21.293156213691805,0.3018611487240495,0.4986135270283428,0.0083762979874742,Neutral,-0.433883739117558,-0.9009688679024191,0.4999999999999999,0.8660254037844387,97685.96673282963,98659.47814885581,-0.0018988063386519316,46.78753267332779,0.46617368856109287,0.009236695789816451,0.0083762979874742
2025-02-15 00:00:00+00:00,97569.66,7349.37683,20.390928590746,0.0083762979874742,0.4869993882188784,-0.5280742813563488,Bearish (<49%),-0.9749279121818236,-0.2225209339563146,0.4999999999999999,0.8660254037844387,97668.07338931737,98578.7508785702,-0.0010076311111931417,46.986568124124915,0.4652525919684276,0.0007095349684433927,-0.5280742813563488
2025-02-16 00:00:00+00:00,96118.12,8191.4249,20.49346799775389,-0.5280742813563488,0.4541005594765326,-0.1371170965766044,Bearish (<49%),-0.7818314824680299,0.6234898018587334,0.4999999999999999,0.8660254037844387,97429.61902173008,98396.48192460203,-0.013460988915881647,43.324831868310646,0.5138832295783702,-0.014876960727340904,-0.1371170965766044
2025-02-17 00:00:00+00:00,95780.0,16492.0451,21.18359376102416,-0.1371170965766044,0.485713906397212,-0.0549464529032131,Bearish (<49%),0.0,1.0,0.4999999999999999,0.8660254037844387,97175.83147992546,98202.66844870559,-0.014363977736725708,42.4940856761667,0.48911049867133705,-0.0035177550289164916,-0.0549464529032131
2025-02-18 00:00:00+00:00,95671.74,23368.19471,21.522570876502883,-0.0549464529032131,0.4892322154910699,0.3338568022708829,Bearish (<49%),0.7818314824680298,0.6234898018587336,0.4999999999999999,0.8660254037844387,96944.43279070617,98015.19226731999,-0.013128064748738948,42.214972824986596,0.4362484646259945,-0.0011302986009604776,0.3338568022708829
2025-02-19 00:00:00+00:00,96644.37,16438.50954,21.178674457895465,0.3338568022708829,0.4363910275773092,0.575350643005036,Bearish (<49%),0.9749279121818236,-0.2225209339563143,0.4999999999999999,0.8660254037844387,96898.26928444368,97913.64987714813,-0.002620266453865846,45.66778590975292,0.33509387912748195,0.01016632497746972,0.575350643005036
2025-02-20 00:00:00+00:00,98305.0,17057.39177,21.23212161668188,0.575350643005036,0.4899007247225816,-0.7593366642803491,Bearish (<49%),0.4338837391175582,-0.900968867902419,0.4999999999999999,0.8660254037844387,97114.68939452927,97942.63877513715,0.012256751402819035,51.046198013872896,0.3648621513099234,0.017182894357943512,-0.7593366642803491
2025-02-21 00:00:00+00:00,96181.98,32249.2814,21.86875405167916,-0.7593366642803491,0.4748503276727276,0.1160090511644363,Bearish (<49%),-0.433883739117558,-0.9009688679024191,0.4999999999999999,0.8660254037844387,96971.19564152477,97812.21960660847,-0.008138660519792722,44.92358303804732,0.46092853484477964,-0.02159625654849706,0.1160090511644363
2025-02-22 00:00:00+00:00,96551.01,11268.17708,20.806758402846334,0.1160090511644363,0.4697548212474488,-0.1204938473788078,Bearish (<49%),-0.9749279121818236,-0.2225209339563146,0.4999999999999999,0.8660254037844387,96906.55169667481,97718.79667278563,-0.003668912890303742,46.13303419205119,0.4661442973142238,0.0038367893861199764,-0.1204938473788078
2025-02-23 00:00:00+00:00,96258.0,10884.84913,20.766700746149336,-0.1204938473788078,0.4244369963077292,-1.6983893970054744,Bearish (<49%),-0.7818314824680299,0.6234898018587334,0.4999999999999999,0.8660254037844387,96806.77451257099,97610.58951183854,-0.00566876146152075,45.28275615896672,0.4220123849254037,-0.003034768875022631,-1.6983893970054744
2025-02-24 00:00:00+00:00,91552.88,31550.10299,21.81579619995775,-1.6983893970054744,0.4576414113315704,-1.095901204064274,Bearish (<49%),0.0,1.0,0.4999999999999999,0.8660254037844387,95998.48304909853,97161.87028873939,-0.04630909685129941,34.33817598231752,0.7708486537479291,-0.04888030085811046,-1.095901204064274
2025-02-25 00:00:00+00:00,88680.4,78333.11111,22.663873739749057,-1.095901204064274,0.4573053749862738,-1.735486928043118,Bearish (<49%),0.7818314824680298,0.6234898018587336,0.4999999999999999,0.8660254037844387,94872.62411846798,96533.61323031425,-0.06526881886112608,29.629848349451834,0.8296785182142289,-0.0313750916410277,-1.735486928043118
2025-02-26 00:00:00+00:00,84250.09,56893.54409,22.31218056737697,-1.735486928043118,0.4935038755115106,0.1712570435949114,Neutral,0.9749279121818236,-0.2225209339563143,0.4999999999999999,0.8660254037844387,93238.38810024214,95623.72262066136,-0.09640126007518143,24.133527825085324,0.8993304444272727,-0.04995816437454048,0.1712570435949114
2025-02-27 00:00:00+00:00,84708.58,42505.45439,22.0093914294977,0.1712570435949114,0.4788966494330424,-0.1617620136909369,Bearish (<49%),0.4338837391175582,-0.900968867902419,0.4999999999999999,0.8660254037844387,91926.10993097411,94815.19353764941,-0.07851447142050981,25.670216621112218,0.8147594614926666,0.005442011990729023,-0.1617620136909369
2025-02-28 00:00:00+00:00,84349.94,83648.03969,22.641174027505723,-0.1617620136909369,0.4808821942399783,0.6835669540566094,Bearish (<49%),-0.433883739117558,-0.9009688679024191,0.4999999999999999,0.8660254037844387,90760.54532620887,94039.9895718976,-0.0706320714928283,25.239559778130726,0.8422316805096981,-0.0042338096093689215,0.6835669540566094
2025-03-01 00:00:00+00:00,86064.53,25785.05464,21.508993797637117,0.6835669540566094,0.4556169398910376,3.2653657557284905,Bearish (<49%),-0.9749279121818236,-0.2225209339563146,0.8660254037844386,0.5000000000000001,90038.08142986904,93449.21478879407,-0.04413189804542928,31.18357824111969,0.9484765883090376,0.02032710396711601,3.2653657557284905
2025-03-02 00:00:00+00:00,94270.0,54889.09045,22.32719852656915,3.2653657557284905,0.5333265694512889,-2.95484873810862,Bullish (>51%),-0.7818314824680299,0.6234898018587334,0.8660254037844386,0.5000000000000001,90689.1458252738,93510.01369332784,0.03948492558994058,51.185933847006154,1.7433769780188204,0.09534090292481712,-2.95484873810862
2025-03-03 00:00:00+00:00,86220.61,59171.10218,22.394950347969974,-2.95484873810862,0.4717748270951676,0.4076347834872005,Bearish (<49%),0.0,1.0,0.8660254037844386,0.5000000000000001,90001.67877523167,92970.05786419245,-0.04201109164501738,39.16090836562311,1.9854533132819823,-0.08538654927336375,0.4076347834872005
2025-03-04 00:00:00+00:00,87281.98,55609.10706,22.27187061498981,0.4076347834872005,0.4960467333208065,1.294710941642646,Neutral,0.7818314824680298,0.6234898018587336,0.8660254037844386,0.5000000000000001,89583.26357904218,92548.71876314115,-0.025688766931466895,41.124969671389486,1.9612735409810418,0.012309933784973248,1.294710941642646
2025-03-05 00:00:00+00:00,90606.01,38264.01163,21.94711293373728,1.294710941642646,0.5025684328645497,-0.2721158446424919,Neutral,0.9749279121818236,-0.2225209339563143,0.8660254037844386,0.5000000000000001,89740.60918226645,92404.81441031588,0.009643357958222553,46.90594389594441,1.8579981493585709,0.038083806073143656,-0.2721158446424919
2025-03-06 00:00:00+00:00,89931.89,34342.44902,21.85632645248787,-0.2721158446424919,0.5032836796215181,-1.2139737752312854,Neutral,0.4338837391175582,-0.900968867902419,0.8660254037844386,0.5000000000000001,89770.0370003793,92221.63482436657,0.001802973520218207,45.92116274828051,1.8740490501353342,-0.007440124556858829,-1.2139737752312854
2025-03-07 00:00:00+00:00,86801.75,57980.35713,22.35202681594369,-1.2139737752312854,0.4897247408520748,-0.245741736670299,Bearish (<49%),-0.433883739117558,-0.9009688679024191,0.8660254037844386,0.5000000000000001,89313.37746185942,91820.16187441349,-0.028121514752165643,41.55821542110962,1.959674953259875,-0.034805673493573885,-0.245741736670299
2025-03-08 00:00:00+00:00,86222.45,12989.23054,20.83602200898111,-0.245741736670299,0.4997652316670637,-2.206736162666203,Neutral,-0.9749279121818236,-0.2225209339563146,0.8660254037844386,0.5000000000000001,88837.8501600349,91405.51655038286,-0.029440155916914332,40.78588798077475,1.950772189887848,-0.006673828580645025,-2.206736162666203
2025-03-09 00:00:00+00:00,80734.37,26115.39345,21.49962883651208,-2.206736162666203,0.4630936287885029,-0.9277066630717624,Bearish (<49%),-0.7818314824680299,0.6234898018587334,0.8660254037844386,0.5000000000000001,87591.16090464492,90615.0612503545,-0.07828176763303189,34.28528141389596,1.4833422037804747,-0.0636502442229373,-0.9277066630717624
2025-03-10 00:00:00+00:00,78595.86,47633.38405,22.06741570123728,-0.9277066630717624,0.4807252555469025,1.883213944161826,Bearish (<49%),0.0,1.0,0.8660254037844386,0.5000000000000001,86207.26845777646,89724.75004662454,-0.08829195720897313,32.13591635836514,1.1365790571157022,-0.026488223045525672,1.883213944161826
2025-03-11 00:00:00+00:00,82932.99,48770.06853,22.0911418231638,1.883213944161826,0.4927031768515746,0.2940188719057724,Neutral,0.7818314824680298,0.6234898018587336,0.8660254037844386,0.5000000000000001,85703.53331042624,89221.65670983754,-0.032327060547096303,40.309020099604645,1.4232618678133768,0.055182677560879245,0.2940188719057724
2025-03-12 00:00:00+00:00,83680.12,31933.986,21.693514688199595,0.2940188719057724,0.4931866952030354,-1.0707578320860611,Neutral,0.9749279121818236,-0.2225209339563143,0.8660254037844386,0.5000000000000001,85392.23895497606,88811.17250910883,-0.020050053446646277,41.61350144357122,1.2870147912690648,0.009008839546240877,-1.0707578320860611
2025-03-13 00:00:00+00:00,81115.78,27546.27412,21.53901558110839,-1.0707578320860611,0.4724116696621329,1.2006100726686084,Bearish (<49%),0.4338837391175582,-0.900968867902419,0.8660254037844386,0.5000000000000001,84734.32219267206,88241.14343436003,-0.04270456290951479,38.50328202012443,1.3106108397015197,-0.030644554525017353,1.2006100726686084
2025-03-14 00:00:00+00:00,83983.2,26858.52755,21.53185090346584,1.2006100726686084,0.5243357758083801,0.1295387749841184,Bullish (>51%),-0.433883739117558,-0.9009688679024191,0.8660254037844386,0.5000000000000001,84618.76493226096,87925.74021700003,-0.007510921871404653,43.58114978895691,1.4051770828553973,0.03534971863674374,0.1295387749841184
2025-03-15 00:00:00+00:00,84338.44,11324.7332,20.67559300375561,0.1295387749841184,0.4587561744942477,-0.7358777943322607,Bearish (<49%),-0.9749279121818236,-0.2225209339563146,0.8660254037844386,0.5000000000000001,84575.63801960544,87660.01427500004,-0.002804566718733482,44.19591694876242,1.4082180642143964,0.004229893597767154,-0.7358777943322607
2025-03-16 00:00:00+00:00,82574.53,17596.12531,21.10720529248431,-0.7358777943322607,0.4833992154605769,0.5822823847281948,Bearish (<49%),-0.7818314824680299,0.6234898018587334,0.8660254037844386,0.5000000000000001,84267.77524735846,87283.31173611115,-0.02009362704056358,41.76252312108556,1.1220884420874135,-0.020914662400679962,0.5822823847281948
2025-03-17 00:00:00+00:00,84010.03,17214.74358,21.086322146425548,0.5822823847281948,0.4872504240925789,-0.5465863431161865,Bearish (<49%),0.0,1.0,0.8660254037844386,0.5000000000000001,84228.12213238023,87040.84642232514,-0.0025893030363120253,44.44340295364591,1.0306693014584343,0.017384295133135996,-0.5465863431161865
2025-03-18 00:00:00+00:00,82715.03,17610.89883,21.09538996414679,-0.5465863431161865,0.4569462500285115,1.7028238093268735,Bearish (<49%),0.7818314824680298,0.6234898018587336,0.8660254037844386,0.5000000000000001,83995.33872739866,86720.41557622698,-0.01524261639748627,42.540869031107,0.8028555682987472,-0.015414826063030795,1.7028238093268735
2025-03-19 00:00:00+00:00,86845.94,28151.05374,21.58860592811791,1.7028238093268735,0.4903634726250215,-1.0553790830624723,Neutral,0.9749279121818236,-0.2225209339563143,0.8660254037844386,0.5000000000000001,84433.89276933733,86729.71368169165,0.02856728680332296,49.90734539461,1.0373177863423733,0.04994146771149088,-1.0553790830624723
2025-03-20 00:00:00+00:00,84223.39,22090.30463,21.35732198974712,-1.0553790830624723,0.4600929136213546,-0.0710481411609113,Bearish (<49%),0.4338837391175582,-0.900968867902419,0.8660254037844386,0.5000000000000001,84401.50772790083,86544.06007564042,-0.002110361920015148,45.885384455686854,1.034238265889727,-0.030197727147636355,-0.0710481411609113
2025-03-21 00:00:00+00:00,84088.79,11956.97443,20.728388214397523,-0.0710481411609113,0.4571741490292708,-0.1176328137940941,Bearish (<49%),-0.433883739117558,-0.9009688679024191,0.8660254037844386,0.5000000000000001,84353.39730822378,86362.18821818558,-0.0031368897598388523,45.68190360820756,0.9322537987996035,-0.0015981308755205204,-0.1176328137940941
2025-03-22 00:00:00+00:00,83840.59,5420.22114,19.93851955835565,-0.1176328137940941,0.4214204035225028,0.9042889578711292,Bearish (<49%),-0.9749279121818236,-0.2225209339563146,0.8660254037844386,0.5000000000000001,84274.50387618935,86175.40316498664,-0.005148815551935301,45.283129459738994,0.9312463596688274,-0.0029516419489445944,0.9042889578711292
2025-03-23 00:00:00+00:00,86082.5,8461.97813,20.392943895237977,0.9042889578711292,0.5229049357044367,0.5499673611017484,Bullish (>51%),-0.7818314824680299,0.6234898018587334,0.8660254037844386,0.5000000000000001,84552.65712600638,86168.52144906169,0.018093374306542963,49.56574868077745,0.9316980416800673,0.02674015056430301,0.5499673611017484
2025-03-24 00:00:00+00:00,87498.16,30115.62111,21.69281897206185,0.5499673611017484,0.4774915890818232,-0.0574603522281532,Bearish (<49%),0.0,1.0,0.8660254037844386,0.5000000000000001,85005.8114143131,86267.01319357564,0.02931974348835228,52.11444564193825,0.9295647767324129,0.01644538669299811,-0.0574603522281532
2025-03-25 00:00:00+00:00,87392.87,22643.25248,21.406146290008685,-0.0574603522281532,0.4169260996554502,-0.2065382377063563,Bearish (<49%),0.7818314824680298,0.6234898018587336,0.8660254037844386,0.5000000000000001,85373.05119672646,86350.40999405152,0.02365873978920156,51.90435376593089,0.8816605408334222,-0.0012033395902268929,-0.2065382377063563
2025-03-26 00:00:00+00:00,86909.17,18408.78485,21.197265817374163,-0.2065382377063563,0.4666781430714586,0.1118064296302135,Bearish (<49%),0.9749279121818236,-0.2225209339563143,0.8660254037844386,0.5000000000000001,85609.37716646085,86391.79962412176,0.015182832495227722,50.889386589066554,0.6189317615329389,-0.005534776464029556,0.1118064296302135
2025-03-27 00:00:00+00:00,87232.01,17098.03897,21.1206778105757,0.1118064296302135,0.4787130959498566,-1.1238030820156644,Bearish (<49%),0.4338837391175582,-0.900968867902419,0.8660254037844386,0.5000000000000001,85859.01298700534,86454.03742974238,0.015991297421535246,51.57008981347136,0.41240341667460445,0.003714682811951864,-1.1238030820156644
2025-03-28 00:00:00+00:00,84424.38,27182.73169,21.56049022730088,-1.1238030820156644,0.4147794080661802,-0.7400085926590702,Bearish (<49%),-0.433883739117558,-0.9009688679024191,0.8660254037844386,0.5000000000000001,85638.30021977375,86303.69243494664,-0.014174968637379078,45.64478334093176,0.6396494827548299,-0.0321857767578666,-0.7400085926590702
2025-03-29 00:00:00+00:00,82648.54,11696.39864,20.6930127092432,-0.7400085926590702,0.4806269881034082,-0.1237132073895607,Bearish (<49%),-0.9749279121818236,-0.2225209339563146,0.8660254037844386,0.5000000000000001,85178.33710903933,86032.94040272836,-0.02970000583365312,42.331735923273726,0.700491384263203,-0.02103468216171689,-0.1237132073895607
2025-03-30 00:00:00+00:00,82389.99,9864.49508,20.52064131743665,-0.1237132073895607,0.4789977603192235,0.050802636561977,Bearish (<49%),-0.7818314824680299,0.6234898018587334,0.8660254037844386,0.5000000000000001,84749.3606307256,85763.09222474849,-0.027839391508874822,41.85539994094978,0.5516236818328076,-0.0031283069247198814,0.050802636561977
2025-03-31 00:00:00+00:00,82550.01,20569.13885,21.251543793570875,0.050802636561977,0.4819298421917162,1.0714491983532397,Bearish (<49%),0.0,1.0,0.8660254037844386,0.5000000000000001,84410.99899522935,85525.08613402638,-0.02204675951453361,42.2882386048836,0.458898348236645,0.0019422262340362817,1.0714491983532397
2025-04-01 00:00:00+00:00,85158.34,20190.39697,21.2532442902154,1.0714491983532397,0.5074900951786486,-1.083856924531462,Neutral,0.7818314824680298,0.6234898018587336,1.0,6.123233995736766e-17,84525.97453442484,85497.91975372813,0.007481315288682258,48.95809507305728,0.695214065514514,0.031596967704788925,-1.083856924531462
2025-04-02 00:00:00+00:00,82516.29,39931.457,21.95211067966663,-1.083856924531462,0.5193819521787046,0.2745919549495023,Bullish (>51%),0.9749279121818236,-0.2225209339563143,1.0,6.123233995736766e-17,84216.79229835948,85277.058290489,-0.020191962338520556,43.47691513501001,0.7833082334039042,-0.0310251468030025,0.2745919549495023
2025-04-03 00:00:00+00:00,83213.09,27337.84135,21.538320745960544,0.2745919549495023,0.5103375844998823,0.2638778151508683,Bullish (>51%),0.4338837391175582,-0.900968867902419,1.0,6.123233995736766e-17,84062.37656015033,85124.17175045278,-0.010103051982388664,45.21885223344542,0.7985402723329684,0.008444393222235336,0.2638778151508683
2025-04-04 00:00:00+00:00,83889.87,32915.53976,21.7311663346856,0.2638778151508683,0.4829386941823007,-0.1604106858370618,Bearish (<49%),-0.433883739117558,-0.9009688679024191,1.0,6.123233995736766e-17,84035.83708935796,85032.74199115999,-0.001736962400966496,46.92958873840427,0.709638964146702,0.00813309540602325,-0.1604106858370618
2025-04-05 00:00:00+00:00,83537.99,9360.40468,20.474325616731992,-0.1604106858370618,0.4304991843579139,-2.120536095493447,Bearish (<49%),-0.9749279121818236,-0.2225209339563146,1.0,6.123233995736766e-17,83959.24522945673,84922.01962144443,-0.0050173775181691724,46.1230928312715,0.6453883148419343,-0.004194546969735313,-2.120536095493447
2025-04-06 00:00:00+00:00,78430.0,27942.71436,21.52933316006442,-2.120536095493447,0.4471235234714685,0.3057254875255145,Bearish (<49%),-0.7818314824680299,0.6234898018587334,1.0,6.123233995736766e-17,83108.59211723262,84441.12927911522,-0.056294926890748165,36.3558876608934,1.0470534076477538,-0.061145713465215135,0.3057254875255145
2025-04-07 00:00:00+00:00,79163.24,78387.53089,22.52902913066754,0.3057254875255145,0.4984956446049375,-1.2511421507000628,Neutral,0.0,1.0,1.0,6.123233995736766e-17,82501.61486842761,84050.17451769927,-0.04046435786440786,38.37333113816177,1.0633003277240154,0.009348973607038236,-1.2511421507000628
2025-04-08 00:00:00+00:00,76322.42,35317.32063,21.74401667899189,-1.2511421507000628,0.4446750214867588,2.821698576982968,Bearish (<49%),0.7818314824680298,0.6234898018587336,1.0,6.123233995736766e-17,81550.96950405414,83477.74825712896,-0.06411388528979065,33.89094676814614,0.9546995498284092,-0.03588559538492875,2.821698576982968
2025-04-09 00:00:00+00:00,82615.22,75488.28772,22.511725075770336,2.821698576982968,0.5231490973339037,-1.269149199144265,Bullish (>51%),0.9749279121818236,-0.2225209339563143,1.0,6.123233995736766e-17,81714.70034958428,83413.85727511942,0.011020289452977262,48.29791365401246,1.5430320313672115,0.0824502158081466,-1.269149199144265
2025-04-10 00:00:00+00:00,79607.3,33284.80718,21.7129164497959,-1.269149199144265,0.4909122354723521,1.6340097761905616,Neutral,0.4338837391175582,-0.900968867902419,1.0,6.123233995736766e-17,81390.4849111867,83131.89006955501,-0.02190900954985711,43.426313663000286,1.609326728842683,-0.036408787630172745,1.6340097761905616
2025-04-11 00:00:00+00:00,83423.84,34435.43797,21.763671142869622,1.6340097761905616,0.523286031259384,0.7484611394758032,Bullish (>51%),-0.433883739117558,-0.9009688679024191,1.0,6.123233995736766e-17,81703.30877100413,83153.51599032871,0.021058280929822887,50.27914521954402,1.7523181709241114,0.047942085713244875,0.7484611394758032
2025-04-12 00:00:00+00:00,85276.9,18470.74437,21.166285689795583,0.7484611394758032,0.5157738231423534,-0.6282631983269189,Bullish (>51%),-0.9749279121818236,-0.2225209339563146,1.0,6.123233995736766e-17,82253.09203700349,83310.80369474881,0.036762240641800746,53.240752304396615,1.7724985073268613,0.022212595344448305,-0.6282631983269189
2025-04-13 00:00:00+00:00,83760.0,24680.04181,21.45856518716212,-0.6282631983269189,0.4723930040214142,0.3256586211496441,Bearish (<49%),-0.7818314824680299,0.6234898018587334,1.0,6.123233995736766e-17,82484.92403131064,83344.07749513778,0.01545829112002757,50.58456308041498,1.530788617167265,-0.017787935537056265,0.3256586211496441
2025-04-14 00:00:00+00:00,84591.58,28659.09348,21.61080016026868,0.3256586211496441,0.5302536627896159,-0.4015887780287242,Bullish (>51%),0.0,1.0,1.0,6.123233995736766e-17,82809.02494957054,83436.48508809054,0.02152609635863984,51.998409455727796,1.530738557246722,0.009928127984718316,-0.4015887780287242
2025-04-15 00:00:00+00:00,83643.99,20910.99528,21.30042535230501,-0.4015887780287242,0.4992283045458179,0.1429467085355435,Neutral,0.7818314824680298,0.6234898018587336,1.0,6.123233995736766e-17,82937.48111117506,83451.85582230607,0.008518571812880259,50.23463146020669,1.41266702707136,-0.011201942320973268,0.1429467085355435
2025-04-16 00:00:00+00:00,84030.38,20867.24519,21.285113436080803,0.1429467085355435,0.5011092218828718,0.3597630431791499,Neutral,0.9749279121818236,-0.2225209339563143,1.0,6.123233995736766e-17,83105.61940176351,83494.7094650982,0.011127533912789388,50.96501338063105,0.9556722088361722,0.004619459210398746,0.3597630431791499
2025-04-17 00:00:00+00:00,84947.91,13728.84772,20.873115360666144,0.3597630431791499,0.4679500990196721,-0.2077749160572267,Bearish (<49%),0.4338837391175582,-0.900968867902419,1.0,6.123233995736766e-17,83389.04872456913,83602.35394916502,0.018693836891936856,52.73882062018878,0.7486162329970641,0.010919027142326287,-0.2077749160572267
2025-04-18 00:00:00+00:00,84474.69,6529.96315,20.13023270393296,-0.2077749160572267,0.4459119436225303,0.229359925905518,Bearish (<49%),-0.433883739117558,-0.9009688679024191,1.0,6.123233995736766e-17,83556.0704592508,83666.97143441204,0.010994049094221152,51.70005194914886,0.4828444393280031,-0.005570707978571843,0.229359925905518
2025-04-19 00:00:00+00:00,85077.01,9666.58153,20.52873738093143,0.229359925905518,0.5603119213540633,0.0253126134080832,Bullish (>51%),-0.9749279121818236,-0.2225209339563146,1.0,6.123233995736766e-17,83790.0611578276,83771.41873556671,0.015359206383061206,52.96979025375517,0.3879557476694946,0.007130183016948566,0.0253126134080832
2025-04-20 00:00:00+00:00,85179.24,8091.67725,20.34529961220173,0.0253126134080832,0.4749921457878217,0.9282434601419738,Bearish (<49%),-0.7818314824680299,0.6234898018587334,1.0,6.123233995736766e-17,84003.78097970027,83875.7017921914,0.013992929920425699,53.19469488490388,0.28330035304660345,0.0012016172171542827,0.9282434601419738
2025-04-21 00:00:00+00:00,87516.23,31773.37262,21.74330363649909,0.9282434601419738,0.5418498997856779,2.314782419666999,Bullish (>51%),0.0,1.0,1.0,6.123233995736766e-17,84544.15775205407,84145.37054832537,0.03515408192559246,58.12465146299545,0.4288963844043903,0.02743614523914495,2.314782419666999
2025-04-22 00:00:00+00:00,93442.99,43872.74705,22.10147385759553,2.314782419666999,0.5191781231305415,0.0753342164233058,Bullish (>51%),0.7818314824680298,0.6234898018587336,1.0,6.123233995736766e-17,85913.20886712268,84834.08310030127,0.08764404487001795,67.479728139661,0.8574445740229426,0.0677218385664009,0.0753342164233058
2025-04-23 00:00:00+00:00,93691.08,27404.16808,21.663382438658115,0.0753342164233058,0.4790533214391232,0.0902639080720121,Bearish (<49%),0.9749279121818236,-0.2225209339563143,1.0,6.123233995736766e-17,87109.80442602688,85490.1569447234,0.07555149064261649,67.80396908262462,0.863048969498975,0.0026549878166355345,0.0902639080720121
2025-04-24 00:00:00+00:00,93980.47,19497.06071,21.31721135120387,0.0902639080720121,0.439306283516209,0.2250063047704749,Bearish (<49%),0.4338837391175582,-0.900968867902419,1.0,6.123233995736766e-17,88166.82989894583,86119.06902289204,0.06593908511531597,68.20223145290572,0.8779036833280918,0.0030887678955136,0.2250063047704749
2025-04-25 00:00:00+00:00,94638.68,27500.66648,21.677575680971263,0.2250063047704749,0.4753419837845326,-0.0199282704588604,Bearish (<49%),-0.433883739117558,-0.9009688679024191,1.0,6.123233995736766e-17,89162.49914526186,86750.15131749264,0.06141798297753461,69.13734816286839,0.8344367571445571,0.007003689170739236,-0.0199282704588604
2025-04-26 00:00:00+00:00,94628.0,9415.06875,20.606313238453243,-0.0199282704588604,0.4414438959885449,-0.3356408657703548,Bearish (<49%),-0.9749279121818236,-0.2225209339563146,1.0,6.123233995736766e-17,90003.34543060618,87333.69566434502,0.051383140785133334,69.10183819869967,0.8557225712520513,-0.0001128502637609552,-0.3356408657703548
2025-04-27 00:00:00+00:00,93749.3,11162.841,20.774277144156603,-0.3356408657703548,0.4703181913994833,0.4472226565210314,Bearish (<49%),-0.7818314824680299,0.6234898018587334,1.0,6.123233995736766e-17,90579.64613358983,87808.92561513427,0.03499300341420476,66.0940057027376,0.9002090764726842,-0.009285835059390402,0.4472226565210314
2025-04-28 00:00:00+00:00,95011.18,22157.53351,21.461641129166622,0.4472226565210314,0.5247324082688479,-0.2893099619164651,Bullish (>51%),0.0,1.0,1.0,6.123233995736766e-17,91261.42057457601,88342.42593993914,0.04108811151323021,68.23250508841295,0.8773154876639417,0.013460153835815225,-0.2893099619164651
2025-04-29 00:00:00+00:00,94256.82,16955.3402,21.1977312497826,-0.2893099619164651,0.4194952508236904,-0.0470160488652776,Bearish (<49%),0.7818314824680298,0.6234898018587336,1.0,6.123233995736766e-17,91722.25125541048,88780.52920364735,0.027633084773854403,65.57004323964537,0.27564848441711925,-0.007939697201950202,-0.0470160488652776
2025-04-30 00:00:00+00:00,94172.0,17661.2751,21.232986252784933,-0.0470160488652776,0.4752327423969519,0.8310973725950901,Bearish (<49%),0.9749279121818236,-0.2225209339563143,1.0,6.123233995736766e-17,92099.13567765502,89179.89741078459,0.022506881384858554,65.26168563478214,0.2759934174819781,-0.0008998818334843284,0.8310973725950901
2025-05-01 00:00:00+00:00,96489.91,21380.45343,21.44298562485875,0.8310973725950901,0.5110215793959426,0.1256464796781932,Bullish (>51%),0.4338837391175582,-0.900968867902419,0.8660254037844387,-0.4999999999999998,92774.63941955425,89721.37982480053,0.04004618723058791,69.48493288087991,0.41758460071061926,0.024613579407891883,0.1256464796781932
2025-05-02 00:00:00+00:00,96887.14,14905.74811,21.09233501022065,0.1256464796781932,0.4991587980081598,-0.3821915004483486,Neutral,-0.433883739117558,-0.9009688679024191,0.8660254037844387,-0.4999999999999998,93407.3318165459,90252.17687481531,0.03725412251672615,70.15457941355726,0.4149388681013891,0.004116803508263045,-0.3821915004483486
2025-05-03 00:00:00+00:00,95856.42,9723.34838,20.657025756941117,-0.3821915004483486,0.4041205504970295,-0.582919024312014,Bearish (<49%),-0.9749279121818236,-0.2225209339563146,0.8660254037844387,-0.4999999999999998,93784.11461400038,90667.30599519936,0.022096550087708076,66.1011408385837,0.4534447896128627,-0.010638357164841517,-0.582919024312014
2025-05-04 00:00:00+00:00,94277.62,11036.38342,20.775424040852368,-0.582919024312014,0.3973525287326416,0.1504482447789389,Bearish (<49%),-0.7818314824680299,0.6234898018587334,0.8660254037844387,-0.4999999999999998,93860.03851953878,90934.73666222164,0.004448980493165776,60.34925107893658,0.49611690644393097,-0.016470466975503584,0.1504482447789389
2025-05-05 00:00:00+00:00,94733.68,17251.18189,21.21000328422196,0.1504482447789389,0.486902787505187,0.7470293730717825,Bearish (<49%),0.0,1.0,0.8660254037844387,-0.4999999999999998,93994.4449011482,91216.13987242743,0.00786466795595445,61.394290529176814,0.46467374234353764,0.0048374152847727725,0.7470293730717825
2025-05-06 00:00:00+00:00,96834.02,16122.64513,21.146471162445877,0.7470293730717825,0.4655537152544149,0.0537905269956853,Bearish (<49%),0.7818314824680298,0.6234898018587336,0.8660254037844387,-0.4999999999999998,94431.30260866386,91632.27914113652,0.025444077598858663,65.85733315654431,0.5281996904341804,0.022170995574119168,0.0537905269956853
2025-05-07 00:00:00+00:00,97030.5,16644.83854,21.200574050509218,0.0537905269956853,0.499659079901174,2.194186875396299,Neutral,0.9749279121818236,-0.2225209339563143,0.8660254037844387,-0.4999999999999998,94831.17913040788,92032.14735290418,0.023191959540729806,66.25039565658848,0.5242370273771636,0.0020290389679165077,2.194186875396299
2025-05-08 00:00:00+00:00,103261.6,34962.02847,21.97849599672513,2.194186875396299,0.5304963957087013,-0.1125728140267545,Bullish (>51%),0.4338837391175582,-0.900968867902419,0.8660254037844387,-0.4999999999999998,96128.16695649899,92863.95866009647,0.07420752178421464,75.77518998404773,0.9255658317730402,0.06421795208723036,-0.1125728140267545
2025-05-09 00:00:00+00:00,102971.99,27617.39907,21.769713731923627,-0.1125728140267545,0.5259439447278842,0.5981403815679521,Bullish (>51%),-0.433883739117558,-0.9009688679024191,0.8660254037844387,-0.4999999999999998,97181.0628093453,93612.70172231154,0.05958904979271157,74.71969654980282,0.9385949787141195,-0.002804624371499198,0.5981403815679521
2025-05-10 00:00:00+00:00,104809.53,15324.78611,21.185984418618467,0.5981403815679521,0.5388809162309411,-0.2431308182486924,Bullish (>51%),-0.9749279121818236,-0.2225209339563146,0.8660254037844387,-0.4999999999999998,98354.6731463691,94442.09640954772,0.065628369727028,76.91671658538485,0.8926551863900426,0.017845046988020696,-0.2431308182486924
2025-05-11 00:00:00+00:00,104118.0,17987.12197,21.35101107157148,-0.2431308182486924,0.504358384578186,-0.4545967380320618,Neutral,-0.7818314824680299,0.6234898018587334,0.8660254037844387,-0.4999999999999998,99241.33881615846,95158.83000884048,0.049139413494566075,74.29975106522649,0.8354546604757485,-0.006597968715249425,-0.4545967380320618
2025-05-12 00:00:00+00:00,102791.32,31272.77792,21.899563884752894,-0.4545967380320618,0.5262083851999547,0.423387096414722,Bullish (>51%),0.0,1.0,0.8660254037844387,-0.4999999999999998,99787.4897675187,95724.19963781525,0.030102272734583543,69.41995752860282,0.9041845525199129,-0.01274208110028996,0.423387096414722
2025-05-13 00:00:00+00:00,104103.72,21253.42409,21.5104697384922,0.423387096414722,0.5037295828034267,-0.2130542749487354,Neutral,0.7818314824680298,0.6234898018587336,0.8660254037844387,-0.4999999999999998,100451.52518790044,96344.90484982895,0.036357783570412916,71.41966352609532,0.891521749740732,0.012767615008738131,-0.2130542749487354
2025-05-14 00:00:00+00:00,103507.82,16452.9081,21.25665983591021,-0.2130542749487354,0.4878185230974456,0.0690424131575951,Bearish (<49%),0.9749279121818236,-0.2225209339563143,0.8660254037844387,-0.4999999999999998,100921.7243897619,96875.49115724902,0.02562476638082941,69.20673062725919,0.9118374950046048,-0.005724099004339123,0.0690424131575951
2025-05-15 00:00:00+00:00,103763.71,17998.98604,21.33855064654028,0.0690424131575951,0.4708698779567474,-0.1154889788326099,Bearish (<49%),0.4338837391175582,-0.900968867902419,0.8660254037844387,-0.4999999999999998,101358.95294518316,97385.72959004539,0.023725156830668746,69.6417334030739,0.3796896853740573,0.0024721803627976158,-0.1154889788326099
2025-05-16 00:00:00+00:00,103463.9,15683.88024,21.211129259076404,-0.1154889788326099,0.4817148495390449,-0.1282316978699418,Bearish (<49%),-0.433883739117558,-0.9009688679024191,0.8660254037844387,-0.4999999999999998,101682.79095361652,97835.96443522722,0.0175163272927465,68.4221529748259,0.3798476442509535,-0.002889353127408567,-0.1282316978699418
2025-05-17 00:00:00+00:00,103126.65,11250.89622,20.872046434759373,-0.1282316978699418,0.4741946904208489,1.0945176071077014,Bearish (<49%),-0.9749279121818236,-0.2225209339563146,0.8660254037844387,-0.4999999999999998,101904.9231145986,98227.86706965482,0.011988889722506208,67.00076972489589,0.27759304154561387,-0.00325959102643536,1.0945176071077014
2025-05-18 00:00:00+00:00,106454.26,21599.98726,21.539610246408916,1.0945176071077014,0.5400419407469594,-0.300724529017552,Bullish (>51%),-0.7818314824680299,0.6234898018587334,0.8660254037844387,-0.4999999999999998,102604.82109696804,98837.22950893965,0.037517134788374075,72.9678309972622,0.5161755778712828,0.0322672170578604,-0.300724529017552
2025-05-19 00:00:00+00:00,105573.74,30260.03524,21.87077130180992,-0.300724529017552,0.4695403983277053,0.4000206738858246,Bearish (<49%),0.0,1.0,0.8660254037844387,-0.4999999999999998,103061.57785128064,99336.23028605523,0.0243753511356526,69.39215194021514,0.49148031146810217,-0.008271345834351629,0.4000206738858246
2025-05-20 00:00:00+00:00,106849.99,23705.48275,21.643190934373823,0.4000206738858246,0.520996044680845,0.8839363762932688,Bullish (>51%),0.7818314824680298,0.6234898018587336,0.8660254037844387,-0.4999999999999998,103644.41048954516,99892.80507968078,0.030928628908340396,71.56700963463375,0.4891381501362858,0.012088706907607882,0.8839363762932688
2025-05-21 00:00:00+00:00,109643.99,45531.040345,22.31549848693121,0.8839363762932688,0.519681720771364,0.628155175196663,Bullish (>51%),0.9749279121818236,-0.2225209339563143,0.8660254037844387,-0.4999999999999998,104567.42272192283,100615.1150737785,0.048548268150180346,75.6467321397529,0.5395876205345793,0.02614880918566298,0.628155175196663
2025-05-22 00:00:00+00:00,111696.21,31630.77313,21.978720275776208,0.628155175196663,0.5243173431720668,-1.3650370138996848,Bullish (>51%),0.4338837391175582,-0.900968867902419,0.8660254037844387,-0.4999999999999998,105664.1592262424,101435.93692016529,0.05708700866906167,78.12905276860515,0.5459050039690004,0.018717122570968137,-1.3650370138996848
2025-05-23 00:00:00+00:00,107318.3,31737.72309,21.96733525332678,-1.3650370138996848,0.4508614710457479,0.1262242788649681,Bearish (<49%),-0.433883739117558,-0.9009688679024191,0.8660254037844387,-0.4999999999999998,105918.6424222051,101871.66751867157,0.01321445919043875,63.305019676374265,0.8459750577403932,-0.03919479452346686,0.1262242788649681
2025-05-24 00:00:00+00:00,107761.91,16782.53129,21.3220797112818,0.1262242788649681,0.5235746216207413,0.3807226829162186,Bullish (>51%),-0.9749279121818236,-0.2225209339563146,0.8660254037844387,-0.4999999999999998,106202.22204955817,102307.98177654775,0.0146860199376433,64.04937356391534,0.8362736341627368,0.004133591381898505,0.3807226829162186
2025-05-25 00:00:00+00:00,109004.19,17710.04695,21.367415220881373,0.3807226829162186,0.4442205682577256,0.119916056186675,Bearish (<49%),-0.7818314824680299,0.6234898018587334,0.8660254037844387,-0.4999999999999998,106633.29404193384,102803.99720050718,0.0222341059550669,66.1218757952974,0.7493905599580418,0.011528006509906819,0.119916056186675
2025-05-26 00:00:00+00:00,109434.79,14649.11593,21.19674982901455,0.119916056186675,0.4983995563205294,-0.1722330808874395,Neutral,0.0,1.0,0.8660254037844387,-0.4999999999999998,107064.29342009786,103295.16703750665,0.022140869791208523,66.83555090015511,0.7277420981297866,0.003950306864350717,-0.1722330808874395
2025-05-27 00:00:00+00:00,108938.17,21276.65635,21.56810518529056,-0.1722330808874395,0.4685836226329801,-0.3813911798194501,Bearish (<49%),0.7818314824680298,0.6234898018587336,0.8660254037844387,-0.4999999999999998,107352.5821246982,103713.16725695059,0.014769909059663076,65.1314060409095,0.7294355319305219,-0.004538044985511469,-0.3813911798194501
2025-05-28 00:00:00+00:00,107781.78,15633.78829,21.247483435682355,-0.3813911798194501,0.4398980773200683,-0.7160189834946877,Bearish (<49%),0.9749279121818236,-0.2225209339563143,0.8660254037844387,-0.4999999999999998,107418.61256705232,104014.54597865796,0.003380861326252807,61.21725454859693,0.6513285373661659,-0.010615103962183348,-0.7160189834946877
2025-05-29 00:00:00+00:00,105589.75,19834.70116,21.478748653530143,-0.7160189834946877,0.4768155307059842,-0.5389662556005996,Bearish (<49%),0.4338837391175582,-0.900968867902419,0.8660254037844387,-0.4999999999999998,107137.24909519812,104131.22775801663,-0.014444080917394724,54.52778223485508,0.5986777924376143,-0.02033766746104948,-0.5389662556005996
2025-05-30 00:00:00+00:00,103985.48,23706.49799,21.63678414905077,-0.5389662556005996,0.4670022313995944,0.1846651769810497,Bearish (<49%),-0.433883739117558,-0.9009688679024191,0.8660254037844387,-0.4999999999999998,106652.36154209072,104120.43162779316,-0.025005367940570407,50.20392509008332,0.39875847549147025,-0.015193425498213675,0.1846651769810497
2025-05-31 00:00:00+00:00,104591.88,11289.35922,20.88368324106677,0.1846651769810497,0.4676041967597165,0.3298207915789349,Bearish (<49%),-0.9749279121818236,-0.2225209339563146,0.8660254037844387,-0.4999999999999998,106335.36438176906,104155.35372943811,-0.016396091666263875,51.76103023754071,0.4065019018470203,0.005831583409529939,0.3298207915789349
2025-06-01 00:00:00+00:00,105642.93,9709.70006,20.739324687548407,0.3298207915789349,0.4779087583885676,0.0540206596114477,Bearish (<49%),-0.7818314824680299,0.6234898018587334,0.4999999999999999,-0.8660254037844387,106228.83601534305,104265.54456429456,-0.005515508192694846,54.42134602402728,0.3955140005183249,0.0100490592577549,0.0540206596114477
2025-06-02 00:00:00+00:00,105857.99,13453.98813,21.06614905565436,0.0540206596114477,0.4827308384134868,-0.1724644694711441,Bearish (<49%),0.0,1.0,0.4999999999999999,-0.8660254037844387,106171.78278221335,104383.50348545791,-0.002955519573943883,54.96857838707745,0.38824367328841625,0.0020357254385126033,-0.1724644694711441
2025-06-03 00:00:00+00:00,105376.89,13259.52634,21.061517736598475,-0.1724644694711441,0.4721303159310289,-0.2381520905498616,Bearish (<49%),0.7818314824680298,0.6234898018587336,0.4999999999999999,-0.8660254037844387,106049.49158494976,104457.08767172029,-0.0063423367231419826,53.42331847462957,0.3882431939840471,-0.004544767948078454,-0.2381520905498616
2025-06-04 00:00:00+00:00,104696.86,14034.89482,21.113230418449174,-0.2381520905498616,0.4973282086911998,-1.0641145215295935,Neutral,0.9749279121818236,-0.2225209339563143,0.4999999999999999,-0.8660254037844387,105841.39441803443,104474.84858492619,-0.010813674785065067,51.23103087870758,0.3793599945215632,-0.00645331248625769,-1.0641145215295935
2025-06-05 00:00:00+00:00,101508.68,22321.50154,21.556856420039374,-1.0641145215295935,0.4482386712233696,0.9264644443305792,Bearish (<49%),0.4338837391175582,-0.900968867902419,0.4999999999999999,-0.8660254037844387,105174.82296910606,104255.13239345019,-0.03485761007824992,42.43829485100514,0.4755204058725366,-0.030451534076571196,0.9264644443305792
2025-06-06 00:00:00+00:00,104288.44,15839.07385,21.219413710591382,0.9264644443305792,0.4833367697190199,0.4010099577264638,Bearish (<49%),-0.433883739117558,-0.9009688679024191,0.4999999999999999,-0.8660254037844387,105038.45635847436,104257.59962356498,-0.007140397759794825,50.427141013476145,0.608670571047024,0.027384456186406947,0.4010099577264638
2025-06-07 00:00:00+00:00,105552.15,8344.93206,20.593060769910203,0.4010099577264638,0.4757401368226358,0.0432520516696619,Bearish (<49%),-0.9749279121818236,-0.2225209339563146,0.4999999999999999,-0.8660254037844387,105117.4861494783,104353.49224404164,0.004135028970380825,53.581195306887004,0.6247198591929992,0.012117450409652175,0.0432520516696619
2025-06-08 00:00:00+00:00,105734.0,8048.06305,20.56179004487192,0.0432520516696619,0.5419220293011994,1.45820466583691,Bullish (>51%),-0.7818314824680299,0.6234898018587334,0.4999999999999999,-0.8660254037844387,105212.33443417394,104455.75207781633,0.0049582168158471655,54.0344147772273,0.6113342698513522,0.0017228450581063814,1.45820466583691
2025-06-09 00:00:00+00:00,110263.02,19975.37451,21.4910203752633,1.45820466583691,0.5318489605629927,-0.0124951818571953,Bullish (>51%),0.0,1.0,0.4999999999999999,-0.8660254037844387,105989.36298276257,104885.92007205216,0.040321565268134255,63.57351633001814,0.8270628139260037,0.042834093101556725,-0.0124951818571953
2025-06-10 00:00:00+00:00,110274.39,17071.82839,21.34793102453028,-0.0124951818571953,0.4691527835818411,-0.5245543858134132,Bearish (<49%),0.7818314824680298,0.6234898018587336,0.4999999999999999,-0.8660254037844387,106648.59790849141,105285.06599264088,0.03399755986121499,63.59394260797477,0.8174206772960703,0.00010311707406529536,-0.5245543858134132
2025-06-11 00:00:00+00:00,108645.12,13115.91638,21.084350292508837,-0.5245543858134132,0.4598206099572586,-0.957983464652674,Bearish (<49%),0.9749279121818236,-0.2225209339563143,0.4999999999999999,-0.8660254037844387,106955.75515333889,105533.95888207489,0.015794987789475367,58.529151959138986,0.8504592420192602,-0.014774690660270262,-0.957983464652674
2025-06-12 00:00:00+00:00,105671.73,17778.67218,21.36948349017372,-0.957983464652674,0.4663580269693683,0.1125630521543936,Bearish (<49%),0.4338837391175582,-0.900968867902419,0.4999999999999999,-0.8660254037844387,106758.21282205598,105544.16415006935,-0.010177042059208413,50.60768336959781,0.8252514009038672,-0.027367911232460296,0.1125630521543936
2025-06-13 00:00:00+00:00,106066.59,26180.81734,21.729566139984883,0.1125630521543936,0.4886672132444586,-0.2275961233009022,Bearish (<49%),-0.433883739117558,-0.9009688679024191,0.4999999999999999,-0.8660254037844387,106651.80931097045,105582.86236117533,-0.005487195339219211,51.545554248633465,0.7589607681704036,0.003736666372359032,-0.2275961233009022
2025-06-14 00:00:00+00:00,105414.64,8798.93969,20.645918824645676,-0.2275961233009022,0.4373884940220564,0.0425196871281704,Bearish (<49%),-0.9749279121818236,-0.2225209339563146,0.4999999999999999,-0.8660254037844387,106461.47557082115,105570.40144553271,-0.009832998887233733,49.862067249151494,0.7510062841074832,-0.0061466103511010894,0.0425196871281704
2025-06-15 00:00:00+00:00,105594.01,7164.20047,20.44169424128084,0.0425196871281704,0.4685057507889642,0.3752571253166546,Bearish (<49%),-0.7818314824680299,0.6234898018587334,0.4999999999999999,-0.8660254037844387,106328.01932915635,105572.1502273451,-0.006903254041478038,50.34259971423583,0.7509967835729393,0.0017015663099546607,0.3752571253166546
2025-06-16 00:00:00+00:00,106794.53,14922.6654,21.19317561224583,0.3752571253166546,0.4987278753834419,-0.7390324106367092,Neutral,0.0,1.0,0.4999999999999999,-0.8660254037844387,106399.79020159383,105662.69687717139,0.00370996782661189,53.55133452755331,0.4466659665600535,0.011369205507016922,-0.7390324106367092
2025-06-17 00:00:00+00:00,104551.17,17866.33025,21.356224214559727,-0.7390324106367092,0.4523958074714308,0.0944366774326871,Bearish (<49%),0.7818314824680298,0.6234898018587336,0.4999999999999999,-0.8660254037844387,106115.38709365632,105580.36155293646,-0.014740718914550614,47.38904549877529,0.48651306349338064,-0.02100631933114927,0.0944366774326871
2025-06-18 00:00:00+00:00,104886.78,13968.64167,21.102649101243397,0.0944366774326871,0.4765183972250896,-0.0909227215204737,Bearish (<49%),0.9749279121818236,-0.2225209339563143,0.4999999999999999,-0.8660254037844387,105926.3706177092,105528.98514160783,-0.009814275818635417,48.3466601411456,0.4896509503972169,0.0032100071190022117,-0.0909227215204737
2025-06-19 00:00:00+00:00,104658.59,7678.60737,20.50436648620999,-0.0909227215204737,0.4666467742574524,-0.4634863059443933,Bearish (<49%),0.4338837391175582,-0.900968867902419,0.4999999999999999,-0.8660254037844387,105731.32744575394,105464.51142741465,-0.01014588080627584,47.71077674815346,0.35206394360278764,-0.002175583996381625,-0.4634863059443933
2025-06-20 00:00:00+00:00,103297.99,16419.06283,21.26233594972632,-0.4634863059443933,0.4332750573925418,-0.4085330405860037,Bearish (<49%),-0.433883739117558,-0.9009688679024191,0.4999999999999999,-0.8660254037844387,105356.96783871487,105304.02835871727,-0.019542872967517857,43.99513209985972,0.371306272216999,-0.013000366238452021,-0.4085330405860037
2025-06-21 00:00:00+00:00,102120.01,11154.21332,20.85852180327778,-0.4085330405860037,0.4153530954704746,-0.4056997315970516,Bearish (<49%),-0.9749279121818236,-0.2225209339563146,0.4999999999999999,-0.8660254037844387,104858.97432506643,105068.17514696045,-0.02612045695369434,41.016809767465624,0.38416142915255963,-0.011403706887229914,-0.4056997315970516
2025-06-22 00:00:00+00:00,100963.87,28746.41072,21.7854545714689,-0.4056997315970516,0.4571711500961954,1.4736689004773225,Bearish (<49%),-0.7818314824680299,0.6234898018587334,0.4999999999999999,-0.8660254037844387,104259.72750582545,104764.15254348189,-0.03161199040771803,38.27793152123647,0.3801754603448784,-0.01132138549535977,1.4736689004773225
2025-06-23 00:00:00+00:00,105333.93,27666.50609,21.765719270065382,1.4736689004773225,0.4846366066746088,0.2287128998968017,Bearish (<49%),0.0,1.0,0.4999999999999999,-0.8660254037844387,104424.98942800614,104806.35828100175,0.008704243849797117,51.46928108277808,0.7348213634650259,0.043283404251441615,0.2287128998968017
2025-06-24 00:00:00+00:00,106083.0,14651.69335,21.15728672887906,0.2287128998968017,0.4674081975650958,0.3919660113197292,Bearish (<49%),0.7818314824680298,0.6234898018587336,0.4999999999999999,-0.8660254037844387,104680.06797754366,104900.92433426088,0.013402093154518237,53.311243446986694,0.6783945713817663,0.007111383767794521,0.3919660113197292
2025-06-25 00:00:00+00:00,107340.58,16701.15551,21.305227497708547,0.3919660113197292,0.513505612522735,-0.1422223651757989,Bullish (>51%),0.9749279121818236,-0.2225209339563143,0.4999999999999999,-0.8660254037844387,105089.37751946002,105081.63956876007,0.02142178908732347,56.30937177618526,0.6900470255864157,0.01185467982617383,-0.1422223651757989
2025-06-26 00:00:00+00:00,106947.06,10573.27279,20.850861878015465,-0.1422223651757989,0.4712911582791008,0.0163082870835833,Bearish (<49%),0.4338837391175582,-0.900968867902419,0.4999999999999999,-0.8660254037844387,105375.17482415847,105219.81885996304,0.014917035046106069,55.11665686522453,0.6927253420734736,-0.0036660878858676416,0.0163082870835833
2025-06-27 00:00:00+00:00,107047.59,12232.44042,20.992086406022093,0.0163082870835833,0.3974906014706753,0.0640778807075579,Bearish (<49%),-0.433883739117558,-0.9009688679024191,0.4999999999999999,-0.8660254037844387,105632.46946659563,105355.20931478059,0.013396643480458145,55.37669155547073,0.6505536415518495,0.0009399977895605538,0.0640778807075579
2025-06-28 00:00:00+00:00,107296.79,3282.17352,19.679213863356164,0.0640778807075579,0.4614075339929012,0.3240174744400814,Bearish (<49%),-0.9749279121818236,-0.2225209339563146,0.4999999999999999,-0.8660254037844387,105888.51877942708,105499.03010627833,0.013299564832958353,56.056332338982926,0.6039818620532776,0.002327936574751499,0.3240174744400814
2025-06-29 00:00:00+00:00,108356.93,6831.7364,20.41770242866681,0.3240174744400814,0.5519986031662463,-0.4005157910167051,Bullish (>51%),-0.7818314824680299,0.6234898018587334,0.4999999999999999,-0.8660254037844387,106268.27435182291,105710.72639470216,0.01965455504868894,58.92262304437497,0.5344646784007488,0.009880444699230884,-0.4005157910167051
2025-06-30 00:00:00+00:00,107146.5,9754.12491,20.77244369009291,-0.4005157910167051,0.4440563699937281,-0.4867478923747584,Bearish (<49%),0.0,1.0,0.4999999999999999,-0.8660254037844387,106403.385990004,105817.0799950946,0.006983931978121583,54.547782995445274,0.27770179304480164,-0.011170766835125301,-0.4867478923747584
2025-07-01 00:00:00+00:00,105681.14,10505.62437,20.83429987897621,-0.4867478923747584,0.4425169895923092,1.0158423736058009,Bearish (<49%),0.7818314824680298,0.6234898018587336,1.2246467991473532e-16,-1.0,106292.27122231107,105807.01036582833,-0.005749535834387123,49.73363288194094,0.3348623850655489,-0.013676228341569674,1.0158423736058009
2025-07-02 00:00:00+00:00,108849.6,17691.89592,21.373348409100757,1.0158423736058009,0.5227495307354262,0.2164156890831418,Bullish (>51%),0.9749279121818236,-0.2225209339563143,1.2246467991473532e-16,-1.0,106685.7064188786,106032.38737576698,0.020282881875715742,58.302789916607225,0.5061365529705448,0.02998131927797143,0.2164156890831418
2025-07-03 00:00:00+00:00,109584.78,13047.08225,21.080561921983893,0.2164156890831418,0.5335979896961254,-0.5187310822213239,Bullish (>51%),0.4338837391175582,-0.900968867902419,1.2246467991473532e-16,-1.0,107131.71773905112,106295.5275701546,0.0228976283841914,60.00644153045743,0.5008723968581856,0.006754090047184302,-0.5187310822213239
2025-07-04 00:00:00+00:00,107984.24,11793.86615,20.967164590472724,-0.5187310822213239,0.4059566353481127,0.0093775534148092,Bearish (<49%),-0.433883739117558,-0.9009688679024191,1.2246467991473532e-16,-1.0,107262.87500996634,106420.61737977278,0.0067252065541468535,54.760772464272456,0.5549352648685754,-0.014605495398174795,0.0093775534148092
2025-07-05 00:00:00+00:00,108064.0,1138.7132,18.628206464969587,0.0093775534148092,0.5194859952444567,-0.0249620396364495,Bullish (>51%),-0.9749279121818236,-0.2225209339563146,1.2246467991473532e-16,-1.0,107386.12500843305,106542.34942571554,0.006312500721240413,54.97201860806149,0.5547707553409892,0.0007386263032456153,-0.0249620396364495
2025-07-06 00:00:00+00:00,108036.0,355.20453,17.46411726581186,-0.0249620396364495,0.4865852358358155,0.4430170805281019,Bearish (<49%),-0.7818314824680299,0.6234898018587334,1.2246467991473532e-16,-1.0,107486.10577636643,106652.99020899588,0.005115956333720668,54.87514469182807,0.5386372475549489,-0.00025910571513176883,0.4430170805281019
2025-07-07 00:00:00+00:00,109476.98,652.41452,18.079878849655675,0.4430170805281019,0.5008044578774856,-0.5676724191344917,Neutral,0.0,1.0,1.2246467991473532e-16,-1.0,107792.3941184639,106862.17463795915,0.015628058874773094,58.89023039654114,0.5355075869326722,0.01333796142026733,-0.5676724191344917
2025-07-08 00:00:00+00:00,107722.34,842.1215,18.32698923391833,-0.5676724191344917,0.4511328828441027,0.3358152570951066,Bearish (<49%),0.7818314824680298,0.6234898018587336,1.2246467991473532e-16,-1.0,107781.61656177713,106925.89059070293,-0.0005499691289484511,52.736923901681486,0.5507766333484759,-0.0160274790188768,0.3358152570951066
2025-07-09 00:00:00+00:00,108823.61,405.85399,17.604183735440543,0.3358152570951066,0.4569948911922733,0.7605917375172745,Bearish (<49%),0.9749279121818236,-0.2225209339563143,1.2246467991473532e-16,-1.0,107941.92324458066,107066.462398799,0.00816815866270579,55.854668551511786,0.39713328844298623,0.010223227605341778,0.7605917375172745
2025-07-10 00:00:00+00:00,111279.22,934.62174,18.458821322414387,0.7605917375172745,0.5276728957749259,1.3790093448782914,Bullish (>51%),0.4338837391175582,-0.900968867902419,1.2246467991473532e-16,-1.0,108455.35351464518,107378.51851740648,0.02603713319668915,61.8912795849111,0.49197645662292644,0.022565048154531864,1.3790093448782914
2025-07-11 00:00:00+00:00,115789.71,2053.39834,19.28668502933474,1.3790093448782914,0.4163752318997199,0.5358344921068613,Bearish (<49%),-0.433883739117558,-0.9009688679024191,1.2246467991473532e-16,-1.0,109583.71605085362,108001.56973833934,0.056632446615210816,70.00479785936358,0.6235862078459109,0.040533084254185114,0.5358344921068613
2025-07-12 00:00:00+00:00,117646.37,790.084,18.346308988657,0.5358344921068613,0.4639879557110383,-0.0821843294700698,Bearish (<49%),-0.9749279121818236,-0.2225209339563146,1.2246467991473532e-16,-1.0,110824.1243507223,108715.99938735124,0.061559210950203495,72.59159273028529,0.6095554165614296,0.016034758183607112,-0.0821843294700698
2025-07-13 00:00:00+00:00,117420.29,444.14008,17.76966989321361,-0.0821843294700698,0.4869934053238339,0.4991171578410696,Bearish (<49%),-0.7818314824680299,0.6234898018587334,1.2246467991473532e-16,-1.0,111838.9190659958,109360.76165495485,0.049905444192559184,71.77983376614847,0.6166841056250606,-0.0019216912515023221,0.4991171578410696
2025-07-14 00:00:00+00:00,119177.83,978.39593,18.57398410724947,0.4991171578410696,0.5271693945006497,-0.3591122740466802,Bullish (>51%),0.0,1.0,1.2246467991473532e-16,-1.0,112967.98228661183,110087.95190273598,0.05496997988007895,74.19563755444509,0.6176904768476963,0.01496794123060008,-0.3591122740466802
2025-07-15 00:00:00+00:00,117989.89,3161.0031,19.744775062423503,-0.3591122740466802,0.4005517710501454,-0.1533240863422244,Bearish (<49%),0.7818314824680298,0.6234898018587336,1.2246467991473532e-16,-1.0,113740.58347328694,110673.28065068147,0.03735963362374564,69.84350525385437,0.5655809696240813,-0.00996779350656074,-0.1533240863422244
2025-07-16 00:00:00+00:00,117519.27,1201.47103,18.767846071587307,-0.1533240863422244,0.5545613696569945,0.2123753585617795,Bullish (>51%),0.9749279121818236,-0.2225209339563143,1.2246467991473532e-16,-1.0,114321.91986201203,111180.39097285322,0.027967953493496397,68.13830418745134,0.608928440990287,-0.003988646823893105,0.2123753585617795
2025-07-17 00:00:00+00:00,118299.21,1336.75369,18.879836769741797,0.2123753585617795,0.4624770027752832,0.5192163793443281,Bearish (<49%),0.4338837391175582,-0.900968867902419,1.2246467991473532e-16,-1.0,114933.81065247172,111707.71090079001,0.029281195223782624,69.46866915961624,0.5848839294902517,0.006636698815436937,0.5192163793443281
2025-07-18 00:00:00+00:00,120138.99,1804.48656,19.193528738037276,0.5192163793443281,0.5058402429996486,-0.6286257098292194,Neutral,-0.433883739117558,-0.9009688679024191,1.2246467991473532e-16,-1.0,115734.60747516838,112332.25009332408,0.03805588164954564,72.39655771009171,0.36831807926508303,0.015551921268113222,-0.6286257098292194
2025-07-19 00:00:00+00:00,118000.7,646.96159,18.15004580497681,-0.6286257098292194,0.4338961452101043,-0.0499979163520757,Bearish (<49%),-0.9749279121818236,-0.2225209339563146,1.2246467991473532e-16,-1.0,116083.23709437324,112752.13527159637,0.01651799995952819,64.63798219464272,0.4317007781434172,-0.01779846825747422,-0.0499979163520757
2025-07-20 00:00:00+00:00,117884.29,563.92621,18.012628154216728,-0.0499979163520757,0.5085934558707602,-0.0160471490049102,Neutral,-0.7818314824680299,0.6234898018587334,1.2246467991473532e-16,-1.0,116360.32215677736,113132.29488110775,0.013096971673637402,64.23439250458576,0.4308368364213328,-0.0009865195714940933,-0.0160471490049102
2025-07-21 00:00:00+00:00,117884.28,1716.16569,19.11937223597297,-0.0160471490049102,0.4586359432462491,-0.1418270113286172,Bearish (<49%),0.0,1.0,1.2246467991473532e-16,-1.0,116594.77720958083,113484.29377880348,0.01105969599394033,64.23435540115769,0.37255520852282065,-8.482894531258722e-08,-0.1418270113286172
2025-07-22 00:00:00+00:00,117453.46,2436.39879,19.46938311390596,-0.1418270113286172,0.4564609802650574,0.5273957995013181,Bearish (<49%),0.7818314824680298,0.6234898018587336,1.2246467991473532e-16,-1.0,116726.8822542607,113778.3060914847,0.006224596525731255,62.55783566366163,0.35277792569148325,-0.0036546009357650844,0.5273957995013181
2025-07-23 00:00:00+00:00,119308.0,1062.0363,18.659390759639106,0.5273957995013181,0.4322080610615663,-0.1207932277122373,Bearish (<49%),0.9749279121818236,-0.2225209339563143,1.2246467991473532e-16,-1.0,117123.97729206675,114187.91304767103,0.01864710163049754,66.59916012654391,0.40525261710203325,0.01578957316370233,-0.1207932277122373
2025-07-24 00:00:00+00:00,118944.89,1010.40115,18.604540962035024,-0.1207932277122373,0.5347022318808722,-0.5498778506390317,Bullish (>51%),0.4338837391175582,-0.900968867902419,1.2246467991473532e-16,-1.0,117404.11770867187,114540.2817108065,0.013123664837305154,65.11717110065717,0.40398550214960055,-0.0030434673282596636,-0.5498778506390317
2025-07-25 00:00:00+00:00,117100.0,4295.59166,20.039704826871336,-0.5498778506390317,0.3757327320073994,0.033033989847867,Bearish (<49%),-0.433883739117558,-0.9009688679024191,1.2246467991473532e-16,-1.0,117357.3303688762,114729.89047296898,-0.00219270809984649,58.049277474958195,0.38210142741346265,-0.0155104603484858,0.033033989847867
2025-07-26 00:00:00+00:00,117266.98,692.15335,18.213296530433237,0.033033989847867,0.299177097098497,0.243232111399052,Bearish (<49%),-0.9749279121818236,-0.2225209339563146,1.2246467991473532e-16,-1.0,117343.430312126,114917.82303052684,-0.0006515090953336967,58.48845693454513,0.31744024226140083,0.0014259607173354727,0.243232111399052
2025-07-27 00:00:00+00:00,118150.38,573.1169,18.030109275379623,0.243232111399052,0.5791738648781776,0.3753690002538845,Bullish (>51%),-0.7818314824680299,0.6234898018587334,1.2246467991473532e-16,-1.0,117467.57641795276,115157.27169493226,0.005812698302532521,60.825078249436004,0.33556917967650246,0.007533237404084403,0.3753690002538845
2025-07-28 00:00:00+00:00,119494.04,1129.1822,18.718654387723102,0.3753690002538845,0.4425076218877697,-0.4695590106291079,Bearish (<49%),0.0,1.0,1.2246467991473532e-16,-1.0,117779.34004596002,115478.51379160395,0.01455858008179412,64.13213508870318,0.3645043545661222,0.01137245601749215,-0.4695590106291079
2025-07-29 00:00:00+00:00,117919.49,1186.14424,18.75616585771667,-0.4695590106291079,0.4461186609142914,0.0138378467281096,Bearish (<49%),0.7818314824680298,0.6234898018587336,1.2246467991473532e-16,-1.0,117800.9015773508,115659.32684407775,0.0010066851871361733,57.95771046006324,0.411608342819685,-0.013176807814013092,0.0138378467281096
2025-07-30 00:00:00+00:00,118021.87,610.01661,18.090100832191,0.0138378467281096,0.4333520852817433,0.0278418096720841,Bearish (<49%),0.9749279121818236,-0.2225209339563143,1.2246467991473532e-16,-1.0,117834.89671929684,115834.33004081273,0.0015867394626615317,58.23924551851531,0.34316895838362615,0.0008682194945042188,0.0278418096720841
2025-07-31 00:00:00+00:00,118172.36,1420.41816,18.93931154844018,0.0278418096720841,0.4888177295621171,-0.7185528081228955,Bearish (<49%),0.4338837391175582,-0.900968867902419,1.2246467991473532e-16,-1.0,117886.81414709734,116007.51744519697,0.00242220349212564,58.67728391894112,0.34394265447555256,0.001275102656821181,-0.7185528081228955
2025-08-01 00:00:00+00:00,115760.31,4615.46977,20.091388504550707,-0.7185528081228955,0.4663226664357505,-0.613300083461851,Bearish (<49%),-0.433883739117558,-0.9009688679024191,-0.4999999999999997,-0.8660254037844388,117559.6596629285,115989.20578258978,-0.015305842736255537,49.68215098897619,0.38814743114495776,-0.020411287377183673,-0.613300083461851
2025-08-02 00:00:00+00:00,113751.5,941.81216,18.48797721670102,-0.613300083461851,0.5030179691033083,-0.1320793534017064,Neutral,-0.9749279121818236,-0.2225209339563146,-0.4999999999999997,-0.8660254037844388,116973.78894555489,115823.44979869424,-0.027547102428687607,43.676955130853145,0.4335791818189508,-0.01735318435135491,-0.1320793534017064
2025-08-03 00:00:00+00:00,113368.0,1650.61092,19.042239986631152,-0.1320793534017064,0.4275506307688791,0.4223309053943067,Bearish (<49%),-0.7818314824680299,0.6234898018587334,-0.4999999999999997,-0.8660254037844388,116419.05218470028,115641.5646284206,-0.026207498922596873,42.61787274695044,0.3965980893665616,-0.0033713841136160383,0.4223309053943067
2025-08-04 00:00:00+00:00,114811.96,1159.02884,18.704391236114414,0.4223309053943067,0.5026790791504377,-0.0601499923076519,Neutral,0.0,1.0,-0.4999999999999997,-0.8660254037844388,116171.80723320793,115580.11243372278,-0.011705484020560288,47.75474451790307,0.40850007478217976,0.012736927528050224,-0.0601499923076519
2025-08-05 00:00:00+00:00,114664.83,768.15187,18.295795334017416,-0.0601499923076519,0.5094474481979716,-0.3116585725751563,Neutral,0.7818314824680298,0.6234898018587336,-0.4999999999999997,-0.8660254037844388,115939.96458194518,115512.3137349285,-0.010998231598077897,47.29020355105521,0.394189497521832,-0.0012814867022564735,-0.3116585725751563
2025-08-06 00:00:00+00:00,113679.97,683.68204,18.16984527238778,-0.3116585725751563,0.4017064423690287,0.3138815045391235,Bearish (<49%),0.9749279121818236,-0.2225209339563143,-0.4999999999999997,-0.8660254037844388,115592.27310779976,115376.58456937823,-0.01654352022315861,44.191338947903034,0.39062572480807667,-0.008589032923172701,0.3138815045391235
2025-08-07 00:00:00+00:00,114769.7,808.03504,18.34594637746679,0.3138815045391235,0.4781040683582236,0.5894345284412029,Bearish (<49%),0.4338837391175582,-0.900968867902419,-0.4999999999999997,-0.8660254037844388,115465.72339890749,115331.63015683168,-0.006027965515817112,48.23346286856893,0.431050114747163,0.009585945527607054,0.5894345284412029
2025-08-08 00:00:00+00:00,116788.74,1591.1612,19.04302629264605,0.5894345284412029,0.4238395833181452,-0.099255745507643,Bearish (<49%),-0.433883739117558,-0.9009688679024191,-0.4999999999999997,-0.8660254037844388,115669.26441446018,115439.56421928859,0.009678245912661618,54.769968110226664,0.43058897953837805,0.017592099656965177,-0.099255745507643
2025-08-09 00:00:00+00:00,116506.38,357.1299,17.544791529026767,-0.099255745507643,0.4530209315993984,0.0514195361798787,Bearish (<49%),-0.9749279121818236,-0.2225209339563146,-0.4999999999999997,-0.8660254037844388,115798.05142762014,115518.58761045239,0.006116929979798531,53.74785127900385,0.3361028623575503,-0.0024176988295275814,0.0514195361798787
2025-08-10 00:00:00+00:00,116734.75,720.94878,18.24749059714144,0.0514195361798787,0.5339055848045128,1.377081274977218,Bullish (>51%),-0.7818314824680299,0.6234898018587334,-0.4999999999999997,-0.8660254037844388,115942.15890029397,115608.67371338184,0.006836090575022212,54.487640442868724,0.32153277932656077,0.0019601501651669295,1.377081274977218
2025-08-11 00:00:00+00:00,121459.83,4748.52547,20.162751653668963,1.377081274977218,0.5980804394843017,-0.7219357809897929,Bullish (>51%),0.0,1.0,-0.4999999999999997,-0.8660254037844388,116791.03137717182,116042.09269757578,0.039975660526110846,66.44607191237273,0.5716822673757223,0.04047706445595689,-0.7219357809897929
2025-08-12 00:00:00+00:00,118968.74,1063.91339,18.6556376356706,-0.7219357809897929,0.5619570687046246,0.0724381631928073,Bullish (>51%),0.7818314824680298,0.6234898018587336,-0.4999999999999997,-0.8660254037844388,117126.06347299155,116258.88138664424,0.015732420883703364,57.82043526395717,0.6791864410402575,-0.020509579175271297,0.0724381631928073
2025-08-13 00:00:00+00:00,119274.59,1160.78178,18.749450220471346,0.0724381631928073,0.3831049019394498,1.22304165852275,Bearish (<49%),0.9749279121818236,-0.2225209339563143,-0.4999999999999997,-0.8660254037844388,117456.60601560822,116482.26720985577,0.015477920281045663,58.532200202383166,0.6484891256186727,0.002570843399703149,1.22304165852275
2025-08-14 00:00:00+00:00,123568.65,2428.356036,19.52132330810662,1.22304165852275,0.4818368265006754,-1.3584559354223495,Bearish (<49%),0.4338837391175582,-0.900968867902419,-0.4999999999999997,-0.8660254037844388,118396.92047474542,117007.18445357015,0.04368128414588052,66.96161791465036,0.7518022563188913,0.03600146519053227,-1.3584559354223495
2025-08-15 00:00:00+00:00,118749.03,926.15367,18.51274753507297,-1.3584559354223495,0.5059961161736799,-0.3297155016928981,Neutral,-0.433883739117558,-0.9009688679024191,-0.4999999999999997,-0.8660254037844388,118451.09117093844,117136.210049602,0.002515289864502818,53.753945181264655,0.9775984284941277,-0.03900358221927647,-0.3297155016928981
2025-08-16 00:00:00+00:00,117666.79,936.15112,18.516822795963243,-0.3297155016928981,0.5117433817736606,-0.0917639586657685,Bullish (>51%),-0.9749279121818236,-0.2225209339563146,-0.4999999999999997,-0.8660254037844388,118330.42945233252,117175.51226815,-0.005608358352150367,51.30674072582985,0.9883747025912683,-0.0091136744443302,-0.0917639586657685
2025-08-17 00:00:00+00:00,117407.92,434.95514,17.74808926247241,-0.0917639586657685,0.4213365313949389,-0.4867163724385541,Bearish (<49%),-0.7818314824680299,0.6234898018587334,-0.4999999999999997,-0.8660254037844388,118188.50492120444,117192.72765569446,-0.006604575645701353,50.71201922532687,0.9896965537108332,-0.0022000260226355817,-0.4867163724385541
2025-08-18 00:00:00+00:00,115802.33,3537.96982,19.837666019956835,-0.4867163724385541,0.408303768402411,-0.0286251437348994,Bearish (<49%),0.0,1.0,-0.4999999999999997,-0.8660254037844388,117821.401087173,117089.73523675412,-0.017136709193257164,47.06782935074348,0.7970969719185153,-0.013675312534282114,-0.0286251437348994
2025-08-19 00:00:00+00:00,115760.0,1063.91272,18.63177144257706,-0.0286251437348994,0.3906348821546188,-0.8479399200253768,Bearish (<49%),0.7818314824680298,0.6234898018587336,-0.4999999999999997,-0.8660254037844388,117504.26245837715,116991.23633032788,-0.014844248386266105,46.97199363641073,0.7701219278088146,-0.00036553668652439253,-0.8479399200253768
2025-08-20 00:00:00+00:00,112962.01,1514.7512,18.95824745663148,-0.8479399200253768,0.4477323866784196,0.5028712454591023,Bearish (<49%),0.9749279121818236,-0.2225209339563143,-0.4999999999999997,-0.8660254037844388,116805.4543878576,116692.77512067398,-0.03290466535145931,41.02575458529346,0.8050213274807574,-0.024170611610228154,0.5028712454591023
2025-08-21 00:00:00+00:00,114665.14,843.77276,18.384150591413405,0.5028712454591023,0.5421413936140816,-0.5638474688834519,Bullish (>51%),0.4338837391175582,-0.900968867902419,-0.4999999999999997,-0.8660254037844388,116476.17525126413,116542.57992654998,-0.015548546708005597,45.544630393245704,0.6022473823510881,0.015077015715283526,-0.5638474688834519
2025-08-22 00:00:00+00:00,112840.09,599.22209,18.02821632458493,-0.5638474688834519,0.6071006494436813,1.0774992214449224,Bullish (>51%),-0.433883739117558,-0.9009688679024191,-0.4999999999999997,-0.8660254037844388,115916.77752030041,116268.3214134722,-0.026542210593816746,41.84449202748972,0.4393124926139904,-0.015916345630415663,1.0774992214449224
2025-08-23 00:00:00+00:00,116425.33,882.64315,18.45015992313393,1.0774992214449224,0.4198166269120199,-0.259457706260075,Bearish (<49%),-0.9749279121818236,-0.2225209339563146,-0.4999999999999997,-0.8660254037844388,115995.01636333112,116279.95167914091,0.003709759696235689,50.373903195489945,0.6670171523398188,0.03177275026987303,-0.259457706260075
2025-08-24 00:00:00+00:00,115601.93,1193.35718,18.740687722592742,-0.259457706260075,0.5575537074323381,-0.7311632088992346,Bullish (>51%),-0.7818314824680299,0.6234898018587334,-0.4999999999999997,-0.8660254037844388,115934.54153820325,116229.72785105639,-0.002868959792225986,48.610562790477395,0.671235297666462,-0.007072344136795694,-0.7311632088992346
2025-08-25 00:00:00+00:00,113199.99,1458.78883,18.91935646771348,-0.7311632088992346,0.4782336865027956,-1.0327575592569411,Bearish (<49%),0.0,1.0,-0.4999999999999997,-0.8660254037844388,115513.84130155659,116005.30282505222,-0.02003094413176098,43.79456031389275,0.7012099207737527,-0.020777680787855246,-1.0327575592569411
2025-08-26 00:00:00+00:00,109856.01,3231.35418,19.68365336942381,-1.0327575592569411,0.4723736628585852,0.4348540351507156,Bearish (<49%),0.7818314824680298,0.6234898018587336,-0.4999999999999997,-0.8660254037844388,114643.40571670173,115549.79965282613,-0.04175901515462645,38.13064894104081,0.7775870462920655,-0.0295404619735391,0.4348540351507156
2025-08-27 00:00:00+00:00,111295.21,1064.99284,18.592188561154387,0.4348540351507156,0.4059237243322688,0.0944371671520517,Bearish (<49%),0.9749279121818236,-0.2225209339563143,-0.4999999999999997,-0.8660254037844388,114128.298683363,115234.6448637279,-0.02482371783376093,41.62954863651115,0.7684043391335484,0.013100785291583206,0.0944371671520517
2025-08-28 00:00:00+00:00,111652.47,651.68518,18.099800206622525,0.0944371671520517,0.5044014810955192,-0.0714225933403074,Neutral,0.4338837391175582,-0.900968867902419,-0.4999999999999997,-0.8660254037844388,113747.40196284562,114969.29857752583,-0.018417404940201637,42.49886977447936,0.7312237566600098,0.003210021347729075,-0.0714225933403074
2025-08-29 00:00:00+00:00,111472.82,1147.71097,18.67137931653386,-0.0714225933403074,0.444235624932643,-1.1151612808476543,Bearish (<49%),-0.433883739117558,-0.9009688679024191,-0.4999999999999997,-0.8660254037844388,113397.46627625398,114710.30016437577,-0.01697256860717888,42.158850559159085,0.7069425046806204,-0.0016090105306223457,-1.1151612808476543
2025-08-30 00:00:00+00:00,107912.97,1016.98258,18.516484576302563,-1.1151612808476543,0.3930197998081737,0.4708033528939879,Bearish (<49%),-0.9749279121818236,-0.2225209339563146,-0.4999999999999997,-0.8660254037844388,112553.69761836875,114206.79422627387,-0.04123123199473976,36.01067206498613,0.5900052657448024,-0.031934690447411374,0.4708033528939879
2025-08-31 00:00:00+00:00,109439.43,1232.26953,18.717220698242294,0.4708033528939879,0.4999726886049028,-0.4847009892942697,Neutral,-0.7818314824680299,0.6234898018587334,-0.4999999999999997,-0.8660254037844388,112074.5795232351,113853.65613543877,-0.02351246406138679,40.048050238124226,0.6740552776603288,0.014145287633173131,-0.4847009892942697
2025-09-01 00:00:00+00:00,107949.22,1699.00605,19.028176519274545,-0.4847009892942697,0.4362943557499398,0.4229203005873846,Bearish (<49%),0.0,1.0,-0.8660254037844384,-0.5000000000000004,111439.90882735277,113416.29049577663,-0.03132350756640235,37.55674707332745,0.6525723966026087,-0.013616755862123853,0.4229203005873846
2025-09-02 00:00:00+00:00,109326.01,1165.52175,18.66198305244835,0.4229203005873846,0.5263805158505193,0.4989706759512538,Bullish (>51%),0.7818314824680298,0.6234898018587336,-0.8660254037844384,-0.5000000000000004,111114.69362314465,113113.30675534872,-0.016097633578607794,41.19635310932727,0.5878419966613189,0.012754052322008436,0.4989706759512538
2025-09-03 00:00:00+00:00,110961.93,1370.592,18.843701970724148,0.4989706759512538,0.4728905903434428,0.2576947918477905,Bearish (<49%),0.9749279121818236,-0.2225209339563143,-0.8660254037844384,-0.5000000000000004,111091.19152727624,112953.94551421178,-0.0011635623445852687,45.27777637957864,0.5968226666275498,0.014963685220013012,0.2576947918477905
2025-09-04 00:00:00+00:00,111844.46,571.01906,17.972647675374837,0.2576947918477905,0.4849443554476098,-0.2593769243492332,Bearish (<49%),0.4338837391175582,-0.900968867902419,-0.8660254037844384,-0.5000000000000004,111207.07898461835,112871.76140204794,0.00573147879794432,47.398845166500124,0.6054549613180621,0.007953448538611463,-0.2593769243492332
2025-09-05 00:00:00+00:00,111053.72,809.90979,18.31178635732164,-0.2593769243492332,0.5464283744489618,-0.2843565553393511,Bullish (>51%),-0.433883739117558,-0.9009688679024191,-0.8660254037844384,-0.5000000000000004,111183.48529467706,112737.0916685629,-0.0011671274230442442,45.69000616477245,0.6131150851542488,-0.00706999702980371,-0.2843565553393511
2025-09-06 00:00:00+00:00,110187.97,5000.29897,20.130481389687954,-0.2843565553393511,0.4617389847791441,0.2804952744172121,Bearish (<49%),-0.9749279121818236,-0.2225209339563146,-0.8660254037844384,-0.5000000000000004,111030.32909549597,112548.26784126196,-0.007586747714414695,43.82698224844201,0.41707407879290154,-0.007795776674567989,0.2804952744172121
2025-09-07 00:00:00+00:00,111137.34,5681.29944,20.261941156684568,0.2804952744172121,0.4525112638667748,0.2713100908755539,Bearish (<49%),-0.7818314824680299,0.6234898018587334,-0.8660254037844384,-0.5000000000000004,111046.79231157352,112443.75466783515,0.0008154012064789911,46.40762509413621,0.3935671571053152,0.008615913334277803,0.2713100908755539
2025-09-08 00:00:00+00:00,112065.23,11582.40211,20.982474251928217,0.2713100908755539,0.4775917497480149,-0.1753911952927243,Bearish (<49%),0.0,1.0,-0.8660254037844384,-0.5000000000000004,111203.4750328699,112415.71580355107,0.007749352858580853,48.879578320488044,0.31441939601155794,0.008349039125823854,-0.1753911952927243
2025-09-09 00:00:00+00:00,111546.39,15379.28248,21.266442089113788,-0.1753911952927243,0.4940009646015683,0.7286754177924128,Neutral,0.7818314824680298,0.6234898018587336,-0.8660254037844384,-0.5000000000000004,111256.23118165914,112351.32129958432,0.0026080230766318976,47.5586229143069,0.3154213591852492,-0.0046298035528057335,0.7286754177924128
2025-09-10 00:00:00+00:00,113960.0,17517.41823,21.40577399842415,0.7286754177924128,0.4723664110404699,0.443831288290267,Bearish (<49%),0.9749279121818236,-0.2225209339563143,-0.8660254037844384,-0.5000000000000004,111672.19561525004,112470.48268480028,0.02048678609877301,53.8119185120419,0.37254159376246315,0.02163772399985331,0.443831288290267
2025-09-11 00:00:00+00:00,115482.69,13676.73119,21.169387258622685,0.443831288290267,0.4931222114631617,0.1468993484559128,Neutral,0.4338837391175582,-0.900968867902419,-0.8660254037844384,-0.5000000000000004,112258.42552059618,112693.60915259285,0.028721803859722415,57.27340202781346,0.3904687038056728,0.013361618111618068,0.1468993484559128
2025-09-12 00:00:00+00:00,116029.42,15324.10719,21.295443687596403,0.1468993484559128,0.5217643456068777,-0.0490085726434259,Bullish (>51%),-0.433883739117558,-0.9009688679024191,-0.8660254037844384,-0.5000000000000004,112838.57851742755,112940.70625240079,0.02827793051362865,58.47669222758024,0.3485294680311122,0.004734302604139096,-0.0490085726434259
2025-09-13 00:00:00+00:00,115918.29,8269.40394,20.68007042460722,-0.0490085726434259,0.4341417611291582,-0.2091208397931495,Bearish (<49%),-0.9749279121818236,-0.2225209339563146,-0.8660254037844384,-0.5000000000000004,113312.38028397717,113161.26801148221,0.02299757281147957,58.11840703460891,0.30209193585106997,-0.0009577743299932218,-0.2091208397931495
2025-09-14 00:00:00+00:00,115268.01,6707.60197,20.469356800538726,-0.2091208397931495,0.5079174025586971,0.0083504152283628,Neutral,-0.7818314824680299,0.6234898018587334,-0.8660254037844384,-0.5000000000000004,113613.24639413453,113317.32297359464,0.014564882690922654,55.957873411828245,0.34369023895072637,-0.005609813602322822,0.0083504152283628
2025-09-15 00:00:00+00:00,115349.71,13212.51149,21.143716915845644,0.0083504152283628,0.5011434506612489,0.4133942593668387,Neutral,0.0,1.0,-0.8660254037844384,-0.5000000000000004,113880.39464119075,113467.87016073577,0.01290226788762637,56.178289350962686,0.34454362009934847,0.000708782948538822,0.4133942593668387
2025-09-16 00:00:00+00:00,116788.96,10926.9094,20.95895380701544,0.4133942593668387,0.4843257554601852,-0.1166458080400317,Bearish (<49%),0.7818314824680298,0.6234898018587336,-0.8660254037844384,-0.5000000000000004,114327.86623485372,113713.87681549609,0.02152663078737671,59.97817453739968,0.3297570391885047,0.012477274541912609,-0.1166458080400317
2025-09-17 00:00:00+00:00,116447.59,16754.2454,21.3890848334654,-0.1166458080400317,0.4759988713069704,0.168960757619857,Bearish (<49%),0.9749279121818236,-0.2225209339563143,-0.8660254037844384,-0.5000000000000004,114653.97758333776,113916.37408842231,0.01564369989134063,58.678501938265114,0.25533484484763946,-0.0029229646363835293,0.168960757619857
2025-09-18 00:00:00+00:00,117073.53,11657.23365,21.0362598527148,0.168960757619857,0.4904547297977509,-0.4397181262948125,Neutral,0.4338837391175582,-0.900968867902419,-0.8660254037844384,-0.5000000000000004,115026.21641667042,114150.23748927991,0.017798669269563756,60.374058754948855,0.20897561249319838,0.005375293726559649,-0.4397181262948125
2025-09-19 00:00:00+00:00,115632.38,8992.09065,20.76804071391761,-0.4397181262948125,0.4471501663520262,-0.0001945171355604,Bearish (<49%),-0.433883739117558,-0.9009688679024191,-0.8660254037844384,-0.5000000000000004,115119.47235256727,114260.02582340733,0.004455437789550396,54.79875953161444,0.2724730839073661,-0.01230978514101344,-0.0001945171355604
2025-09-20 00:00:00+00:00,115685.63,4674.92752,20.109418207818607,-0.0001945171355604,0.4868877261224362,-0.1509174906623496,Bearish (<49%),-0.9749279121818236,-0.2225209339563146,-0.8660254037844384,-0.5000000000000004,115206.57352909539,114365.62613278457,0.0041582390329804415,54.96424898689206,0.2725889537611598,0.0004605111474831336,-0.1509174906623496
2025-09-21 00:00:00+00:00,115232.29,4511.52219,20.07183577237473,-0.1509174906623496,0.447016506861069,-0.7870285100228487,Bearish (<49%),-0.7818314824680299,0.6234898018587334,-0.8660254037844384,-0.5000000000000004,115210.52990923455,114429.823456282,0.0001888724128131735,53.179197035679614,0.26686412749158284,-0.003918723526854739,-0.7870285100228487
2025-09-22 00:00:00+00:00,112650.99,20781.71356,21.577201267714347,-0.7870285100228487,0.4481034609159535,-0.2153043355957254,Bearish (<49%),0.0,1.0,-0.8660254037844384,-0.5000000000000004,114816.75453858307,114298.05801507592,-0.018862791822384116,44.34759045314298,0.39364351802061115,-0.022400839209218093,-0.2153043355957254
2025-09-23 00:00:00+00:00,111998.8,12301.3203,21.048149614769816,-0.2153043355957254,0.4506313765360617,0.3859705412312817,Bearish (<49%),0.7818314824680298,0.6234898018587336,-0.8660254037844384,-0.5000000000000004,114383.22307110876,114127.74260655178,-0.02084591609755944,42.43027267528478,0.3122175352983249,-0.005789474198140687,0.3859705412312817
2025-09-24 00:00:00+00:00,113307.0,12369.25967,21.055780702423903,0.3859705412312817,0.493214228883595,-1.325993896480245,Neutral,0.9749279121818236,-0.2225209339563143,-0.8660254037844384,-0.5000000000000004,114217.65029093818,114066.94685791832,-0.007972938408543245,47.34757739721109,0.3884648626807981,0.011680482290881589,-1.325993896480245
2025-09-25 00:00:00+00:00,108994.49,21231.14957,21.58050258113055,-1.325993896480245,0.4479775971923502,0.1888837756206664,Bearish (<49%),0.4338837391175582,-0.900968867902419,-0.8660254037844384,-0.5000000000000004,113414.08716925539,113691.20931288734,-0.03896867910826393,36.33091697962312,0.5586310740019428,-0.03806040226993912,0.1888837756206664
2025-09-26 00:00:00+00:00,109643.46,14243.01591,21.16609025760645,0.1888837756206664,0.4899447121378663,-0.0184330479230588,Bearish (<49%),-0.433883739117558,-0.9009688679024191,-0.8660254037844384,-0.5000000000000004,112833.99068167765,113391.37603045124,-0.028276325798656094,38.644498977178735,0.5934714443934751,0.0059541541962351285,-0.0184330479230588
2025-09-27 00:00:00+00:00,109635.85,5501.78643,20.215680938016376,-0.0184330479230588,0.4586253741586985,0.7775945771043423,Bearish (<49%),-0.9749279121818236,-0.2225209339563146,-0.8660254037844384,-0.5000000000000004,112341.96903834264,113113.18891708448,-0.02408822866028833,38.6267738460336,0.5921173229008143,-6.940678449951498e-05,0.7775945771043423
2025-09-28 00:00:00+00:00,112163.95,7542.3316,20.539649375309345,0.7775945771043423,0.5014200197721351,0.6430753890463524,Neutral,-0.7818314824680299,0.6234898018587334,-0.8660254037844384,-0.5000000000000004,112314.58149398223,113042.87492322637,-0.0013411570606288907,47.27817562268704,0.715592619292592,0.02305906325348861,0.6430753890463524
2025-09-29 00:00:00+00:00,114311.96,15541.12005,21.285875786970617,0.6430753890463524,0.5042550121733343,-0.3914614778820009,Neutral,0.0,1.0,-0.8660254037844384,-0.5000000000000004,112621.87049490804,113136.8812252096,0.01500676109946494,53.30151155603417,0.7048255549870805,0.01915062727373651,-0.3914614778820009
2025-09-30 00:00:00+00:00,113065.08,10666.07961,20.915514773915387,-0.3914614778820009,0.4654704091412646,0.3566822515838508,Bearish (<49%),0.7818314824680298,0.6234898018587336,-0.8660254037844384,-0.5000000000000004,112690.0565726145,113131.56261593482,0.003327919417130179,49.74847656456246,0.7193818167590758,-0.010907695047832289,0.3566822515838508
2025-10-01 00:00:00+00:00,114289.52,669.29496,18.151839769486067,0.3566822515838508,0.4756395894569414,1.2796417000075715,Bearish (<49%),0.9749279121818236,-0.2225209339563143,-1.0,-1.8369701987210294e-16,112936.12786913535,113217.33723697669,0.011983695177090676,53.057669861926534,0.7170960268740536,0.010829515178337967,1.2796417000075715
2025-10-02 00:00:00+00:00,118592.06,2320.02994,19.43565336271615,1.2796417000075715,0.5192336569587546,0.4569689685082267,Bullish (>51%),0.4338837391175582,-0.900968867902419,-1.0,-1.8369701987210294e-16,113806.27127388376,113615.46484905249,0.04205206507995383,62.42203349686522,0.5512397896463792,0.0376459713891526,0.4569689685082267
2025-10-03 00:00:00+00:00,120221.91,856.49101,18.45053149991133,0.4569689685082267,0.3060826289350077,0.5190498537421327,Bearish (<49%),-0.433883739117558,-0.9009688679024191,-1.0,-1.8369701987210294e-16,114793.29261636318,114104.83115653007,0.047290370891086404,65.25000950130992,0.542961628954585,0.013743331551876237,0.5190498537421327
2025-10-04 00:00:00+00:00,122091.01,475.64697,17.877532704827587,0.5190498537421327,0.4495321393511662,0.0271994767870787,Bearish (<49%),-0.9749279121818236,-0.2225209339563146,-1.0,-1.8369701987210294e-16,115916.01836769191,114696.39995975007,0.05327125378582858,68.20509195052847,0.5033167015704956,0.01554708289029838,0.0271994767870787
2025-10-05 00:00:00+00:00,122244.41,261.13591,17.27899074528361,0.0271994767870787,0.4393786744994206,0.3613819346880859,Bearish (<49%),-0.7818314824680299,0.6234898018587334,-1.0,-1.8369701987210294e-16,116889.6170803547,115255.5118145834,0.04581068065236454,68.44228283652731,0.5190302433252473,0.001256439765712658,0.3613819346880859
2025-10-06 00:00:00+00:00,123584.95,1474.47086,19.02114983537198,0.3613819346880859,0.5165080780233257,0.3911110313396221,Bullish (>51%),0.0,1.0,-1.0,-1.8369701987210294e-16,117919.66829876168,115872.50723572537,0.04804356883776792,70.51250701132409,0.509044985472488,0.010966063806107762,0.3911110313396221
2025-10-07 00:00:00+00:00,125046.94,535.4452,18.01766924621716,0.3911110313396221,0.5769315702148418,-0.900664203017832,Bullish (>51%),0.7818314824680298,0.6234898018587336,-1.0,-1.8369701987210294e-16,119016.17163741373,116552.09484789385,0.05067183962998897,72.62193116902485,0.3837409358477227,0.011829838503798484,-0.900664203017832
2025-10-08 00:00:00+00:00,121832.92,790.37194,18.38210718088021,-0.900664203017832,0.5331686749911694,0.2291308145646585,Bullish (>51%),0.9749279121818236,-0.2225209339563143,-1.0,-1.8369701987210294e-16,119449.51753935008,116943.2670813832,0.019953219650843332,62.103913640936874,0.6532268200052778,-0.025702508194123008,0.2291308145646585
2025-10-09 00:00:00+00:00,122700.8,528.48578,17.989620585223292,0.2291308145646585,0.3572539643356156,-0.2725732751882701,Bearish (<49%),0.4338837391175582,-0.900968867902419,-1.0,-1.8369701987210294e-16,119949.71484098853,117369.75100128073,0.022935320543766655,63.635493287003484,0.49300348890195167,0.007123526219350307,-0.2725732751882701
2025-10-10 00:00:00+00:00,121786.26,357.09667,17.587595511842814,-0.2725732751882701,0.5518746226336975,-2.741113477785265,Bullish (>51%),-0.433883739117558,-0.9009688679024191,-1.0,-1.8369701987210294e-16,120232.26025006722,117696.89981600069,0.012924981587309916,60.844896500275304,0.4956046471613299,-0.007453415136657648,-2.741113477785265
2025-10-11 00:00:00+00:00,112143.65,4004.34367,19.9249361870773,-2.741113477785265,0.4620385967021656,-0.6617178785326161,Bearish (<49%),-0.9749279121818236,-0.2225209339563146,-1.0,-1.8369701987210294e-16,118987.8586731338,117285.5479777784,-0.05752022726902939,40.6191336432273,1.1202669137819286,-0.07917650151995803,-0.6617178785326161
2025-10-12 00:00:00+00:00,110039.84,1449.71411,18.88796230412877,-0.6617178785326161,0.4268604449190331,1.6240856173341311,Bearish (<49%),-0.7818314824680299,0.6234898018587334,-1.0,-1.8369701987210294e-16,117611.24041572861,116748.82886831333,-0.06437650337642437,37.67642642544273,1.105095184190695,-0.018759956537886868,1.6240856173341311
2025-10-13 00:00:00+00:00,115283.65,1831.14783,19.16735754974928,1.6240856173341311,0.6017359341217142,-0.1870074858372832,Bullish (>51%),0.0,1.0,-1.0,-1.8369701987210294e-16,117253.1495825396,116640.29710029012,-0.016796986601653605,47.823023670093534,1.348052414625484,0.0476537406815567,-0.1870074858372832
2025-10-14 00:00:00+00:00,114711.0,1023.79943,18.58427780518587,-0.1870074858372832,0.3044665301288554,-0.6113254947629811,Bearish (<49%),0.7818314824680298,0.6234898018587336,-1.0,-1.8369701987210294e-16,116862.04964676428,116497.38620397233,-0.018406742422079705,46.92457062907588,1.3135562788784902,-0.004967313231321158,-0.6113254947629811
2025-10-15 00:00:00+00:00,112726.98,1477.97662,18.93188420356029,-0.6113254947629811,0.3251390404267694,-0.5417907670874474,Bearish (<49%),0.9749279121818236,-0.2225209339563143,-1.0,-1.8369701987210294e-16,116225.88508572362,116218.09685552993,-0.030104353114996495,43.85076110895198,1.300236950923971,-0.017295812956037326,-0.5417907670874474
2025-10-16 00:00:00+00:00,111005.02,1023.51951,18.54506957119178,-0.5417907670874474,0.3361043699108383,-0.6437752021264299,Bearish (<49%),0.4338837391175582,-0.900968867902419,-1.0,-1.8369701987210294e-16,115422.67507253538,115831.94301437958,-0.03827371935158473,41.320837237266595,1.2729640961512934,-0.015275491279904685,-0.6437752021264299
2025-10-17 00:00:00+00:00,108980.44,890.83243,18.38721226546536,-0.6437752021264299,0.5610236259584757,-0.6567853803321358,Bullish (>51%),-0.433883739117558,-0.9009688679024191,-1.0,-1.8369701987210294e-16,114431.56198445302,115324.42427257368,-0.04763652518518988,38.50779933327386,1.2703938270164772,-0.018238634613101268,-0.6567853803321358
2025-10-18 00:00:00+00:00,106951.59,575.43807,17.932664994238678,-0.6567853803321358,0.5118595299056247,-0.019777177720788,Bullish (>51%),-0.9749279121818236,-0.2225209339563146,-1.0,-1.8369701987210294e-16,113280.79706376794,114704.2143264571,-0.0558718443709847,35.87228606997199,0.8387663278904072,-0.01861664350043002,-0.019777177720788
2025-10-19 00:00:00+00:00,106939.99,493.36618,17.7818203342309,-0.019777177720788,0.5154671931505317,0.3305493437075363,Bullish (>51%),-0.7818314824680299,0.6234898018587334,-1.0,-1.8369701987210294e-16,112305.28828472673,114129.08659857139,-0.047774226545094896,35.85717534453849,0.8198218696467118,-0.00010846028563005206,0.3305493437075363
2025-10-20 00:00:00+00:00,108016.9,1452.56796,18.870713841722363,0.3305493437075363,0.4309887573177643,0.6643022162603238,Bearish (<49%),0.0,1.0,-1.0,-1.8369701987210294e-16,111645.53624092262,113676.33203571425,-0.032501400083674685,38.44935428165114,0.38344855745743656,0.010070227236789409,0.6643022162603238
2025-10-21 00:00:00+00:00,110152.11,549.02436,17.91966097406703,0.6643022162603238,0.3767865236435046,-0.6723667440131683,Bearish (<49%),0.7818314824680298,0.6234898018587336,-1.0,-1.8369701987210294e-16,111415.77835770376,113415.27855158728,-0.011341915627486047,43.33868499889742,0.5403235877109567,0.019767369735661733,-0.6723667440131683
2025-10-22 00:00:00+00:00,108051.58,2182.45282,19.279800770609228,-0.6723667440131683,0.4379121331933306,0.0678724549167629,Bearish (<49%),0.9749279121818236,-0.2225209339563143,-1.0,-1.8369701987210294e-16,110898.2093795955,113017.967547766,-0.025668848897746576,39.974550383873726,0.5482906785710865,-0.019069357818020882,0.0678724549167629
2025-10-23 00:00:00+00:00,108315.03,696.23445,18.13461184298717,0.0678724549167629,0.5774251044314167,0.6942813771932498,Bullish (>51%),0.4338837391175582,-0.900968867902419,-1.0,-1.8369701987210294e-16,110500.79716735004,112669.60180348705,-0.01978055564648794,40.59736293895728,0.5369507638124773,0.002438187391614166,0.6942813771932498
2025-10-24 00:00:00+00:00,110550.48,611.12551,18.026881011951254,0.6942813771932498,0.5845658774741705,0.0853465254356136,Bullish (>51%),-0.433883739117558,-0.9009688679024191,-1.0,-1.8369701987210294e-16,110508.44068006543,112512.62981804357,0.0003804172756023176,45.7418097568561,0.5623224716687795,0.02063841001567379,0.0853465254356136
2025-10-25 00:00:00+00:00,110876.15,256.03075,17.161104189163,0.0853465254356136,0.3888802809818742,0.2492366727895614,Bearish (<49%),-0.9749279121818236,-0.2225209339563146,-1.0,-1.8369701987210294e-16,110565.01134467074,112391.40909078109,0.0028140788079813375,46.469144970374884,0.4668955788942087,0.002945894038632879,0.2492366727895614
2025-10-26 00:00:00+00:00,111730.75,460.35098,17.755906332853506,0.2492366727895614,0.5173329054279411,0.9998657382854492,Bullish (>51%),-0.7818314824680299,0.6234898018587334,-1.0,-1.8369701987210294e-16,110744.35575318293,112342.47138035286,0.008906948260329029,48.42301243339801,0.46024125370032665,0.0077076990858719885,0.9998657382854492
2025-10-27 00:00:00+00:00,115028.72,1410.72946,18.90321654756847,0.9998657382854492,0.5290478586872355,-0.2500707076501176,Bullish (>51%),0.0,1.0,-1.0,-1.8369701987210294e-16,111403.4887142317,112541.45275958598,0.03254145204615283,55.21629170091258,0.5516642253163198,0.02951712039881582,-0.2500707076501176
2025-10-28 00:00:00+00:00,114246.57,663.17207,18.14144230038436,-0.2500707076501176,0.4962537399984291,-0.5959651795914539,Neutral,0.7818314824680298,0.6234898018587336,-1.0,-1.8369701987210294e-16,111840.88583511913,112667.75774035738,0.021509881175542946,53.419285391729666,0.5587826222891293,-0.006799606220081356,-0.5959651795914539
2025-10-29 00:00:00+00:00,112321.57,714.32724,18.202848291256277,-0.5959651795914539,0.4336528731565662,-0.5570483219445036,Bearish (<49%),0.9749279121818236,-0.2225209339563143,-1.0,-1.8369701987210294e-16,111914.8372451008,112642.11420403462,0.003634305914312614,49.177270817361276,0.5400711077828393,-0.016849521171620307,-0.5570483219445036
2025-10-30 00:00:00+00:00,110556.01,810.56277,18.30838849630712,-0.5570483219445036,0.5531439964853061,-0.2608305552959324,Bullish (>51%),0.4338837391175582,-0.900968867902419,-1.0,-1.8369701987210294e-16,111705.78689970067,112487.58796669872,-0.01029290363204773,45.60058397367525,0.6087219882674582,-0.015718797377921367,-0.2608305552959324
2025-10-31 00:00:00+00:00,109769.71,1700.77186,19.03932194042326,-0.2608305552959324,0.5757937869456518,-0.0277645101393795,Bullish (>51%),-0.433883739117558,-0.9009688679024191,-1.0,-1.8369701987210294e-16,111407.92891513134,112286.26367286919,-0.014704688715462103,44.06353977970892,0.5552286150621267,-0.0071122320713273846,-0.0277645101393795
2025-11-01 00:00:00+00:00,109732.33,382.42752,17.551039266437613,-0.0277645101393795,0.3968149572499385,0.0705736222514467,Bearish (<49%),-0.9749279121818236,-0.2225209339563146,-0.8660254037844386,0.5000000000000001,111150.1444666496,112097.08340080481,-0.012755849067519713,43.987632706714955,0.5523713285055551,-0.0003405310991529964,0.0705736222514467
2025-11-02 00:00:00+00:00,110008.49,376.66144,17.53970065207549,0.0705736222514467,0.47649610748581,-0.0788046665320093,Bearish (<49%),-0.7818314824680299,0.6234898018587334,-0.8660254037844386,0.5000000000000001,110974.50531793426,111942.37277852299,-0.008704840045618521,44.744955375920405,0.5395050381570187,0.002516669426412488,-0.0788046665320093
2025-11-03 00:00:00+00:00,109807.89,723.95165,18.193572465081907,-0.0788046665320093,0.4405553326662078,-1.0245876218512482,Bearish (<49%),0.0,1.0,-0.8660254037844386,0.5000000000000001,110795.02603825208,111784.26294307684,-0.008909569982963586,44.276652690928195,0.2566428649244778,-0.001823495622928828,-1.0245876218512482
2025-11-04 00:00:00+00:00,106590.18,1421.11788,18.8339765464646,-1.0245876218512482,0.4539608353953016,-2.1803486987920246,Bearish (<49%),0.7818314824680298,0.6234898018587336,-0.8660254037844386,0.5000000000000001,110148.12664775176,111399.51605840448,-0.03230147217237663,37.497366199264484,0.3916986675114212,-0.029303085597947476,-2.1803486987920246
2025-11-05 00:00:00+00:00,99887.41,1998.37627,19.12017711160119,-2.1803486987920246,0.4505348784991327,1.0817312541498154,Bearish (<49%),0.9749279121818236,-0.2225209339563143,-0.8660254037844386,0.5000000000000001,108569.55485578995,110546.76746148562,-0.07996850376076613,27.910627213301296,0.8000600664599831,-0.06288356019288066,1.0817312541498154
2025-11-06 00:00:00+00:00,103073.39,1546.75954,18.891088110676872,1.0817312541498154,0.4383763296523776,-0.4437914485686208,Bearish (<49%),0.4338837391175582,-0.900968867902419,-0.8660254037844386,0.5000000000000001,107723.99103182227,109993.18394582003,-0.04317145129211241,36.25323286310956,1.0179380203720894,0.031895711381444425,-0.4437914485686208
2025-11-07 00:00:00+00:00,101792.38,1305.82934,18.70093577136263,-0.4437914485686208,0.5075276605440646,0.3879403750664221,Neutral,-0.433883739117558,-0.9009688679024191,-0.8660254037844386,0.5000000000000001,106811.435488465,109385.7169868704,-0.046989870190509875,34.52327086877749,1.0177439948257805,-0.012428134943461067,0.3879403750664221
2025-11-08 00:00:00+00:00,102987.19,1056.24357,18.50498812463034,0.3879403750664221,0.437264276079806,-0.3667736458996044,Bearish (<49%),-0.9749279121818236,-0.2225209339563146,-0.8660254037844386,0.5000000000000001,106223.09002870115,108911.75202488,-0.03046324511767464,37.51811982187308,1.0526966482001456,0.011737715534306137,-0.3667736458996044
2025-11-09 00:00:00+00:00,101937.71,770.69136,18.17952693001556,-0.3667736458996044,0.3643043176194423,1.4539169280334252,Bearish (<49%),-0.7818314824680299,0.6234898018587334,-0.8660254037844386,0.5000000000000001,105563.80079351636,108395.15631933333,-0.03434975594151842,35.96217600690403,1.0390639664454973,-0.010190393581959056,1.4539169280334252
2025-11-10 00:00:00+00:00,106291.42,3314.54976,19.675572606820545,1.4539169280334252,0.6144333129577153,0.1810135412756937,Bullish (>51%),0.0,1.0,-0.8660254037844386,0.5000000000000001,105675.74220989845,108239.32399938272,0.005826103296995584,45.97229769192193,1.2516232035520685,0.04270951348622587,0.1810135412756937
2025-11-11 00:00:00+00:00,106899.99,931.1983,18.408268151359767,0.1810135412756937,0.5532162483544053,-1.190964446597967,Bullish (>51%),0.7818314824680298,0.6234898018587336,-0.8660254037844386,0.5000000000000001,105864.08802376023,108140.11407350251,0.009785206632179947,47.21439052730425,1.1937914634381552,0.005725485650676321,-1.190964446597967
2025-11-12 00:00:00+00:00,103250.73,833.68268,18.268670368684077,-1.190964446597967,0.5693270369968583,-0.3662017748017119,Bullish (>51%),0.9749279121818236,-0.2225209339563143,-0.8660254037844386,0.5000000000000001,105462.03294318172,107777.93747546528,-0.020967763293289435,41.11095851020342,0.9168175476739004,-0.034137140705064684,-0.3662017748017119
2025-11-13 00:00:00+00:00,102200.28,1033.70732,18.474329800661284,-0.3662017748017119,0.6461764631791521,-1.1496918889573038,Bullish (>51%),0.4338837391175582,-0.900968867902419,-0.8660254037844386,0.5000000000000001,104960.22479807683,107364.77766246785,-0.026295149456724495,39.52698233410405,0.8330788337792567,-0.010173777948107476,-1.1496918889573038
2025-11-14 00:00:00+00:00,98834.01,2766.97648,19.429351339823302,-1.1496918889573038,0.385974961377337,-1.306961989918566,Bearish (<49%),-0.433883739117558,-0.9009688679024191,-0.8660254037844386,0.5000000000000001,104017.73021375731,106732.86894672949,-0.04983496758778268,34.88797508760416,0.9263030564081346,-0.03293797238128904,-1.306961989918566
2025-11-15 00:00:00+00:00,95127.0,1246.21901,18.590116430343823,-1.306961989918566,0.5290191087680487,0.0731268201138394,Bullish (>51%),-0.9749279121818236,-0.2225209339563146,-0.8660254037844386,0.5000000000000001,102649.92556548696,105873.17495067544,-0.07328719942117841,30.625394719472027,0.9820600774521927,-0.037507432917069705,0.0731268201138394
2025-11-16 00:00:00+00:00,95373.46,473.429,17.62526781898696,0.0731268201138394,0.4301467379480344,-0.144074547819457,Bearish (<49%),-0.7818314824680299,0.6234898018587334,-0.8660254037844386,0.5000000000000001,101530.4693246428,105095.41828766244,-0.060641986249032456,31.22701444203298,0.9979080604890804,0.002590852229125362,-0.144074547819457
2025-11-17 00:00:00+00:00,95018.68,2063.57291,19.09070123937545,-0.144074547819457,0.5225931803882811,-1.0754249912813436,Bullish (>51%),0.0,1.0,-0.8660254037844386,0.5000000000000001,100528.65558239006,104348.99322931707,-0.05480999970077451,30.812776625331978,0.640867841342826,-0.003719902790566776,-1.0754249912813436
2025-11-18 00:00:00+00:00,92093.99,2411.57934,19.21707209610267,-1.0754249912813436,0.4960070067609718,-0.064086334201862,Neutral,0.7818314824680298,0.6234898018587336,-0.8660254037844386,0.5000000000000001,99231.01472356083,103441.21521233063,-0.0719233270308003,27.56636104423798,0.5717143278076979,-0.0307801581752134,-0.064086334201862
2025-11-19 00:00:00+00:00,91965.44,1321.20284,18.619205654230555,-0.064086334201862,0.3940338335936365,0.0766451524544922,Bearish (<49%),0.9749279121818236,-0.2225209339563143,-0.8660254037844386,0.5000000000000001,98113.23399685916,102591.15778919503,-0.06266019115276496,27.42956638407172,0.5812126705597507,-0.0013958565591523087,0.0766451524544922
2025-11-20 00:00:00+00:00,92213.11,1326.29218,18.6189641642479,0.0766451524544922,0.5333245725689192,-1.8994709231371616,Bullish (>51%),0.4338837391175582,-0.900968867902419,-0.8660254037844386,0.5000000000000001,97205.52261272699,101822.41350851393,-0.05135935159380888,28.169149048434107,0.6299377690069312,0.002693076877574807,-1.8994709231371616
2025-11-21 00:00:00+00:00,87166.96,1063.84212,18.345537974125776,-1.8994709231371616,0.4777705549015111,-0.997370435812312,Bearish (<49%),-0.433883739117558,-0.9009688679024191,-0.8660254037844386,0.5000000000000001,95661.12836461514,100736.82435973511,-0.08879435680749415,23.02127596671714,0.7976693999585471,-0.05472269615459224,-0.997370435812312
2025-11-22 00:00:00+00:00,84681.63,1151.88026,18.399901089288484,-0.997370435812312,0.4456769838212177,0.2984721014219091,Bearish (<49%),-0.9749279121818236,-0.2225209339563146,-0.8660254037844386,0.5000000000000001,93971.97477005897,99547.55070345843,-0.09886293006815708,20.986986390894145,0.7609730517825977,-0.028512294107767455,0.2984721014219091
2025-11-23 00:00:00+00:00,85455.47,1238.39537,18.47406349126906,0.2984721014219091,0.5490027227734225,0.4654176259893683,Bullish (>51%),-0.7818314824680299,0.6234898018587334,-0.8660254037844386,0.5000000000000001,92661.74326697296,98503.69287357263,-0.07776967077136203,23.260787717896633,0.7969185240676825,0.009138227499872142,0.4654176259893683
2025-11-24 00:00:00+00:00,86650.89,1672.2035,18.790351883200007,0.4654176259893683,0.4583838510085644,0.5813828697508133,Bearish (<49%),0.0,1.0,-0.8660254037844386,0.5000000000000001,91736.99661051558,97625.7074755302,-0.05544226210183743,26.766819211535136,0.8771090074296493,0.013988806099831885,0.5813828697508133
2025-11-25 00:00:00+00:00,88154.99,934.31162,18.22573272364249,0.5813828697508133,0.481486444533356,-0.2583440560060901,Bearish (<49%),0.7818314824680298,0.6234898018587336,-0.8660254037844386,0.5000000000000001,91185.91867043625,96924.17284771315,-0.033238999119925686,31.036159686533978,0.9053599468043206,0.017358159852714827,-0.2583440560060901
2025-11-26 00:00:00+00:00,87534.38,585.06542,17.751730998662424,-0.2583440560060901,0.5183427350739683,1.2103707400865134,Bullish (>51%),0.9749279121818236,-0.2225209339563143,-0.8660254037844386,0.5000000000000001,90624.14349036914,96228.63263677144,-0.03409426419238371,30.252476434377485,0.9027628960920451,-0.007039987186204688,1.2103707400865134
2025-11-27 00:00:00+00:00,90653.52,1263.17063,18.553846193919654,1.2103707400865134,0.5765068334433963,0.0717714762450929,Bullish (>51%),0.4338837391175582,-0.900968867902419,-0.8660254037844386,0.5000000000000001,90628.66295338928,95815.66133034392,0.00027427356644887826,38.63872525094346,1.0588383301631055,0.035633313447813286,0.0717714762450929
2025-11-28 00:00:00+00:00,90884.82,522.90153,17.67994273717273,0.0717714762450929,0.3519069068319613,0.0437176715209218,Bearish (<49%),-0.433883739117558,-0.9009688679024191,-0.8660254037844386,0.5000000000000001,90668.07172979093,95450.41382439251,0.0023905688747305857,39.2223161958681,0.6960062948695563,0.0025514729047477758,0.0437176715209218
2025-11-29 00:00:00+00:00,91042.63,233.52953,16.87075049687944,0.0437176715209218,0.4391871554745132,-0.0588344474530662,Bearish (<49%),-0.9749279121818236,-0.2225209339563146,-0.8660254037844386,0.5000000000000001,90725.69607905386,95123.91131888195,0.0034933203562305696,39.644088014620614,0.4744921579521591,0.0017363735770175026,-0.0588344474530662
2025-11-30 00:00:00+00:00,90929.44,268.7211,17.011470299029735,-0.0588344474530662,0.663313152558545,-1.38768296248575,Bullish (>51%),-0.7818314824680299,0.6234898018587334,-0.8660254037844386,0.5000000000000001,90757.04129766097,94813.2097397055,0.0018995628314238525,39.43271559303764,0.4988837887390738,-0.0012432637326053042,-1.38768296248575
2025-12-01 00:00:00+00:00,87305.65,5720.84016,20.039865403913232,-1.38768296248575,0.4392270819886008,-0.2520126203236426,Bearish (<49%),0.0,1.0,-0.5000000000000004,0.8660254037844384,90226.05802109774,94257.09420343101,-0.03236767830879696,33.30952263168359,0.7958309836846639,-0.039852769356107376,-0.2520126203236426
2025-12-02 00:00:00+00:00,86707.08,1763.1135,18.844814310965084,-0.2520126203236426,0.468004612295238,1.9930005278105944,Bearish (<49%),0.7818314824680298,0.6234898018587336,-0.5000000000000004,0.8660254037844384,89684.6767870827,93697.83389206574,-0.033200730534511606,32.414172692589716,0.7609812211942865,-0.006856028218104937,1.9930005278105944
2025-12-03 00:00:00+00:00,91768.39,1715.08516,18.87035351591437,1.9930005278105944,0.5682128635525013,0.5948019827218552,Bullish (>51%),0.9749279121818236,-0.2225209339563143,-0.5000000000000004,0.8660254037844384,90005.24805060844,93554.9121222831,0.01958932381809753,45.70413701476513,1.0848716857113296,0.05837251121823028,0.5948019827218552
2025-12-04 00:00:00+00:00,93397.1,1591.34643,18.81445844354077,0.5948019827218552,0.3691347709876095,-0.3650883784329073,Bearish (<49%),0.4338837391175582,-0.900968867902419,-0.5000000000000004,0.8660254037844384,90527.07142743791,93543.22233544731,0.03170353936460396,49.16807602482482,1.0149973639101,0.01774805028180193,-0.3650883784329073
2025-12-05 00:00:00+00:00,92449.92,383.08496,17.38112422147326,-0.3650883784329073,0.43928688821404,-1.1581826093747738,Bearish (<49%),-0.433883739117558,-0.9009688679024191,-0.5000000000000004,0.8660254037844384,90822.89428475515,93462.23697726602,0.017914268511898184,47.27901764154839,1.0334089151364638,-0.01014142837411447,-1.1581826093747738
2025-12-06 00:00:00+00:00,89382.0,331.31777,17.20236248965375,-1.1581826093747738,0.4303324267816966,0.0136902927784357,Bearish (<49%),-0.9749279121818236,-0.2225209339563146,-0.5000000000000004,0.8660254037844384,90601.21824094666,93159.99720117224,-0.013456974029910385,41.6916477796473,1.1354683927235425,-0.03318466906190942,0.0136902927784357
2025-12-07 00:00:00+00:00,89459.22,312.5877,17.14592717677851,0.0136902927784357,0.6357502870394452,0.4852898255619483,Bullish (>51%),-0.7818314824680299,0.6234898018587334,-0.5000000000000004,0.8660254037844384,90425.52620387795,92885.86555664097,-0.01068621045897221,41.87783557325529,1.1361369239273635,0.0008639323353696327,0.4852898255619483
2025-12-08 00:00:00+00:00,90762.3,665.87544,17.91290771902661,0.4852898255619483,0.5527483638681733,-0.0986164388595782,Bullish (>51%),0.0,1.0,-0.5000000000000004,0.8660254037844384,90477.3375571275,92728.5644042972,0.003149544964147312,45.06563168872328,0.9877586122990494,0.014566190047264005,-0.0986164388595782
2025-12-09 00:00:00+00:00,90544.55,486.25364,17.600241692822863,-0.0986164388595782,0.5192256041517755,0.6800818453156804,Bullish (>51%),0.7818314824680298,0.6234898018587336,-0.5000000000000004,0.8660254037844384,90487.67793295404,92566.78555953444,0.0006285062048790514,44.62517776282217,0.9780402272330763,-0.002399123865305275,0.6800818453156804
2025-12-10 00:00:00+00:00,92375.89,781.68104,18.09495390315621,0.6800818453156804,0.4775645447406528,-0.5845643322058711,Bearish (<49%),0.9749279121818236,-0.2225209339563143,-0.5000000000000004,0.8660254037844384,90778.17209711496,92552.64514771709,0.01760024316391599,49.128424198624955,0.6497559137648685,0.020225844625656686,-0.5845643322058711
2025-12-11 00:00:00+00:00,90850.0,1263.45754,18.564255544599146,-0.5845643322058711,0.4081600320340008,0.4260587458661389,Bearish (<49%),0.4338837391175582,-0.900968867902419,-0.5000000000000004,0.8660254037844384,90789.22254371266,92426.52328492324,0.000669434703640903,45.78726621034579,0.6289584149310996,-0.01651827116361204,0.4260587458661389
2025-12-12 00:00:00+00:00,92016.99,1055.83174,18.39196710006074,0.4260587458661389,0.4416782640006635,-0.6496571928582249,Bearish (<49%),-0.433883739117558,-0.9009688679024191,-0.5000000000000004,0.8660254037844384,90978.10984467994,92396.18748604004,0.011419012299702233,48.66284057609177,0.6537820335722868,0.012845239405613773,-0.6496571928582249
2025-12-13 00:00:00+00:00,90323.0,211.75622,16.766774386158442,-0.6496571928582249,0.380444314693566,0.0193553901794501,Bearish (<49%),-0.9749279121818236,-0.2225209339563146,-0.5000000000000004,0.8660254037844384,90877.32371472918,92242.61804262968,-0.006099692333251851,44.93675049077711,0.5232327415931177,-0.01840953502173892,0.0193553901794501
2025-12-14 00:00:00+00:00,90415.9,342.89951,17.24851779853254,0.0193553901794501,0.5413503215563067,-0.6490768101870616,Bullish (>51%),-0.7818314824680299,0.6234898018587334,-0.5000000000000004,0.8660254037844384,90806.33545092469,92107.30559502747,-0.004299649897618631,45.184634074979044,0.5231916342431137,0.00102853093896349,-0.6490768101870616
2025-12-15 00:00:00+00:00,88752.91,916.93354,18.211121695285804,-0.6490768101870616,0.5258223185946497,-1.0883234865831175,Bullish (>51%),0.0,1.0,-0.5000000000000004,0.8660254037844384,90490.42384309012,91858.83184724765,-0.019201079730855858,41.576425109894494,0.5376536703456324,-0.01839267208533002,-1.0883234865831175
2025-12-16 00:00:00+00:00,85987.82,718.55064,17.941125448686364,-1.0883234865831175,0.4483405651131282,0.6869998578045143,Bearish (<49%),0.7818314824680298,0.6234898018587336,-0.5000000000000004,0.8660254037844384,89797.7155595378,91423.94208078487,-0.042427533215048774,36.37514794169074,0.6489796736063276,-0.03115492213156723,0.6869998578045143
2025-12-17 00:00:00+00:00,87744.28,424.75405,17.431871158042053,0.6869998578045143,0.3885077964530297,-0.7309425133158105,Bearish (<49%),0.9749279121818236,-0.2225209339563143,-0.5000000000000004,0.8660254037844384,89481.80239653197,91151.37451924525,-0.0194176061500446,41.39095873748954,0.6506595830402255,0.02042684649988802,-0.7309425133158105
2025-12-18 00:00:00+00:00,85921.72,394.08859,17.34023465147227,-0.7309425133158105,0.4200552723437133,-0.2378517799116405,Bearish (<49%),0.4338837391175582,-0.900968867902419,-0.5000000000000004,0.8660254037844384,88934.09741245014,90763.99270300486,-0.033872018720554585,38.03990042143276,0.6649220440539181,-0.020771268508898766,-0.2378517799116405
2025-12-19 00:00:00+00:00,85367.99,429.73431,17.41877881067105,-0.2378517799116405,0.4436413745972482,1.0911279860441243,Bearish (<49%),-0.433883739117558,-0.9009688679024191,-0.5000000000000004,0.8660254037844384,88385.46550284243,90364.28879907857,-0.0341399514691178,37.0582379963543,0.5899384037106108,-0.00644458700314654,1.0911279860441243
2025-12-20 00:00:00+00:00,88114.17,302.46754,17.0980781852881,1.0911279860441243,0.5549401433290991,0.0540885239921408,Bullish (>51%),-0.9749279121818236,-0.2225209339563146,-0.5000000000000004,0.8660254037844384,88343.72773317435,90197.61333248016,-0.0025984610233755505,44.68254873675938,0.7896769035340353,0.03216873209735871,0.0540885239921408
2025-12-21 00:00:00+00:00,88293.72,165.2218,16.496427508619085,0.0540885239921408,0.5065680194744276,0.2853752729289661,Neutral,-0.7818314824680299,0.6234898018587334,-0.5000000000000004,0.8660254037844384,88336.03423576293,90056.58419674089,-0.0004790144376415175,45.150366293473446,0.7908786352578647,0.0020376972284934514,0.2853752729289661
2025-12-22 00:00:00+00:00,89066.97,1502.18225,18.71166713659839,0.2853752729289661,0.560439414059113,-0.2013115502445557,Bullish (>51%),0.0,1.0,-0.5000000000000004,0.8660254037844384,88448.4858917994,89983.27944142676,0.006992591246357851,47.220501981642386,0.7661233254383524,0.008757701000705387,-0.2013115502445557
2025-12-23 00:00:00+00:00,88587.53,376.32388,17.32368627913658,-0.2013115502445557,0.5323818674488582,-0.3661280115134753,Bullish (>51%),0.7818314824680298,0.6234898018587336,-0.5000000000000004,0.8660254037844384,88469.87729306103,89879.89059391366,0.0013298617624306148,46.059733724634945,0.6123756228286888,-0.005382915799201471,-0.3661280115134753
2025-12-24 00:00:00+00:00,87686.45,531.70542,17.656109507499355,-0.3661280115134753,0.5809871375770441,-0.0244635305261511,Bullish (>51%),0.9749279121818236,-0.2225209339563143,-0.5000000000000004,0.8660254037844384,88349.35001720549,89717.41351288302,-0.007503168015117249,43.876689445554696,0.5829175275796608,-0.01017163476620242,-0.0244635305261511
2025-12-25 00:00:00+00:00,87665.0,209.18888,16.724140613770274,-0.0244635305261511,0.4522629023110597,-0.1465026959141015,Bearish (<49%),0.4338837391175582,-0.900968867902419,-0.5000000000000004,0.8660254037844384,88244.06539917388,89565.3828822991,-0.006562088867443556,43.82344231126235,0.4924599390575061,-0.00024462160345184447,-0.1465026959141015
2025-12-26 00:00:00+00:00,87332.71,670.60804,17.88340950261156,-0.1465026959141015,0.5179810101889026,-0.0118943768119223,Bullish (>51%),-0.433883739117558,-0.9009688679024191,-0.5000000000000004,0.8660254037844384,88103.85687622406,89399.99970583251,-0.008752702816488826,42.953803974350066,0.4835832469607462,-0.0037904522899674387,-0.0118943768119223
2025-12-27 00:00:00+00:00,87343.24,245.29502,16.880194894111114,-0.0118943768119223,0.4074246594977754,0.1661135177846455,Bearish (<49%),-0.9749279121818236,-0.2225209339563146,-0.5000000000000004,0.8660254037844384,87986.83889526651,89247.6471350301,-0.007314717784470045,42.99241049375122,0.20697475536369886,0.00012057337966497883,0.1661135177846455
2025-12-28 00:00:00+00:00,87805.51,299.0195,17.083875679409143,0.1661135177846455,0.4706564287613349,0.0657258817466477,Bearish (<49%),-0.7818314824680299,0.6234898018587334,-0.5000000000000004,0.8660254037844384,87958.94214214857,89140.8221620649,-0.0017443609303602328,44.75983530006713,0.2210038937120823,0.005292567575922114,0.0657258817466477
2025-12-29 00:00:00+00:00,88014.12,740.45293,17.993881249783616,0.0657258817466477,0.5383330983645375,-0.305766991296041,Bullish (>51%),0.0,1.0,-0.5000000000000004,0.8660254037844384,87967.43104335648,89057.3627426527,0.0005307527580349751,45.579795056733495,0.178088185184739,0.002375819011813718,-0.305766991296041
2025-12-30 00:00:00+00:00,87273.23,318.02196,17.138425067982627,-0.305766991296041,0.456787984075062,0.5218285056106768,Bearish (<49%),0.7818314824680298,0.6234898018587336,-0.5000000000000004,0.8660254037844384,87860.6308828401,88925.20476171546,-0.006685598281480387,43.13111762652782,0.19417674971247637,-0.008417853862539348,0.5218285056106768
2025-12-31 00:00:00+00:00,88637.12,421.99548,17.43459053732411,0.5218285056106768,0.5865781785150874,-0.3118848954431997,Bullish (>51%),0.9749279121818236,-0.2225209339563143,-0.5000000000000004,0.8660254037844384,87980.09074701853,88903.86514973654,0.007467931067162792,48.604942081514295,0.2613681375043129,0.015627816227266944,-0.3118848954431997
2026-01-01 00:00:00+00:00,87875.23,397.54535,17.3685739165605,-0.3118848954431997,0.6383669686992943,0.319530422981979,Bullish (>51%),0.4338837391175582,-0.900968867902419,0.0,1.0,87963.9583244003,88827.66995345976,-0.0010086895370611394,45.94453761100131,0.2934044932264435,-0.008595608702087754,0.319530422981979
2026-01-02 00:00:00+00:00,88732.02,543.80914,17.692281694324024,0.319530422981979,0.4682984364698247,0.5480968409929617,Bearish (<49%),-0.433883739117558,-0.9009688679024191,0.0,1.0,88082.12165910794,88820.584771722,0.007378322963282753,49.30500091665707,0.30797922685857765,0.009750074053860303,0.5480968409929617
2026-01-03 00:00:00+00:00,90186.43,374.10723,17.333116511595954,0.5480968409929617,0.5843714915640631,0.3341260193581172,Bullish (>51%),-0.9749279121818236,-0.2225209339563146,0.0,1.0,88405.86140386056,88921.7584923352,0.020140843241211594,54.47838132057126,0.35439951184711943,0.01639103899584371,0.3341260193581172
2026-01-04 00:00:00+00:00,91104.0,1934.50547,18.988983080199358,0.3341260193581172,0.5249056700780484,0.6804576088315454,Bullish (>51%),-0.7818314824680299,0.6234898018587334,0.0,1.0,88820.95964942047,89083.40601142147,0.025703846925216392,57.42993473727043,0.3618078489711294,0.010174147041855486,0.6804576088315454
2026-01-05 00:00:00+00:00,92947.65,3027.5973,19.447529940179727,0.6804576088315454,0.5919477600273987,0.3573347088329203,Bullish (>51%),0.0,1.0,0.0,1.0,89455.83508797117,89369.64630687173,0.0390339535547901,62.66765369876462,0.40504327281806374,0.02023676238145411,0.3573347088329203
2026-01-06 00:00:00+00:00,93955.99,692.80516,17.98937258786111,0.3573347088329203,0.4158114526745153,-0.5379906317164707,Bearish (<49%),0.7818314824680298,0.6234898018587336,0.0,1.0,90148.16661289868,89709.37546932568,0.04223960985753965,65.19027289268992,0.3207531186829119,0.010848472231412165,-0.5379906317164707
2026-01-07 00:00:00+00:00,92531.14,1346.98867,18.64610356261181,-0.5379906317164707,0.3561128765841809,-0.4259562744324634,Bearish (<49%),0.9749279121818236,-0.2225209339563143,0.0,1.0,90514.77790322196,89918.39506419044,0.02227660657725892,59.11188954292152,0.45012656017642977,-0.01516507888427343,-0.4259562744324634
2026-01-08 00:00:00+00:00,91429.1,441.50844,17.512222000938653,-0.4259562744324634,0.593416243639646,-0.1100904566038814,Bullish (>51%),0.4338837391175582,-0.900968867902419,0.0,1.0,90655.4428411878,90030.29913350966,0.008534039816754433,54.85188794144226,0.4731601321933499,-0.011909936481923733,-0.1100904566038814
2026-01-09 00:00:00+00:00,91179.27,275.94622,17.040980657549664,-0.1100904566038814,0.5551276621944669,-0.2191130196947426,Bullish (>51%),-0.433883739117558,-0.9009688679024191,0.0,1.0,90736.03163485121,90115.40808658302,0.004884921206743026,53.90350477389437,0.4801933275759575,-0.0027324998277353796,-0.2191130196947426
2026-01-10 00:00:00+00:00,90641.3,186.04417,16.640385099568118,-0.2191130196947426,0.4435611177711185,-0.0390851952902147,Bearish (<49%),-0.9749279121818236,-0.2225209339563146,0.0,1.0,90721.45753718179,90154.36304313243,-0.0008835565406225613,51.82555810044578,0.4532231971151462,-0.005900134975855842,-0.0390851952902147
2026-01-11 00:00:00+00:00,90580.62,173.37959,16.569602207915896,-0.0390851952902147,0.443383214829381,0.3177530309976635,Bearish (<49%),-0.7818314824680299,0.6234898018587334,0.0,1.0,90699.7902237692,90185.93763253003,-0.0013138974574825163,51.5840094101576,0.430282103917061,-0.0006694520047705321,0.3177530309976635
2026-01-12 00:00:00+00:00,91459.11,1359.07543,18.63595721792352,0.3177530309976635,0.5453655357451351,-0.043432607512747,Bullish (>51%),0.0,1.0,0.0,1.0,90816.60865088164,90280.24669678706,0.007074711979042021,54.86390920239245,0.341441534684755,0.009698432181188377,-0.043432607512747
2026-01-13 00:00:00+00:00,91386.33,452.97734,17.53906904397114,-0.043432607512747,0.4808667250330888,1.5337011095687765,Bearish (<49%),0.7818314824680298,0.6234898018587336,0.0,1.0,90904.25808920753,90362.17879332135,0.005303072935476718,54.5342984305512,0.28151395108835314,-0.0007957654519051838,1.5337011095687765
2026-01-14 00:00:00+00:00,95501.24,962.32813,18.33517355165773,1.5337011095687765,0.480953424898844,0.3519207382927926,Bearish (<49%),0.9749279121818236,-0.2225209339563143,0.0,1.0,91611.48607548329,90742.84999381607,0.042459238367902365,66.7113840355996,0.6520951967556877,0.04502763159435341,0.3519207382927926
2026-01-15 00:00:00+00:00,96522.26,1022.32629,18.4094149476876,0.3519207382927926,0.5101948420009819,-0.3634361465115259,Bullish (>51%),0.4338837391175582,-0.900968867902419,0.0,1.0,92366.98975617817,91170.95443871857,0.044986528789024344,68.93466378454083,0.6030511443131912,0.010691170083236612,-0.3634361465115259
2026-01-16 00:00:00+00:00,95548.02,342.77509,17.305301316878694,-0.3634361465115259,0.4885697207460437,-0.0412159231379692,Bearish (<49%),-0.433883739117558,-0.9009688679024191,0.0,1.0,92856.37902445845,91495.18151733202,0.02898714125857278,64.50750585734764,0.6354144042486798,-0.010093423009365776,-0.0412159231379692
2026-01-17 00:00:00+00:00,95478.14,177.31737,16.644867545488307,-0.0412159231379692,0.4155283264126915,-0.1790806635900936,Bearish (<49%),-0.9749279121818236,-0.2225209339563146,0.0,1.0,93259.72686684947,91790.21547901114,0.0237874719096899,64.18907139070743,0.6182619801326241,-0.0007313600009712928,-0.1790806635900936
2026-01-18 00:00:00+00:00,95025.86,342.12338,17.297446750142665,-0.1790806635900936,0.3342810128907297,-0.9051362133472104,Bearish (<49%),-0.7818314824680299,0.6234898018587334,0.0,1.0,93531.43965656494,92029.89285093624,0.01597773271663921,62.05396973045365,0.6311201216189816,-0.004737000532268443,-0.9051362133472104
2026-01-19 00:00:00+00:00,92571.11,4741.41051,19.90132749414909,-0.9051362133472104,0.48529297034017,0.0718225317940725,Bearish (<49%),0.0,1.0,0.0,1.0,93383.69663247802,92069.98301012615,-0.008701589911096015,51.95320260853575,0.7577671278544426,-0.02583244182162625,0.0718225317940725
2026-01-20 00:00:00+00:00,92807.44,429.77081,17.49975092501067,0.0718225317940725,0.5133447057514213,-1.426620928369427,Bullish (>51%),0.7818314824680298,0.6234898018587336,0.0,1.0,93295.04176594295,92124.6094538205,-0.005226448873523592,52.7506045967734,0.7566379226023264,0.002552956316500987,-1.426620928369427
2026-01-21 00:00:00+00:00,89003.81,1326.88396,18.58401885047684,-1.426620928369427,0.5678740965411927,0.4299391709544779,Bullish (>51%),0.9749279121818236,-0.2225209339563143,0.0,1.0,92634.85226349019,91893.43912390788,-0.039197366593321376,40.96630540183209,0.6140586830305739,-0.04098410644663841,0.4299391709544779
2026-01-22 00:00:00+00:00,90157.12,581.65775,17.77194409036623,0.4299391709544779,0.6621471647201469,-0.2036943747146165,Bullish (>51%),0.4338837391175582,-0.900968867902419,0.0,1.0,92253.66268449169,91764.82289250729,-0.022725847662676425,44.97987129704027,0.6295609321649445,0.012957984607625095,-0.2036943747146165
2026-01-23 00:00:00+00:00,89665.57,327.91478,17.195784647050576,-0.2036943747146165,0.4777837400314801,-0.0514539007401605,Bearish (<49%),-0.433883739117558,-0.9009688679024191,0.0,1.0,91855.49457918528,91609.3226782475,-0.02384097531909122,43.61871004547919,0.631665232745944,-0.0054521484271014,-0.0514539007401605
2026-01-24 00:00:00+00:00,89573.32,175.17206,16.567824388383123,-0.0514539007401605,0.4305807672753292,-0.1645683554355471,Bearish (<49%),-0.9749279121818236,-0.2225209339563146,0.0,1.0,91504.39079777215,91458.50766504397,-0.02110358618790086,43.353555275001646,0.6309181613074266,-0.0010288229919243053,-0.1645683554355471
2026-01-25 00:00:00+00:00,89186.78,197.03963,16.682608259454184,-0.1645683554355471,0.4295345053175343,-0.6258247810159754,Bearish (<49%),-0.7818314824680299,0.6234898018587334,0.0,1.0,91147.83529042259,91290.23154170738,-0.0215151054786339,42.196080616538374,0.6314952429170944,-0.004315347471769537,-0.6258247810159754
2026-01-26 00:00:00+00:00,87606.65,1401.65571,18.620191258208152,-0.6258247810159754,0.5530991843924354,0.2987473045814527,Bullish (>51%),0.0,1.0,0.0,1.0,90603.0375534345,91017.37364972907,-0.033071601508584465,37.7581497062079,0.5963069584330413,-0.01771708766702873,0.2987473045814527
2026-01-27 00:00:00+00:00,88407.92,440.47616,17.476403615651506,0.2987473045814527,0.3352805064410296,0.3346417793815235,Bearish (<49%),0.7818314824680298,0.6234898018587336,0.0,1.0,90265.32716059842,90824.08078678617,-0.020577194134506996,41.13885914751392,0.6242300864963642,0.009146223488742056,0.3346417793815235
2026-01-28 00:00:00+00:00,89308.72,420.72243,17.4421235842916,0.3346417793815235,0.4785211950786651,-0.194520674171217,Bearish (<49%),0.9749279121818236,-0.2225209339563143,0.0,1.0,90118.15682819867,90711.83183961683,-0.008981950549008444,44.77071772748378,0.376146219261955,0.01018913237637542,-0.194520674171217
2026-01-29 00:00:00+00:00,88845.6,822.13499,18.10796014668892,-0.194520674171217,0.3677667581086654,-2.504553994829483,Bearish (<49%),0.4338837391175582,-0.900968867902419,0.0,1.0,89922.37885462964,90573.59244408966,-0.011974537021205576,43.291761390965924,0.3289814563139676,-0.005185607855537455,-2.504553994829483
2026-01-30 00:00:00+00:00,82421.77,6331.57957,20.076964191995053,-2.504553994829483,0.3815848104393324,0.647164079624747,Bearish (<49%),-0.433883739117558,-0.9009688679024191,0.0,1.0,88768.43903084047,89969.75374452746,-0.07149690926338659,28.98768071390502,0.9768634320691346,-0.07230329920671363,0.647164079624747
2026-01-31 00:00:00+00:00,84009.99,726.80922,17.928780601593008,0.647164079624747,0.3753495312015992,-2.237046158396779,Bearish (<49%),-0.9749279121818236,-0.2225209339563146,0.0,1.0,88036.3699491727,89528.28976345136,-0.04573541539135819,34.72978460058971,1.0529625991080316,0.019269423600099866,-2.237046158396779
2026-02-01 00:00:00+00:00,78588.75,2910.90641,19.25174554087158,-2.237046158396779,0.4678137968716074,-0.4255853248604032,Bearish (<49%),-0.7818314824680299,0.6234898018587334,0.4999999999999999,0.8660254037844387,86582.88995699228,88717.95348467719,-0.09232932697168174,26.77201918233837,1.2720128584049473,-0.06453089686119473,-0.4255853248604032
2026-02-02 00:00:00+00:00,77653.61,3155.83553,19.314862182153465,-0.4255853248604032,0.5425494623289193,0.5577220999583115,Bullish (>51%),0.0,1.0,0.4999999999999999,0.8660254037844387,85209.15457899348,87898.3724858122,-0.08867057320688562,25.678995051764147,1.2738905250947121,-0.01189915859458257,0.5577220999583115
2026-02-03 00:00:00+00:00,78948.15,1872.20642,18.80996527261936,0.5577220999583115,0.4741011410483252,-1.041095230010307,Bearish (<49%),0.7818314824680298,0.6234898018587336,0.4999999999999999,0.8660254037844387,84245.92310530216,87235.3930424187,-0.062884622899559,29.943055362271323,1.307094819619982,0.016670699533479327,-1.041095230010307
2026-02-04 00:00:00+00:00,76596.86,1533.90235,18.576920832779184,-1.041095230010307,0.4556158871521384,-1.8348130982216937,Bearish (<49%),0.9749279121818236,-0.2225209339563143,0.4999999999999999,0.8660254037844387,83069.14416602491,86447.35355779508,-0.07791441974036925,26.921776040706632,1.2549981144278213,-0.02978271181781955,-1.8348130982216937
2026-02-05 00:00:00+00:00,72549.17,2739.73865,19.1108527804984,-1.8348130982216937,0.4990740229912076,-3.4812226792248397,Neutral,0.4338837391175582,-0.900968867902419,0.4999999999999999,0.8660254037844387,81450.68660202109,85417.85847943989,-0.10928718925986573,22.67937617838497,1.2883081912796985,-0.05284407219825982,-3.4812226792248397
2026-02-06 00:00:00+00:00,65244.9,21255.74668,21.00392400846641,-3.4812226792248397,0.5012283572246637,2.6314946235027805,Neutral,-0.433883739117558,-0.9009688679024191,0.4999999999999999,0.8660254037844387,78957.48866324862,83923.56525874064,-0.17367052695574456,17.36233257625034,1.5143805272372999,-0.10068026967090038,2.6314946235027805
2026-02-07 00:00:00+00:00,70263.79,2568.17104,19.00811625290508,2.6314946235027805,0.4357510783238175,-0.4287986508175904,Bearish (<49%),-0.9749279121818236,-0.2225209339563146,0.4999999999999999,0.8660254037844387,77619.99656121037,82911.73005438948,-0.0947720547167165,29.57909818919309,2.0055830293552646,0.07692386684629748,-0.4287986508175904
2026-02-08 00:00:00+00:00,69421.15,1247.66731,18.273770242130723,-0.4287986508175904,0.5195991790471772,0.4592010311843312,Bullish (>51%),-0.7818314824680299,0.6234898018587334,0.4999999999999999,0.8660254037844387,76358.6355517934,81912.42782813842,-0.09085397482106354,28.809035662205304,1.908702427055905,-0.01199252132570705,0.4592010311843312
2026-02-09 00:00:00+00:00,70379.73,1984.88943,18.7561261082601,0.4592010311843312,0.5168272320337763,0.0065830915991868,Bullish (>51%),0.0,1.0,0.4999999999999999,0.8660254037844387,75438.80392844057,81058.15391494299,-0.06706195836879238,31.009436143453627,1.9490851913052791,0.013808183817179742,0.0065830915991868
2026-02-10 00:00:00+00:00,70426.0,1148.51137,18.20395864354229,0.0065830915991868,0.4838100993288382,-0.635206180729008,Bearish (<49%),0.7818314824680298,0.6234898018587336,0.4999999999999999,0.8660254037844387,74667.6033240651,80270.58695828055,-0.05680647476598526,31.12010493090365,1.9124650675530375,0.0006574336105011902,-0.635206180729008
2026-02-11 00:00:00+00:00,69159.06,766.23891,17.784346302794916,-0.635206180729008,0.52974247940502,-0.7745069120514018,Bullish (>51%),0.9749279121818236,-0.2225209339563143,0.4999999999999999,0.8660254037844387,73820.13512036277,79447.5108872968,-0.06314097248349587,29.71455610757549,1.9003935936657108,-0.017989662908584947,-0.7745069120514018
2026-02-12 00:00:00+00:00,67635.0,1096.86327,18.121083274201567,-0.7745069120514018,0.4786420644753653,-0.6471540949377097,Bearish (<49%),0.4338837391175582,-0.900968867902419,0.4999999999999999,0.8660254037844387,72868.57587107619,78572.51008083037,-0.07182212371401041,28.072040284651933,1.8136604214921521,-0.022037025951480493,-0.6471540949377097
2026-02-13 00:00:00+00:00,66394.79,1521.70042,18.42862197931129,-0.6471540949377097,0.5301025940441023,1.34223264092395,Bullish (>51%),-0.433883739117558,-0.9009688679024191,0.4999999999999999,0.8660254037844387,71872.60881398755,77670.4567415096,-0.07621566691929355,26.775016587460755,1.2033466396383792,-0.018336807865750093,1.34223264092395
2026-02-14 00:00:00+00:00,69015.03,760.98959,17.77627304571305,1.34223264092395,0.5158892515205102,0.2951283094266915,Bullish (>51%),-0.9749279121818236,-0.2225209339563146,0.4999999999999999,0.8660254037844387,71432.98130414331,77029.31401991629,-0.03384922846560601,33.74051961025822,0.7695150810365385,0.039464542323275786,0.2951283094266915
2026-02-15 00:00:00+00:00,69639.0,675.77483,17.667169779399764,0.2951283094266915,0.4018289938380807,-0.5082326116399136,Bearish (<49%),-0.7818314824680299,0.6234898018587334,0.4999999999999999,0.8660254037844387,71156.98418042895,76481.88335177433,-0.02133289090189482,35.31842553451722,0.7660992568432639,0.009041074096468593,-0.5082326116399136
2026-02-16 00:00:00+00:00,68643.13,606.97237,17.547718651145523,-0.5082326116399136,0.4895111123427249,0.0224632752474209,Bearish (<49%),0.0,1.0,0.4999999999999999,0.8660254037844387,70770.23738343987,75901.2349553466,-0.03005652463640895,33.92963762894324,0.7580645203227532,-0.014300463820560272,0.0224632752474209
2026-02-17 00:00:00+00:00,68719.93,810.90182,17.83825948838317,0.0224632752474209,0.5330051423487987,-0.8307898061487724,Bullish (>51%),0.7818314824680298,0.6234898018587336,0.4999999999999999,0.8660254037844387,70454.80547829528,75369.28644013575,-0.024623948168159306,34.14470204716669,0.7585705418004136,0.0011188300999676049,-0.8307898061487724
2026-02-18 00:00:00+00:00,67093.17,678.76731,17.635754934297303,-0.8307898061487724,0.4459685160736453,-0.1492351201353521,Bearish (<49%),0.9749279121818236,-0.2225209339563143,0.4999999999999999,0.8660254037844387,69937.63078932678,74756.24077790348,-0.040671391884794544,31.78462634561673,0.7835015386839987,-0.02367231747762255,-0.1492351201353521
2026-02-19 00:00:00+00:00,66833.53,669.76562,17.613229554699092,-0.1492351201353521,0.5901441313156682,0.1817991796266028,Bullish (>51%),0.4338837391175582,-0.900968867902419,0.4999999999999999,0.8660254037844387,69460.07682173804,74169.37331287359,-0.037813762119480454,31.411442117790642,0.7355806665062044,-0.003869842489183317,0.1817991796266028
2026-02-20 00:00:00+00:00,67217.71,857.36634,17.87024676110942,0.1817991796266028,0.5520379071564671,0.3844829479293315,Bullish (>51%),-0.433883739117558,-0.9009688679024191,0.4999999999999999,0.8660254037844387,69115.09731070141,73654.43528969777,-0.027452573815701282,32.67110830224962,0.6922414953472728,0.005748312261824484,0.3844829479293315
2026-02-21 00:00:00+00:00,67999.94,751.87688,17.74840896272983,0.3844829479293315,0.5556199174524424,0.0599125579747678,Bullish (>51%),-0.9749279121818236,-0.2225209339563146,0.4999999999999999,0.8660254037844387,68943.53464751659,73235.58378675718,-0.013686484923362904,35.27752191702416,0.44480028805355937,0.011637260477930456,0.0599125579747678
2026-02-22 00:00:00+00:00,68150.01,547.55499,17.432569801704133,0.0599125579747678,0.5418415235335542,-1.8909751984437813,Bullish (>51%),-0.7818314824680299,0.6234898018587334,0.4999999999999999,0.8660254037844387,68821.45393251404,72858.87461736776,-0.009756317167789793,35.79107033816149,0.41933508508423467,0.002206913711982672,-1.8909751984437813
2026-02-23 00:00:00+00:00,64437.48,7705.59217,20.03922463819559,-1.8909751984437813,0.4974760466722183,-0.0798080397441133,Neutral,0.0,1.0,0.4999999999999999,0.8660254037844387,68146.99640443495,72235.06760867385,-0.05443404111928742,29.545425517864814,0.7924328245813961,-0.0544758540754432,-0.0798080397441133
2026-02-24 00:00:00+00:00,64318.1,2737.05759,18.98505164178041,-0.0798080397441133,0.4694052747351948,0.8239756932721467,Bearish (<49%),0.7818314824680298,0.6234898018587336,0.4999999999999999,0.8660254037844387,67557.93541913727,71648.6255635869,-0.04795640066613872,29.367956473497387,0.786037693880094,-0.0018526484896679296,0.8239756932721467
2026-02-25 00:00:00+00:00,65887.89,3018.20086,19.102621351473488,0.8239756932721467,0.5447612389852675,1.2809039359368124,Bullish (>51%),0.9749279121818236,-0.2225209339563143,0.4999999999999999,0.8660254037844387,67301.00535465461,71221.9044107286,-0.020996942723335996,34.904961488428896,0.8567119029969624,0.024406660022606497,1.2809039359368124
2026-02-26 00:00:00+00:00,68370.72,1674.36214,18.55431188088385,1.2809039359368124,0.5538693797746765,-0.5902798611544922,Bullish (>51%),0.4338837391175582,-0.900968867902419,0.4999999999999999,0.8660254037844387,67465.5768385539,71010.70556548945,0.013416370301140746,42.57292365652713,1.0003080734696541,0.03768264547551903,-0.5902798611544922
2026-02-27 00:00:00+00:00,67230.0,1188.09183,18.19541785739956,-0.5902798611544922,0.4349321887012723,-0.7259908448749712,Bearish (<49%),-0.433883739117558,-0.9009688679024191,0.4999999999999999,0.8660254037844387,67429.33424800714,70730.65330137912,-0.002956194810911031,40.22826242344936,1.0329274317849888,-0.016684335048687493,-0.7259908448749712
2026-02-28 00:00:00+00:00,65843.22,493.19169,17.296691930805178,-0.7259908448749712,0.5366071962810242,0.6976114404232776,Bullish (>51%),-0.9749279121818236,-0.2225209339563146,0.4999999999999999,0.8660254037844387,67185.31667139067,70368.62120498066,-0.019976041460889153,37.522721229928464,1.04888555170286,-0.020627398482820136,0.6976114404232776
2026-03-01 00:00:00+00:00,67208.49,2167.49578,18.79167503619579,0.6976114404232776,0.5498735088656089,-0.3148459341514159,Bullish (>51%),-0.7818314824680299,0.6234898018587334,0.8660254037844386,0.5000000000000001,67188.88179886903,70134.53741201913,0.00029183699156766306,41.68113410680422,1.0977567336803278,0.02073516453174684,-0.3148459341514159
2026-03-02 00:00:00+00:00,66625.01,1833.27929,18.618458867460017,-0.3148459341514159,0.5344262575507521,1.1728613868718716,Bullish (>51%),0.0,1.0,0.8660254037844386,0.5000000000000001,67102.13229135072,69874.57241853623,-0.007110389417717839,40.44224380018134,0.7764326676483446,-0.00868164126288229,1.1728613868718716
2026-03-03 00:00:00+00:00,68926.47,1001.44827,18.050455240653456,1.1728613868718716,0.5904646377790438,-0.2075106478767876,Bullish (>51%),0.7818314824680298,0.6234898018587336,0.8660254037844386,0.5000000000000001,67382.79963114292,69804.34260975577,0.022908967530396777,47.118858158327285,0.8535684208118013,0.034543484496287524,-0.2075106478767876
2026-03-04 00:00:00+00:00,68543.03,1831.35805,18.644098639389615,-0.2075106478767876,0.4989923898278657,2.015797931321498,Neutral,0.9749279121818236,-0.2225209339563143,0.8660254037844386,0.5000000000000001,67561.29661096708,69710.91204607015,0.01453100278234676,46.18980039196298,0.8440452977775308,-0.005563029703972933,2.015797931321498
2026-03-05 00:00:00+00:00,72589.46,1646.9902,18.602692165714902,2.015797931321498,0.486883279572641,-0.6972144030001641,Bearish (<49%),0.4338837391175582,-0.900968867902419,0.8660254037844386,0.5000000000000001,68334.86020927984,69924.13782043532,0.06226104476822204,56.04036896125529,1.028300444413638,0.05903488655228695,-0.6972144030001641
2026-03-06 00:00:00+00:00,71152.82,1651.57947,18.57798557403266,-0.6972144030001641,0.5232121951721767,-1.4194257964739785,Bullish (>51%),-0.433883739117558,-0.9009688679024191,0.8660254037844386,0.5000000000000001,68768.39248477525,70015.1513152179,0.034673305992322705,52.3744979938493,1.044271353038333,-0.019791303034903396,-1.4194257964739785
2026-03-07 00:00:00+00:00,68251.56,914.9311,17.949272002977466,-1.4194257964739785,0.5060558549162882,-0.4810627208598214,Neutral,-0.9749279121818236,-0.2225209339563146,0.8660254037844386,0.5000000000000001,68688.87979480982,69884.51492149805,-0.0063666753063407544,45.85142280165322,1.1794441652400454,-0.04077505290724959,-0.4810627208598214
2026-03-08 00:00:00+00:00,67329.41,1095.93084,18.115867801938634,-0.4810627208598214,0.5990303822456534,-0.4689472800464523,Bullish (>51%),-0.7818314824680299,0.6234898018587334,0.8660254037844386,0.5000000000000001,68479.73059560831,69695.24789027596,-0.01679797197803349,43.97662675712157,1.177062752817821,-0.013511046487435507,-0.4689472800464523
2026-03-09 00:00:00+00:00,66443.42,3121.96979,19.14958846757177,-0.4689472800464523,0.4520199345042348,1.2761518923055644,Bearish (<49%),0.0,1.0,0.8660254037844386,0.5000000000000001,68166.4520424378,69454.37175025552,-0.025276833263452047,42.19162204537753,1.18555696132112,-0.013159034068470299,1.2761518923055644
2026-03-10 00:00:00+00:00,68938.01,1749.50504,18.607580553628924,1.2761518923055644,0.6015134772061017,0.4945089924026836,Bullish (>51%),0.7818314824680298,0.6234898018587336,0.8660254037844386,0.5000000000000001,68285.15326667814,69416.12273171807,0.009560742007449432,48.52673302158058,1.2032754480058214,0.037544575520043866,0.4945089924026836
2026-03-11 00:00:00+00:00,69960.64,1605.20311,18.537613303363823,0.4945089924026836,0.531729358535818,-0.0488282677616216,Bullish (>51%),0.9749279121818236,-0.2225209339563143,0.8660254037844386,0.5000000000000001,68542.92045641996,69456.4573441834,0.02068367577774037,50.90209833616884,1.2120737550742122,0.014834051635665313,-0.0488282677616216
2026-03-12 00:00:00+00:00,69894.0,1213.14052,18.258732261068754,-0.0488282677616216,0.4524456078674216,0.8191158899245291,Bearish (<49%),0.4338837391175582,-0.900968867902419,0.8660254037844386,0.5000000000000001,68750.77884773997,69488.86791128093,0.016628482926598978,50.73778179065084,0.8726716981311956,-0.0009525355971585769,0.8191158899245291
2026-03-13 00:00:00+00:00,71590.01,3722.68653,19.39875847319238,0.8191158899245291,0.5206961033058026,-0.3569947946393812,Bullish (>51%),-0.433883739117558,-0.9009688679024191,0.8660254037844386,0.5000000000000001,69187.58364039536,69644.50806600085,0.034723374241414806,54.742011315249194,0.913631759192705,0.024265459123816058,-0.3569947946393812
2026-03-14 00:00:00+00:00,70880.82,1319.8759,18.351838624188204,-0.3569947946393812,0.3917599601598908,0.1635489615485167,Bearish (<49%),-0.9749279121818236,-0.2225209339563146,0.8660254037844386,0.5000000000000001,69448.08154187299,69736.08672777857,0.020630353298718002,52.80901105532516,0.6961440567897897,-0.00990627044192327,0.1635489615485167
